graph_type,node,degree,in_degree,out_degree,betweenness,eigenvector,community
hashtags,hashtag:016,17.0,,,0.0,0.0037927760925267483,1
hashtags,hashtag:08demarzo,13.0,,,0.0,0.006524945572132704,1
hashtags,hashtag:100nightsofhero,4.0,,,0.0,0.0019667667962288394,3
hashtags,hashtag:100percentauthentic,17.0,,,0.0,4.262662288912499e-05,8
hashtags,hashtag:1189jona,23.0,,,0.0,0.006190230292524388,11
hashtags,hashtag:132,23.0,,,0.0,0.006190230292524389,11
hashtags,hashtag:132scale,23.0,,,0.0,0.006190230292524389,11
hashtags,hashtag:14y7elpodcast,4.0,,,0.0,0.0009056238312791107,0
hashtags,hashtag:15denoviembre,5.0,,,0.0,0.0008264981812978617,7
hashtags,hashtag:16d,5.0,,,0.0,0.005113350500232006,1
hashtags,hashtag:17dejunio,12.0,,,0.0,0.001459759038167514,4
hashtags,hashtag:1984georgeorwell,29.0,,,0.0,0.004103743162719225,7
hashtags,hashtag:19denoviembre,55.0,,,0.00010161609440637911,0.043197434776389446,1
hashtags,hashtag:19denoviembrediadelhombre,29.0,,,1.4253386586836302e-07,0.006712454774005588,11
hashtags,hashtag:19n,48.0,,,0.0001563839645080962,0.03063174660567805,1
hashtags,hashtag:19nov,76.0,,,0.0014579220072412984,0.05958394654596493,1
hashtags,hashtag:19nov2021,22.0,,,2.5944087906753534e-06,0.025124484108065004,1
hashtags,hashtag:19november,41.0,,,0.00010410773359075802,0.04001828413400074,1
hashtags,hashtag:19noviembre,41.0,,,0.00010410773359075802,0.04001828413400074,1
hashtags,hashtag:19oct,18.0,,,0.0,0.023152525853182615,1
hashtags,hashtag:2025,5.0,,,0.0,0.00043882413510848455,39
hashtags,hashtag:22n,19.0,,,0.0,0.005561757948636211,1
hashtags,hashtag:247,2.0,,,0.0,3.3375268509752726e-05,8
hashtags,hashtag:24deabril,4.0,,,0.0,0.0005254096737874539,1
hashtags,hashtag:25n,1.0,,,0.0,0.0009708232193681271,1
hashtags,hashtag:28s,29.0,,,0.0,0.019259517887252185,1
hashtags,hashtag:2x1,27.0,,,0.0,0.001773875977352313,6
hashtags,hashtag:3,0.0,,,0.0,2.101736988012748e-50,75
hashtags,hashtag:33leyes,3.0,,,0.0,0.00014127274427172375,0
hashtags,hashtag:3dmask,4.0,,,0.0,0.00259081400442417,2
hashtags,hashtag:3dprint,4.0,,,0.0,0.00259081400442417,2
hashtags,hashtag:3j,9.0,,,1.3915453711743958e-05,0.004631332647699875,3
hashtags,hashtag:4,0.0,,,0.0,2.101736988012748e-50,76
hashtags,hashtag:48leyesdelpoder,12.0,,,4.9921349863422906e-05,0.002722890211309558,0
hashtags,hashtag:4admi,4.0,,,0.0,0.0011799736943010548,5
hashtags,hashtag:4b,9.0,,,0.0,0.004433500534153567,3
hashtags,hashtag:72,12.0,,,0.0,0.00824661313547253,1
hashtags,hashtag:7diciembre,2.0,,,0.0,0.0013984310126703703,1
hashtags,hashtag:8demarzo2023,17.0,,,0.0,0.0037927760925267483,1
hashtags,hashtag:8m,79.0,,,0.003517386851818241,0.05023202886993401,1
hashtags,hashtag:8marzo,57.0,,,0.0013989334352663247,0.0470047674787719,1
hashtags,hashtag:9s,16.0,,,2.74137469472469e-06,0.0024729340321767808,1
hashtags,hashtag:9sdiainternacionaldelasfalsasdenuncias,23.0,,,0.0,0.0028668686243035085,1
hashtags,hashtag:9sep,21.0,,,0.0,0.025786262284153597,1
hashtags,hashtag:a,34.0,,,0.0004106926830477886,0.039403786791535056,1
hashtags,hashtag:abajoelpatriarcado,3.0,,,0.0,0.003971112108025176,1
hashtags,hashtag:abcdelamujeremprendedora,4.0,,,0.0,0.001758213262202191,0
hashtags,hashtag:abetterman,4.0,,,0.0,0.001382647266861868,2
hashtags,hashtag:abogac,7.0,,,0.0,0.0014690313509788274,4
hashtags,hashtag:abogada,3.0,,,0.0,0.001086264614498205,3
hashtags,hashtag:abogadaamba,15.0,,,0.0,0.004516416371008142,3
hashtags,hashtag:abogadacaba,15.0,,,0.0,0.004516416371008142,3
hashtags,hashtag:abogadadefamilia,10.0,,,0.0,0.004292438486276846,31
hashtags,hashtag:abogadadefamilias,15.0,,,0.0,0.004516416371008142,3
hashtags,hashtag:abogadafeminista,4.0,,,0.0,0.002105052096415373,3
hashtags,hashtag:abogadamardelplata,15.0,,,0.0,0.004516416371008142,3
hashtags,hashtag:abogadapenalista,11.0,,,2.8958309625981126e-06,0.000938315037852947,4
hashtags,hashtag:abogadaperuana,9.0,,,0.0,0.0006890940902538127,4
hashtags,hashtag:abogadaprovinciadebuenosaires,15.0,,,0.0,0.004516416371008142,3
hashtags,hashtag:abogadas,4.0,,,0.0,0.0011704511426442333,4
hashtags,hashtag:abogadasespaña,27.0,,,0.0,0.006196224240590878,1
hashtags,hashtag:abogadodefamilia,28.0,,,1.3563319952435714e-05,0.0054326938908300934,1
hashtags,hashtag:abogadodefensor,8.0,,,0.0,0.0006728690493714174,4
hashtags,hashtag:abogadoespa,13.0,,,0.0,0.0006675454152084491,4
hashtags,hashtag:abogadopenalista,28.0,,,4.246817635792798e-06,0.0010257721661815105,4
hashtags,hashtag:abogadoperu,12.0,,,0.0,0.0006322967190862024,4
hashtags,hashtag:abogados,33.0,,,5.8198530000328104e-05,0.0027543173063568236,4
hashtags,hashtag:abogadosalbacete,11.0,,,0.0,0.0007361528632317574,4
hashtags,hashtag:abogadosbarcelona,15.0,,,0.0,0.0011408961846148455,4
hashtags,hashtag:abogadoscatalunya,15.0,,,0.0,0.0011408961846148455,4
hashtags,hashtag:abogadoschile,13.0,,,0.0,0.0006314891326085328,4
hashtags,hashtag:abogadoscolombia,4.0,,,0.0,0.0005492714409651924,4
hashtags,hashtag:abogadosdefamilia,29.0,,,0.0,0.008643739604943006,1
hashtags,hashtag:abogadosdeinmigraci,16.0,,,0.0,0.004993598619449174,23
hashtags,hashtag:abogadosenbadajoz,4.0,,,0.0,0.00036654908117766916,4
hashtags,hashtag:abogadosespa,26.0,,,3.1512379190949134e-05,0.0020046178019808843,4
hashtags,hashtag:abogadosfamiliares,5.0,,,0.0,0.003972689906596277,1
hashtags,hashtag:abogadosguadalajara,10.0,,,0.0,0.005835780435078432,1
hashtags,hashtag:abogadosmonfortgio,15.0,,,0.0,0.0011408961846148455,4
hashtags,hashtag:abogadosmonfortgiordana,9.0,,,1.4043363713192391e-05,0.0024042427133553965,4
hashtags,hashtag:abogadospanama,4.0,,,0.0,0.0005492714409651924,4
hashtags,hashtag:abogadospenalistas,15.0,,,0.0,0.0011408961846148455,4
hashtags,hashtag:abogadosperu,8.0,,,0.0,0.0006728690493714174,4
hashtags,hashtag:abogadostarragona,15.0,,,0.0,0.0011408961846148455,4
hashtags,hashtag:abolici,3.0,,,0.0,0.0034456998708672615,1
hashtags,hashtag:aborto,3.0,,,0.0,0.0034550471845041404,1
hashtags,hashtag:abortolegal,49.0,,,0.00021314450025807123,0.02358217940301563,1
hashtags,hashtag:abortolegalseguroygratuito,4.0,,,0.0,0.0037970168737230764,1
hashtags,hashtag:aborton,4.0,,,0.0,0.0009447663455593791,1
hashtags,hashtag:absoluci,4.0,,,0.0,0.0010299055590465137,4
hashtags,hashtag:absolucion,9.0,,,2.9284958941066636e-06,0.0013240032371435123,4
hashtags,hashtag:abuelaspaternas,11.0,,,0.0,0.004932204582862263,36
hashtags,hashtag:abuelos,3.0,,,0.0,0.0015772654612231523,1
hashtags,hashtag:abundancia,58.0,,,0.0006463744795532516,0.019415110113077064,0
hashtags,hashtag:abundanciayexito,4.0,,,0.0,0.0009250738685891716,0
hashtags,hashtag:abusesurvivor,16.0,,,0.0,0.004993598619449174,23
hashtags,hashtag:abusivas,8.0,,,0.0,0.0031137321860211743,46
hashtags,hashtag:abuso,55.0,,,0.001628632796248189,0.03004052940269883,1
hashtags,hashtag:abusodelderecho,12.0,,,0.0,0.002799423021331456,1
hashtags,hashtag:abusodelsistema,35.0,,,5.000194923777324e-05,0.007881315363067186,1
hashtags,hashtag:abusodom,16.0,,,0.0,0.004993598619449174,23
hashtags,hashtag:abusonotieneg,16.0,,,0.0,0.004993598619449174,23
hashtags,hashtag:abusosexual,28.0,,,8.71181885563569e-05,0.027569194510027616,1
hashtags,hashtag:abusosexualdemenores,4.0,,,0.0,0.0018718325253722075,3
hashtags,hashtag:abutrini,3.0,,,0.0,0.0035278220425536016,1
hashtags,hashtag:abyagval,9.0,,,1.0231755816858584e-05,0.0018151249868346385,2
hashtags,hashtag:acaoerealizacao,16.0,,,0.0,0.002476636839678265,2
hashtags,hashtag:acariguacity,2.0,,,0.0,0.0012295242418909717,0
hashtags,hashtag:acciondetutela,19.0,,,0.0,0.001693421732041801,4
hashtags,hashtag:accountability,18.0,,,3.254758027494427e-05,0.005686804626457913,7
hashtags,hashtag:accseedi,33.0,,,2.468639214840551e-06,0.018654190571881387,1
hashtags,hashtag:accseequidaddiversidadeinclusi,33.0,,,2.468639214840551e-06,0.018654190571881387,1
hashtags,hashtag:aceptatusimperfecciones,15.0,,,0.0,0.010162456787188632,0
hashtags,hashtag:acompa,6.0,,,0.0,0.0017842657815314807,2
hashtags,hashtag:acordabrasil,4.0,,,0.0,0.0010162168137283706,2
hashtags,hashtag:acosoverbal,8.0,,,0.0,0.003783027597036679,3
hashtags,hashtag:acosoverbalcallejero,8.0,,,0.0,0.003783027597036679,3
hashtags,hashtag:actitudalfa,19.0,,,0.0,0.011231217699393366,0
hashtags,hashtag:actitudganadora,79.0,,,0.00029329420331780805,0.03756619960746201,0
hashtags,hashtag:actitudmasculina,19.0,,,0.0,0.0012963095226286245,6
hashtags,hashtag:actitudpositiva,81.0,,,0.0009917682982523528,0.03325965050545041,0
hashtags,hashtag:activadorzemt,4.0,,,7.739004467246366e-06,0.0006854377844479471,6
hashtags,hashtag:activatupoder,19.0,,,0.0,0.002274614306889274,0
hashtags,hashtag:activelifestyle,17.0,,,0.0,9.986825658988697e-05,8
hashtags,hashtag:activismoautista,11.0,,,0.0,0.0018868279476051868,2
hashtags,hashtag:activismofeminista,26.0,,,0.0,0.014959570888893518,1
hashtags,hashtag:actualidad,4.0,,,0.0,0.0010263883004303722,4
hashtags,hashtag:actualidadpolitica,19.0,,,0.0,0.0006034092771935408,4
hashtags,hashtag:acuarelas,4.0,,,0.0,0.0020247397591102684,1
hashtags,hashtag:acusa,16.0,,,0.0001697459223032537,0.0024093298285366442,4
hashtags,hashtag:acusaciones,11.0,,,0.0,0.005154410303266304,3
hashtags,hashtag:acusacionesfalsas,22.0,,,0.0,0.023213650445376526,1
hashtags,hashtag:acusados,22.0,,,0.0,0.023213650445376526,1
hashtags,hashtag:adi,4.0,,,0.0,0.00040095851077941457,6
hashtags,hashtag:adivitamais,4.0,,,0.0,0.0006791368325276917,6
hashtags,hashtag:admiraci,4.0,,,0.0,0.0013747056615865513,0
hashtags,hashtag:admiravelmundonovo,29.0,,,0.0,0.004103743162719225,7
hashtags,hashtag:adolescencia,17.0,,,0.0,0.0064498333144806935,2
hashtags,hashtag:adolescentes,4.0,,,0.0,0.0014042357024828778,2
hashtags,hashtag:adopcion,10.0,,,0.0,0.005835780435078432,1
hashtags,hashtag:adorni,12.0,,,0.0,0.002799423021331456,1
hashtags,hashtag:adultboutique,7.0,,,0.0,0.000651496805350993,43
hashtags,hashtag:advan,4.0,,,0.0,3.444285738063328e-05,8
hashtags,hashtag:adversariodeldogma,4.0,,,0.0,0.0004262557926161035,0
hashtags,hashtag:adviceformen,16.0,,,0.0,0.005476698057000226,5
hashtags,hashtag:advogadaleitora,21.0,,,0.0,0.004768598764886373,3
hashtags,hashtag:aestetic,11.0,,,0.0,0.001387112464300672,5
hashtags,hashtag:aesthetic,52.0,,,0.0010476897575160415,0.03959451958121098,1
hashtags,hashtag:aestheticlook,4.0,,,0.0,0.0012764914747362879,5
hashtags,hashtag:aestheticreels,29.0,,,0.0,0.006437785019358633,5
hashtags,hashtag:afaseleccion,4.0,,,0.0,0.0023888512544513857,69
hashtags,hashtag:afelpado,32.0,,,1.0436703253370697e-06,0.001891081663786306,6
hashtags,hashtag:afeto,6.0,,,1.1210359581485968e-06,0.002915112908172356,2
hashtags,hashtag:afis,12.0,,,0.0,0.0006322967190862024,4
hashtags,hashtag:aflcio,9.0,,,0.0,3.713652007067306e-05,8
hashtags,hashtag:africanamerican,17.0,,,0.0,0.003383799656707563,7
hashtags,hashtag:afrogoth,4.0,,,0.0,3.437684820214778e-05,8
hashtags,hashtag:afterwork,17.0,,,0.0,9.986825658988697e-05,8
hashtags,hashtag:agenciaemocional,4.0,,,0.0,0.0028042730592660503,2
hashtags,hashtag:agendaespaña,29.0,,,0.0,0.008643739604943006,1
hashtags,hashtag:agendaonline,6.0,,,0.0,0.000908007273399044,6
hashtags,hashtag:aggressive,3.0,,,0.0,0.0011585192454271283,1
hashtags,hashtag:agradeceadios,4.0,,,0.0,0.0012661674830273496,0
hashtags,hashtag:agresi,3.0,,,0.0,0.001086264614498205,3
hashtags,hashtag:agresionsexual,16.0,,,0.0,0.0022279635750243497,4
hashtags,hashtag:agroecolog,8.0,,,0.0,0.004672105553110154,3
hashtags,hashtag:agua,12.0,,,0.0,0.002370476573597174,3
hashtags,hashtag:aguedaacosta_oficial,4.0,,,0.0,0.0015676338420763946,0
hashtags,hashtag:ahorram,27.0,,,0.0,0.001773875977352313,6
hashtags,hashtag:ai,6.0,,,0.0011631694902655002,0.0023233699561565476,8
hashtags,hashtag:aiads,3.0,,,0.0,6.698819627367348e-05,8
hashtags,hashtag:aiart,18.0,,,0.00014036043957372875,0.005155473802281092,5
hashtags,hashtag:aiedit,9.0,,,0.0,0.001617500033262051,5
hashtags,hashtag:aiexgf,4.0,,,0.0,0.002430470879397691,5
hashtags,hashtag:aigirl,4.0,,,0.0,0.002430470879397691,5
hashtags,hashtag:aiphotography,9.0,,,0.0,0.001617500033262051,5
hashtags,hashtag:aislamientosocial,7.0,,,0.0,0.005446919642970583,2
hashtags,hashtag:ajuda,11.0,,,0.0,0.001485626643091797,3
hashtags,hashtag:al3xflores,4.0,,,0.0,0.0006049749521676937,1
hashtags,hashtag:alanalial,4.0,,,0.0,0.0011052152051098066,3
hashtags,hashtag:albacete,11.0,,,0.0,0.0007361528632317574,4
hashtags,hashtag:albertacanada,4.0,,,0.0,0.0023888512544513857,59
hashtags,hashtag:albertod,4.0,,,0.0,0.0033881493048383126,0
hashtags,hashtag:albertodavila,4.0,,,0.0,0.0033881493048383126,0
hashtags,hashtag:alcaldiaduitama,19.0,,,0.0,0.001693421732041801,4
hashtags,hashtag:alfa,46.0,,,0.0035631008708407064,0.027955709189269685,1
hashtags,hashtag:alfaenunarelacion,17.0,,,0.0,0.0011604940604247997,25
hashtags,hashtag:alfaixz,4.0,,,0.0,0.0014242716507348956,5
hashtags,hashtag:alfamenspower,4.0,,,0.0,0.0006791368325276917,6
hashtags,hashtag:alfamentoring,9.0,,,0.0,0.007879564339259968,0
hashtags,hashtag:alfamindset,22.0,,,0.0003822443689764685,0.0023047464470064604,2
hashtags,hashtag:alfareal,19.0,,,0.0,0.002274614306889274,0
hashtags,hashtag:alfas,34.0,,,0.00010860957390234034,0.015262217547229815,0
hashtags,hashtag:alfasacademy,19.0,,,1.1574679266745172e-05,0.010609944401803224,0
hashtags,hashtag:alfaseductor,81.0,,,0.0026420289996668092,0.015045674174942297,0
hashtags,hashtag:alfasenproceso,60.0,,,0.001493508286255466,0.020698985179846054,0
hashtags,hashtag:alfasmf,4.0,,,0.0,0.00332013150625032,6
hashtags,hashtag:alfatips,11.0,,,4.5599986334740055e-06,0.0018542536708551663,0
hashtags,hashtag:aliade,4.0,,,0.0,0.0017590984631538171,1
hashtags,hashtag:aliadosfeministas,14.0,,,0.0,0.018307875410866627,1
hashtags,hashtag:alienacaoparental,14.0,,,0.0,0.00205797905363505,4
hashtags,hashtag:alienaci,21.0,,,0.00016479559615317017,0.013009263682412796,1
hashtags,hashtag:alienacionparental,56.0,,,0.00023617326159778624,0.011685939691722944,1
hashtags,hashtag:alienacionparentalesmaltratoinfantil,4.0,,,0.0,0.0005220621069712348,1
hashtags,hashtag:aliengod,10.0,,,0.0,0.0025579670246815064,7
hashtags,hashtag:alineacionparental,29.0,,,0.0,0.008643739604943006,1
hashtags,hashtag:allein,5.0,,,0.0,0.0025245591064974467,11
hashtags,hashtag:alllivesmatter,13.0,,,0.0,0.009361664786056809,1
hashtags,hashtag:alone,7.0,,,3.2070119820381673e-07,0.002491181755309113,41
hashtags,hashtag:alonebutstrong,19.0,,,0.0,0.002796844692480317,5
hashtags,hashtag:alpha,8.0,,,5.518820746306873e-06,0.0025144508391882494,5
hashtags,hashtag:alphamale,58.0,,,0.0004112306774569738,0.05450531816688568,1
hashtags,hashtag:alphamalestrategies,29.0,,,0.0,0.008368770534187487,5
hashtags,hashtag:alphamindset,17.0,,,0.0010186618215196383,0.004623668850340841,5
hashtags,hashtag:altapasteler,20.0,,,0.0,0.0060388951014323025,3
hashtags,hashtag:altapasteleria,20.0,,,0.0,0.0060388951014323025,3
hashtags,hashtag:altapasteleriariquettfood,20.0,,,0.0,0.0060388951014323025,3
hashtags,hashtag:altaperformance,17.0,,,0.0003937912298512593,0.0012380135361398966,6
hashtags,hashtag:altaperformancefeminina,20.0,,,0.0,0.0028099638933050727,2
hashtags,hashtag:altentico,1.0,,,0.0,0.00038380112509786357,6
hashtags,hashtag:altorendimiento,4.0,,,0.0,0.0009549637169436159,0
hashtags,hashtag:altosestandares,4.0,,,0.0,0.001940641292760825,0
hashtags,hashtag:altovalor,9.0,,,0.0,0.002786969398596382,2
hashtags,hashtag:alwaysinstyle,4.0,,,0.0,3.4384050916656445e-05,8
hashtags,hashtag:amamosanuestrospeludos,32.0,,,1.0436703253370697e-06,0.001891081663786306,6
hashtags,hashtag:amandome,28.0,,,0.0,0.0056091645620098786,9
hashtags,hashtag:ambici,7.0,,,0.0,0.0008824444601974013,0
hashtags,hashtag:amenazas,5.0,,,0.0,0.0005575641590383607,4
hashtags,hashtag:amentiratradwife,4.0,,,0.0,0.0036422599163671537,10
hashtags,hashtag:americannatural,14.0,,,3.858019248810073e-06,0.0006397449507336494,6
hashtags,hashtag:americanpyschoedit,3.0,,,0.0,0.0011585192454271283,1
hashtags,hashtag:americanwoman,29.0,,,0.0,0.005411935865336084,10
hashtags,hashtag:americanwomen,29.0,,,0.0,0.005411935865336084,10
hashtags,hashtag:amistadesreales,4.0,,,0.0,0.0006436603930289373,2
hashtags,hashtag:amizade,3.0,,,0.0,0.0034905400780107995,3
hashtags,hashtag:amoamifamilia,32.0,,,1.0436703253370697e-06,0.001891081663786306,6
hashtags,hashtag:amoamiperro,32.0,,,1.0436703253370697e-06,0.001891081663786306,6
hashtags,hashtag:amolacos,4.0,,,0.0,0.0013052609219118454,3
hashtags,hashtag:amoleer,12.0,,,0.0,0.001928918875273023,21
hashtags,hashtag:amor,85.0,,,0.0045739543921079215,0.02774024808649806,2
hashtags,hashtag:amoradios,28.0,,,0.0,0.0056091645620098786,9
hashtags,hashtag:amoralavida,11.0,,,0.0,0.0013090598238143186,28
hashtags,hashtag:amoraloshombres,27.0,,,0.0,0.03801431712513509,1
hashtags,hashtag:amorbonito,4.0,,,0.0,0.0013033282887341816,0
hashtags,hashtag:amorconconsciencia,4.0,,,0.0,0.0008783343014819567,0
hashtags,hashtag:amorconsciente,32.0,,,0.0005471853965113969,0.007052190502377336,0
hashtags,hashtag:amorcrudo,9.0,,,0.0,0.009048098985099715,1
hashtags,hashtag:amordepadre,9.0,,,4.700893613092985e-05,0.005166606662578947,1
hashtags,hashtag:amordepap,4.0,,,0.0,0.001014630758601906,47
hashtags,hashtag:amordepareja,8.0,,,0.0,0.002809326105896497,0
hashtags,hashtag:amordeperdi,4.0,,,0.0,0.0011024483593433901,3
hashtags,hashtag:amores,15.0,,,0.0,0.004898145520281152,2
hashtags,hashtag:amorincondicional,3.0,,,0.0,0.001112742683062013,1
hashtags,hashtag:amorinfinito,4.0,,,0.0,0.0006941842170917422,2
hashtags,hashtag:amorporlivros,21.0,,,0.0,0.004768598764886373,3
hashtags,hashtag:amorporlosperros,32.0,,,1.0436703253370697e-06,0.001891081663786306,6
hashtags,hashtag:amorpr,39.0,,,0.0007881273252853787,0.006772845973586038,0
hashtags,hashtag:amorprop,4.0,,,0.0,0.001617355043648165,0
hashtags,hashtag:amorpropio,181.0,,,0.013778027062425379,0.04550269434517991,0
hashtags,hashtag:amorpropiofemenino,13.0,,,2.8661382617920825e-05,0.002760524458424553,0
hashtags,hashtag:amorpropiomasculino,50.0,,,0.0002832184158693241,0.021052202534796175,0
hashtags,hashtag:amorpropiomujeres,4.0,,,0.0,0.0015974710642871197,0
hashtags,hashtag:amorpropioreal,4.0,,,0.0,0.002008011380466472,0
hashtags,hashtag:amorproprio,29.0,,,0.0008314415310822109,0.008117226676408809,1
hashtags,hashtag:amorsano,8.0,,,7.74746497604875e-05,0.002274855071372653,0
hashtags,hashtag:amorsincontrol,3.0,,,0.0,0.0012114864278518736,3
hashtags,hashtag:amorverdadero,4.0,,,0.0,0.002083001658213613,0
hashtags,hashtag:amoryrelaciones,19.0,,,0.0,0.003907469947536529,0
hashtags,hashtag:amparo,4.0,,,0.0,0.0005264878569119313,4
hashtags,hashtag:an,18.0,,,0.0,0.0017670106243526805,4
hashtags,hashtag:anacampagnolo,2.0,,,0.0,0.0030520837678116005,1
hashtags,hashtag:analisisjuridico,14.0,,,1.214443665574823e-06,0.0006425671678630838,4
hashtags,hashtag:anamayaespacioparasanar,4.0,,,0.0,0.0030425202402992557,1
hashtags,hashtag:anavid,27.0,,,7.023709656757658e-05,0.009614590849040686,1
hashtags,hashtag:ancestras,13.0,,,0.0,0.006524945572132704,1
hashtags,hashtag:androbalance,4.0,,,0.0,0.0006382558579733211,6
hashtags,hashtag:andropausa,20.0,,,0.0,0.0038796869927010987,2
hashtags,hashtag:andropausia,20.0,,,0.0,0.0038796869927010987,2
hashtags,hashtag:androsfera,102.0,,,0.0004305204192042603,0.07476941223167068,1
hashtags,hashtag:angeles,4.0,,,0.0,0.0008584027642688567,6
hashtags,hashtag:angelescanalyvida,4.0,,,0.0,0.0008584027642688567,6
hashtags,hashtag:angelmartineztuservidor,2.0,,,0.0,0.0005098699208407678,0
hashtags,hashtag:angola,6.0,,,0.0,0.0007539810662175623,2
hashtags,hashtag:angradosreis,4.0,,,0.0,3.1318321645449824e-32,54
hashtags,hashtag:animalorasset,18.0,,,1.4524830263913287e-05,0.0035707732047226375,5
hashtags,hashtag:anonymousforthevoiceless,7.0,,,3.2070119820381673e-07,0.0024365150820698377,7
hashtags,hashtag:ansiedad,25.0,,,0.0,0.012079522828123652,2
hashtags,hashtag:ansiedadcontrolada,5.0,,,0.0,0.0027353771981339153,0
hashtags,hashtag:ansiedade,7.0,,,0.0,0.0026551752456634354,2
hashtags,hashtag:ansiedadensilencio,19.0,,,0.0,0.0035953798256476025,0
hashtags,hashtag:ansiedades,10.0,,,0.0,0.002422610524477237,2
hashtags,hashtag:ansiedadhombres,9.0,,,1.738360319158642e-05,0.0034975855600594768,2
hashtags,hashtag:ansiedadrelacional,10.0,,,0.0,0.0031026035748864807,2
hashtags,hashtag:ansiedadsocial,27.0,,,5.658158559021243e-05,0.005907066949104446,0
hashtags,hashtag:antecesoras,13.0,,,0.0,0.006524945572132704,1
hashtags,hashtag:antiage,4.0,,,0.0,0.00040095851077941457,6
hashtags,hashtag:antibetas,31.0,,,8.708458837391047e-08,0.04035210686189633,1
hashtags,hashtag:anticonceptivos,14.0,,,0.0,0.018307875410866627,1
hashtags,hashtag:antifeminazi,12.0,,,0.0,0.004090898829666081,1
hashtags,hashtag:antifeminism,44.0,,,0.00030326606359816873,0.03003825134397291,1
hashtags,hashtag:antifeminismo,238.0,,,0.03279191274553196,0.04984208622516425,1
hashtags,hashtag:antifeminismobr,2.0,,,0.0,0.0007210884883510526,1
hashtags,hashtag:antifeminista,19.0,,,0.00033113644948216963,0.006850072364615646,1
hashtags,hashtag:antifraud,3.0,,,0.0,3.386525887699783e-05,8
hashtags,hashtag:antiguagrecia,3.0,,,0.0,0.0010862646144982051,3
hashtags,hashtag:antiilluminati,4.0,,,0.0,0.0031979408302734423,2
hashtags,hashtag:antilgbt,4.0,,,0.0,0.0007425743389739816,60
hashtags,hashtag:antiotaorio,4.0,,,0.0,0.0024634398565561355,2
hashtags,hashtag:antiotario,4.0,,,0.0,0.0024634398565561355,2
hashtags,hashtag:antipatriarcado,14.0,,,0.0,0.0019052939707934083,27
hashtags,hashtag:antiprogre,5.0,,,0.0,0.0008264981812978617,7
hashtags,hashtag:antisistema,5.0,,,1.114248897328914e-05,0.003212432995967324,2
hashtags,hashtag:antiwoke,11.0,,,0.0001701216295655724,0.005633067702170194,7
hashtags,hashtag:antropologia,4.0,,,0.0,0.00110244835934339,3
hashtags,hashtag:ao,6.0,,,0.0,0.0011417989853095224,3
hashtags,hashtag:apelacion,16.0,,,4.751128862278766e-09,0.0006174723871294468,4
hashtags,hashtag:apoio,11.0,,,0.0,0.001485626643091797,3
hashtags,hashtag:apostlepaul,10.0,,,0.0,0.0025579670246815064,7
hashtags,hashtag:apoyo,7.0,,,1.3570510563987647e-06,0.004308982767975717,1
hashtags,hashtag:apoyoentrehombres,3.0,,,0.0,0.0007706540373006452,2
hashtags,hashtag:apoyomutuo,29.0,,,0.0,0.014871641971113308,0
hashtags,hashtag:apoyoonline,28.0,,,0.0,0.00610954442222753,2
hashtags,hashtag:apoyopsicologico,28.0,,,0.0,0.00610954442222753,2
hashtags,hashtag:appelaudax,4.0,,,0.0,0.0005560661124059377,4
hashtags,hashtag:apple,4.0,,,0.0,0.001175780482457537,61
hashtags,hashtag:aprende,12.0,,,0.0,0.0010833842559587544,0
hashtags,hashtag:aprendesiempre,8.0,,,0.0,0.002809326105896497,0
hashtags,hashtag:aprendizajeconstante,15.0,,,0.0,0.009231185029280796,0
hashtags,hashtag:aprovadonoteste,5.0,,,0.0,0.0004842451019978793,2
hashtags,hashtag:aqu,25.0,,,0.0,0.012079522828123652,2
hashtags,hashtag:aquarius,4.0,,,0.0,0.001175780482457537,61
hashtags,hashtag:aquiyahora,25.0,,,0.0,0.012079522828123652,2
hashtags,hashtag:aragon,4.0,,,0.0,0.0019651856648359605,1
hashtags,hashtag:archivofiscal,4.0,,,0.0,0.0005492714409651924,4
hashtags,hashtag:argentina,51.0,,,0.002067957208428981,0.01854866308465032,1
hashtags,hashtag:armon,18.0,,,0.0,0.004136009932878651,2
hashtags,hashtag:aromadecampe,14.0,,,0.0,0.0006489787209430508,12
hashtags,hashtag:aromadeleyenda,15.0,,,0.0,0.0005768915918664897,12
hashtags,hashtag:aromadetriunfo,15.0,,,0.0,0.0005768915918664897,12
hashtags,hashtag:aromadevictoria,14.0,,,0.0,0.0006489787209430508,12
hashtags,hashtag:aromainolvidable,9.0,,,0.0,0.00019519176001668058,13
hashtags,hashtag:arquetipos,4.0,,,0.0,0.002245822028164141,0
hashtags,hashtag:arquitecruraydise,4.0,,,0.0,0.00014337824123401982,0
hashtags,hashtag:arquitecto,4.0,,,0.0,0.00014337824123401982,0
hashtags,hashtag:arquitecturadelcaracter,18.0,,,0.0,0.0015978474948075776,0
hashtags,hashtag:arrestado,16.0,,,0.0,0.00045050941568459984,4
hashtags,hashtag:art,8.0,,,0.001280520520246819,0.0030040115511128164,8
hashtags,hashtag:artedasedu,49.0,,,0.0001788526697441295,0.0039613657179673805,2
hashtags,hashtag:artedaseduc,26.0,,,0.0,0.002208318808576678,2
hashtags,hashtag:artedelaseduccion,165.0,,,0.016106094409568228,0.026092915066773525,0
hashtags,hashtag:artedeseducci,28.0,,,0.0,0.012811568554774716,0
hashtags,hashtag:artedeseducir,16.0,,,1.0620600922291099e-05,0.005933900662749793,0
hashtags,hashtag:artepastelero,20.0,,,0.0,0.0060388951014323025,3
hashtags,hashtag:artist,18.0,,,1.3362549925159032e-08,0.0015714466323830585,22
hashtags,hashtag:artofseduction,29.0,,,0.0,0.008368770534187487,5
hashtags,hashtag:artofseductionbook,29.0,,,0.0,0.010932546935428578,5
hashtags,hashtag:ascofapsi,2.0,,,0.0,0.0013930649189458516,2
hashtags,hashtag:asesor,5.0,,,0.0,0.003972689906596277,1
hashtags,hashtag:asesoramientolegal,28.0,,,3.565424112619689e-05,0.0027920977230150705,4
hashtags,hashtag:asesorascostarica,3.0,,,0.0,0.0013497398429525688,3
hashtags,hashtag:asesorialegal,19.0,,,2.2793203949121023e-05,0.0017320802904495405,4
hashtags,hashtag:asg,28.0,,,0.0,0.016369158989479785,1
hashtags,hashtag:asi,3.0,,,0.0,0.001086264614498205,3
hashtags,hashtag:asimetriapenal,10.0,,,0.0,0.001340015962515795,4
hashtags,hashtag:asistenciaevolutiva,9.0,,,0.0,0.009048098985099715,1
hashtags,hashtag:aspiranteapolicia,21.0,,,0.0,0.0007781466895648228,17
hashtags,hashtag:assiniboinepark,4.0,,,0.0,0.0023888512544513857,73
hashtags,hashtag:asthe,4.0,,,0.0,0.0019499157477817835,5
hashtags,hashtag:astheticvibes,2.0,,,0.0,0.0011502745556698653,5
hashtags,hashtag:astroligiapsicologicamasculina,4.0,,,0.0,0.001531382805402425,0
hashtags,hashtag:astrologiecommunity,5.0,,,0.0,3.488970728540945e-05,8
hashtags,hashtag:astrology,2.0,,,0.0,0.0023197309051741903,1
hashtags,hashtag:astroturfing,17.0,,,0.0,0.003383799656707563,7
hashtags,hashtag:asuncionparaguay,18.0,,,0.0,0.00022765996402525633,13
hashtags,hashtag:atanta,17.0,,,0.0,0.003383799656707563,7
hashtags,hashtag:atitude,9.0,,,0.0,0.0008395988809653016,2
hashtags,hashtag:atitudedehomem,28.0,,,0.0,0.0024344948045167316,2
hashtags,hashtag:atitudemasculina,14.0,,,0.0,0.0015853214606499715,2
hashtags,hashtag:ativoultra,3.0,,,0.0,0.000627891943584698,6
hashtags,hashtag:atlantacomedy,4.0,,,0.0,0.0024383596167615314,7
hashtags,hashtag:atlfringe2026,4.0,,,0.0,0.0024383596167615314,7
hashtags,hashtag:atra,99.0,,,0.0023843255608669064,0.008827584240117689,2
hashtags,hashtag:atracaomasculina,18.0,,,0.0,0.0011372225496390457,2
hashtags,hashtag:atracci,28.0,,,0.00013996294057313534,0.015808744318613618,0
hashtags,hashtag:atraccion,109.0,,,0.0029634710519983293,0.03789107872815072,0
hashtags,hashtag:atraccionnatural,19.0,,,0.0,0.00872518971770655,0
hashtags,hashtag:atraccionreal,13.0,,,6.277642001834207e-05,0.006610170712225536,0
hashtags,hashtag:atrae,28.0,,,0.0,0.012811568554774716,0
hashtags,hashtag:atraerconconfianza,9.0,,,0.0,0.0010153052432572403,6
hashtags,hashtag:atraerella,9.0,,,0.0,0.0010153052432572403,6
hashtags,hashtag:atraermujeres,19.0,,,0.0,0.004270595091589306,0
hashtags,hashtag:atrair,23.0,,,0.0,0.0041737011620494304,2
hashtags,hashtag:atrairmulheres,21.0,,,0.0,0.0017937342915913827,2
hashtags,hashtag:attitude,43.0,,,0.0003472876682656501,0.005311763574744174,5
hashtags,hashtag:attitudeboy,7.0,,,3.2070119820381673e-07,0.0012478683409172216,5
hashtags,hashtag:attitudeking,7.0,,,5.246708049238587e-06,0.0013511984694087008,5
hashtags,hashtag:attitudestatus,4.0,,,0.0,0.001175780482457537,68
hashtags,hashtag:auditoriaya,3.0,,,0.0,0.0007065858618671167,4
hashtags,hashtag:aumentopeniano,20.0,,,0.0,0.000974078637967859,6
hashtags,hashtag:aura,7.0,,,1.2557128161853634e-06,0.002432994505297498,1
hashtags,hashtag:ausenciayamor,12.0,,,0.0,0.00076277592856839,21
hashtags,hashtag:autenticidad,62.0,,,0.0010895982730830776,0.018030827659767896,0
hashtags,hashtag:autenticidadfemenina,19.0,,,0.0,0.005140422313732875,0
hashtags,hashtag:autenticidadmasculina,9.0,,,0.0,0.0017151205965123594,53
hashtags,hashtag:authenticity,6.0,,,2.138007988025445e-07,3.533706977501695e-05,8
hashtags,hashtag:authenticityguaranteed,17.0,,,0.0,4.262662288912499e-05,8
hashtags,hashtag:authenticitymatters,4.0,,,0.0,3.4369850946267235e-05,8
hashtags,hashtag:authenticonly,4.0,,,0.0,3.4369850946267235e-05,8
hashtags,hashtag:authorlife,18.0,,,1.4524830263913287e-05,0.0035707732047226375,5
hashtags,hashtag:autismo,11.0,,,0.0,0.0018868279476051868,2
hashtags,hashtag:autismoadulto,11.0,,,0.0,0.0018868279476051868,2
hashtags,hashtag:autoaceptacion,23.0,,,0.0,0.015358500437588558,0
hashtags,hashtag:autobotcashacademy,4.0,,,0.0,0.001267229750523494,49
hashtags,hashtag:autoconcepto,4.0,,,0.0,0.0012885235067206515,6
hashtags,hashtag:autoconciencia,24.0,,,0.00022159164605503728,0.010288943407635342,0
hashtags,hashtag:autoconfian,52.0,,,0.00012100064226002751,0.004610862774830046,2
hashtags,hashtag:autoconfianc,26.0,,,0.0,0.002208318808576678,2
hashtags,hashtag:autoconfianza,40.0,,,9.941513254117811e-06,0.0201276747761475,0
hashtags,hashtag:autoconhecimento,66.0,,,0.0024618800760828094,0.012833335216794748,2
hashtags,hashtag:autoconocimiento,46.0,,,0.0010951588887228142,0.013986415756099782,0
hashtags,hashtag:autoconocimientomasculino,19.0,,,0.0,0.004319598470167964,2
hashtags,hashtag:autocontrol,73.0,,,0.0004448533528928583,0.031146496559327826,0
hashtags,hashtag:autocontrole,23.0,,,0.0,0.0041737011620494304,2
hashtags,hashtag:autocontrolemocional,19.0,,,0.0,0.00872518971770655,0
hashtags,hashtag:autocuidadomasculino,42.0,,,0.0002181210669650302,0.020288161832992004,0
hashtags,hashtag:autodefensacostarica,12.0,,,0.0,0.001949424387950765,3
hashtags,hashtag:autodefensafeminista,12.0,,,0.0,0.001949424387950765,3
hashtags,hashtag:autodefensahol,12.0,,,0.0,0.001949424387950765,3
hashtags,hashtag:autodesenvolvimento,21.0,,,0.0,0.0017937342915913827,2
hashtags,hashtag:autodisciplina,96.0,,,0.002447983453693403,0.029908539041535186,0
hashtags,hashtag:autodisciplinareal,19.0,,,2.5662841972993394e-06,0.002053164774866413,0
hashtags,hashtag:autodominio,26.0,,,5.151854857550115e-06,0.01228142895533357,0
hashtags,hashtag:autoescola,3.0,,,0.0,0.00047002412054392823,2
hashtags,hashtag:autoestima,185.0,,,0.01868525599597449,0.09105679027805053,1
hashtags,hashtag:autoestimaalta,4.0,,,0.0,0.0012990502719438242,0
hashtags,hashtag:autoestimaenelamor,19.0,,,0.0,0.003907469947536529,0
hashtags,hashtag:autoestimafemenina,25.0,,,8.888777911410645e-05,0.006533757245320429,0
hashtags,hashtag:autoestimamasculina,84.0,,,0.003733285054639738,0.0582957064576484,1
hashtags,hashtag:autoexigencia,4.0,,,0.0,0.003702895368174866,3
hashtags,hashtag:autogobierno,4.0,,,0.0,0.00017351782731386017,0
hashtags,hashtag:autograph,4.0,,,0.0,0.002377802392978628,7
hashtags,hashtag:autojuicio,25.0,,,0.0,0.012079522828123652,2
hashtags,hashtag:automejora,15.0,,,0.0,0.00803343350061178,0
hashtags,hashtag:automejoraconstante,29.0,,,0.0,0.009003900771292924,0
hashtags,hashtag:automejoradiaria,15.0,,,0.0,0.009231185029280796,0
hashtags,hashtag:automejoramasculina,40.0,,,1.0265927619974258e-05,0.022062977226113913,0
hashtags,hashtag:autonom,17.0,,,0.0003783781461723745,0.0026926405971612606,3
hashtags,hashtag:autonomiafeminina,4.0,,,0.0,0.003911198691483071,2
hashtags,hashtag:autopublica,17.0,,,0.0,0.0014349044918028685,2
hashtags,hashtag:autora,5.0,,,0.0,0.0005686478559902894,2
hashtags,hashtag:autorespeto,28.0,,,4.360859476485518e-05,0.012563522191736046,0
hashtags,hashtag:autorindependente,17.0,,,0.0,0.0014349044918028685,2
hashtags,hashtag:autorrespeito,19.0,,,0.0,0.0008356462349161245,2
hashtags,hashtag:autosuperacion,60.0,,,4.968763770229335e-05,0.027936583466971227,0
hashtags,hashtag:autosuperacionconstante,15.0,,,0.0,0.00810295716721476,0
hashtags,hashtag:autosuperacionmasculina,38.0,,,2.4869304437105925e-05,0.017420984731540218,0
hashtags,hashtag:autovalor,20.0,,,0.0,0.0028099638933050727,2
hashtags,hashtag:autovaloracion,23.0,,,0.0,0.015358500437588558,0
hashtags,hashtag:avagrupojp,4.0,,,0.0,0.0016834136286060892,6
hashtags,hashtag:aventurasolo,17.0,,,0.0,0.0006709707327352851,2
hashtags,hashtag:avilegen,20.0,,,2.0567447056422912e-05,0.005394357859423778,1
hashtags,hashtag:avistamento,4.0,,,0.0,3.1318321645449824e-32,54
hashtags,hashtag:awake,4.0,,,0.0,0.0023680213306714066,2
hashtags,hashtag:awareness,19.0,,,0.0,0.003490090842055938,5
hashtags,hashtag:ayudahombres,19.0,,,0.0,0.004319598470167964,2
hashtags,hashtag:ayudamental,28.0,,,0.0,0.0056091645620098786,9
hashtags,hashtag:ayudaonline,28.0,,,0.0,0.00610954442222753,2
hashtags,hashtag:ayudapsicologica,28.0,,,0.0,0.00610954442222753,2
hashtags,hashtag:ayudas,4.0,,,0.0,0.003021556905104549,1
hashtags,hashtag:azulejoilustrado,3.0,,,0.0,0.0034456998708672615,3
hashtags,hashtag:b,4.0,,,0.0,0.0031777869773716248,1
hashtags,hashtag:bacalhau,4.0,,,0.0,0.0024328031201270254,2
hashtags,hashtag:badalona,12.0,,,0.0,0.001459759038167514,4
hashtags,hashtag:badchoices,24.0,,,2.927298464762091e-06,0.00685487686542331,7
hashtags,hashtag:badshahmindset,4.0,,,0.0,0.0012998724737979892,5
hashtags,hashtag:badwomen,39.0,,,7.474266524215881e-06,0.007708727259121298,7
hashtags,hashtag:bagcollector,17.0,,,0.0,4.262662288912499e-05,8
hashtags,hashtag:bailandolavida,5.0,,,0.0,0.0008708769721625466,50
hashtags,hashtag:baleares,16.0,,,0.0,0.0005852067064686101,4
hashtags,hashtag:bali,4.0,,,0.0,0.0023903533916311286,41
hashtags,hashtag:banglaroadphuket,4.0,,,0.0,0.002328704372627087,7
hashtags,hashtag:barba,4.0,,,0.0,0.002390353391631129,41
hashtags,hashtag:barcelona,15.0,,,0.0,0.0011408961846148455,4
hashtags,hashtag:bariloche,14.0,,,0.0,0.0022665130931418874,1
hashtags,hashtag:baristamemes,29.0,,,0.0,0.005411935865336084,10
hashtags,hashtag:basta,2.0,,,0.0,0.0011028225550656062,1
hashtags,hashtag:bastadeamenzasaltribunal,13.0,,,0.0,0.0019112266825293998,1
hashtags,hashtag:bastadecalumnias,13.0,,,0.0,0.0019112266825293998,1
hashtags,hashtag:bastadecondenasinjustas,13.0,,,0.0,0.0019112266825293998,1
hashtags,hashtag:bastadefalsasdenuciascontradocentes,17.0,,,1.8334090620614083e-06,0.0031458452024444,1
hashtags,hashtag:bastadefalsasdenuncias,88.0,,,0.0011864586678003008,0.01811612182272583,1
hashtags,hashtag:bastadefalsasdenunciasdegenero,13.0,,,0.0,0.009361664786056809,1
hashtags,hashtag:bastadefalsasdenunciasdeviolenciadegenero,17.0,,,1.8334090620614083e-06,0.0031458452024444,1
hashtags,hashtag:bastadefalsasdenunciasparentales,17.0,,,1.8334090620614083e-06,0.0031458452024444,1
hashtags,hashtag:bastadefalsassoluciones,10.0,,,0.0,0.0022012147730053615,1
hashtags,hashtag:bastadeinjurias,13.0,,,0.0,0.0019112266825293998,1
hashtags,hashtag:bastadeinjusticias,29.0,,,2.4366271741474835e-06,0.003028093339019544,1
hashtags,hashtag:bastadejusticialenta,13.0,,,0.0,0.0019112266825293998,1
hashtags,hashtag:bastademanipulaci,14.0,,,0.0,0.002555674077892905,1
hashtags,hashtag:bastadementir,14.0,,,0.0,0.002555674077892905,1
hashtags,hashtag:bastadementiras,39.0,,,2.1756280293228043e-05,0.00419411487662271,1
hashtags,hashtag:bastadepatra,3.0,,,0.0,0.0033971201057247553,1
hashtags,hashtag:bastaya,23.0,,,0.00034762303866425824,0.007983028700587178,1
hashtags,hashtag:batallacultural,6.0,,,1.5020895787455643e-05,0.003299478567449655,1
hashtags,hashtag:bato,7.0,,,0.0,0.002562309160838242,0
hashtags,hashtag:bcequipped,4.0,,,0.0,3.444285738063328e-05,8
hashtags,hashtag:bcorps,37.0,,,3.1171444793852836e-05,0.009053587385922735,9
hashtags,hashtag:bearapp,24.0,,,1.146448990450448e-07,0.0011899213989411512,6
hashtags,hashtag:beard,22.0,,,0.0,0.0010613990045446394,6
hashtags,hashtag:beardating,28.0,,,6.778669294684197e-07,0.0012496235786019186,6
hashtags,hashtag:beardgang,4.0,,,0.0,0.0012680326586088464,5
hashtags,hashtag:bearmassage,22.0,,,0.0,0.001825321740391951,20
hashtags,hashtag:bears,25.0,,,4.5010694484746216e-08,0.0011115977531460798,6
hashtags,hashtag:bearsite,24.0,,,1.146448990450448e-07,0.0011899213989411512,6
hashtags,hashtag:beastmode,4.0,,,0.0,0.0017775132895288732,5
hashtags,hashtag:beautiful,22.0,,,0.0,0.004773118116429363,5
hashtags,hashtag:beb,3.0,,,0.0,0.0009999525914569812,47
hashtags,hashtag:becomebetter,55.0,,,3.049137842749733e-05,0.015507629106219833,5
hashtags,hashtag:beingawoman,18.0,,,0.0,0.002054793708970469,3
hashtags,hashtag:belajarbahasajepang,7.0,,,0.0,0.0012307947418456222,45
hashtags,hashtag:belfort,5.0,,,0.0,0.0026649509873707244,1
hashtags,hashtag:belleza,6.0,,,0.0,0.0007481661143702082,0
hashtags,hashtag:bellhooks,25.0,,,0.00017011157959389797,0.009678640629890538,1
hashtags,hashtag:bemestarmasculino,6.0,,,0.0,0.0007958127526568995,6
hashtags,hashtag:bendiciones,4.0,,,0.0,0.0012940324084563869,0
hashtags,hashtag:berlin,5.0,,,0.0,0.0025245591064974467,11
hashtags,hashtag:berserk,8.0,,,0.0,0.001901967057591504,0
hashtags,hashtag:berthellinger,9.0,,,0.0,0.003623953124380509,0
hashtags,hashtag:beso,5.0,,,0.0,0.00043882413510848455,39
hashtags,hashtag:bestiadigital,5.0,,,0.0,0.0032380938398275214,0
hashtags,hashtag:beta,16.0,,,0.0,0.024482650098993388,1
hashtags,hashtag:betamale,62.0,,,3.615501756897377e-05,0.06176426559228281,1
hashtags,hashtag:betamasculino,0.0,,,0.0,2.101736988012748e-50,77
hashtags,hashtag:bethechange,30.0,,,1.4037832650528009e-05,0.008131243179446851,9
hashtags,hashtag:betterman,16.0,,,0.0,0.005476698057000226,5
hashtags,hashtag:bewhoyouare,4.0,,,0.0,3.4384050916656445e-05,8
hashtags,hashtag:bhaigiri,4.0,,,0.0,0.0011799736943010548,5
hashtags,hashtag:biblicalmarriage,4.0,,,0.0,0.005714525661166647,1
hashtags,hashtag:biblioteca,8.0,,,0.0,0.0013390071082016852,2
hashtags,hashtag:bienestar,34.0,,,0.00048324804268725036,0.014036447215765123,2
hashtags,hashtag:bienestaremocional,68.0,,,0.0016076782345746067,0.02241251546533241,2
hashtags,hashtag:bienestaremocionalymental,29.0,,,0.0,0.014871641971113308,0
hashtags,hashtag:bienestarintegral,31.0,,,0.00022009929919657867,0.008875728385423817,0
hashtags,hashtag:bienestarintimo,7.0,,,0.0,0.000651496805350993,43
hashtags,hashtag:bienestarmasculino,131.0,,,0.003768557760344259,0.03520078808215191,0
hashtags,hashtag:bienestarmascullino,6.0,,,0.0,0.000908007273399044,6
hashtags,hashtag:bienestarmental,29.0,,,0.0,0.014871641971113308,0
hashtags,hashtag:bienestarmentalmasculino,29.0,,,0.0,0.009003900771292924,0
hashtags,hashtag:bienestarpersonal,15.0,,,0.0,0.010162456787188632,0
hashtags,hashtag:bienestarperu,6.0,,,0.0,0.0008842546972326765,48
hashtags,hashtag:bienestarpsicol,7.0,,,0.0,0.005446919642970583,2
hashtags,hashtag:bienvenida,6.0,,,0.0,0.0007481661143702082,0
hashtags,hashtag:bilbao,2.0,,,0.0,0.0011630988339521114,1
hashtags,hashtag:billionaire,3.0,,,0.0,0.0012377656541660174,5
hashtags,hashtag:biodescodificacion,9.0,,,0.0,0.0016532499584096191,0
hashtags,hashtag:biohacking,29.0,,,0.0,0.010968569465788723,0
hashtags,hashtag:bishal,2.0,,,0.0,0.0011417574836750345,1
hashtags,hashtag:bitcoin,29.0,,,0.0,0.004103743162719225,7
hashtags,hashtag:blab,13.0,,,0.0,0.0059160156408549665,1
hashtags,hashtag:blackauthors,9.0,,,0.0,0.0025630684276999184,5
hashtags,hashtag:blackhorse,7.0,,,0.0,0.000651496805350993,43
hashtags,hashtag:blackopium,4.0,,,0.0,0.0001798372260177484,0
hashtags,hashtag:blackowned,10.0,,,0.0,0.002671622407986138,4
hashtags,hashtag:blackpill,12.0,,,8.181118392467068e-05,0.006082878333331803,7
hashtags,hashtag:blackshirt,4.0,,,0.0,0.0013571754170771124,5
hashtags,hashtag:blackvibes,4.0,,,0.0,0.0011966060158703229,5
hashtags,hashtag:blancos,27.0,,,0.0,0.022626891877341963,1
hashtags,hashtag:blonde,4.0,,,0.0,7.55160084962871e-05,8
hashtags,hashtag:blu,4.0,,,0.0,0.0006350372965244814,6
hashtags,hashtag:bluepill,36.0,,,7.373756133447904e-05,0.004267384127305377,7
hashtags,hashtag:blueprint,4.0,,,0.0,0.002355580583843058,7
hashtags,hashtag:bmgtow,52.0,,,5.639577790064792e-05,0.009110121303868877,7
hashtags,hashtag:boasemana,4.0,,,0.0,0.0008025779838992996,3
hashtags,hashtag:bobbycrimen,16.0,,,0.0,0.00045050941568459984,4
hashtags,hashtag:bobbyologun,16.0,,,0.0,0.00045050941568459984,4
hashtags,hashtag:bodamexicana,4.0,,,0.0,0.0013518063511958195,0
hashtags,hashtag:bodybuilding,29.0,,,0.00014653168512816103,0.005993290055163563,5
hashtags,hashtag:bodybulding,4.0,,,0.0,0.002827257228291951,5
hashtags,hashtag:bodyimage,4.0,,,0.0,0.00124427046040919,3
hashtags,hashtag:bodypositivity,4.0,,,0.0,0.00124427046040919,3
hashtags,hashtag:bodywork,22.0,,,0.0,0.001825321740391951,20
hashtags,hashtag:bolsonarismo,4.0,,,0.0,0.0015066637620293683,3
hashtags,hashtag:bookdrop,9.0,,,0.0,0.0025630684276999184,5
hashtags,hashtag:books,41.0,,,1.2435930400952508e-06,0.014933995023624712,5
hashtags,hashtag:bookstagram,12.0,,,0.0,0.00824661313547253,1
hashtags,hashtag:bookstagrambrasil,21.0,,,0.0,0.004768598764886373,3
hashtags,hashtag:boothdesign,3.0,,,0.0,0.0022929367221573185,1
hashtags,hashtag:boramudarlauro,3.0,,,0.0,0.003096239224956587,1
hashtags,hashtag:boric,25.0,,,0.0,0.003022461225922478,15
hashtags,hashtag:borradomujeres,3.0,,,0.0,0.003096239224956587,1
hashtags,hashtag:boss,4.0,,,0.0,0.0012642711360695434,5
hashtags,hashtag:bossmindset,4.0,,,0.0,0.0016434308663544222,5
hashtags,hashtag:bossmode,4.0,,,0.0,0.0022988446993451655,5
hashtags,hashtag:bossmood,4.0,,,0.0,0.0011784571746952268,5
hashtags,hashtag:bossvibes,4.0,,,0.0,0.0012380100007969438,5
hashtags,hashtag:boston,8.0,,,0.0,0.0031137321860211743,46
hashtags,hashtag:boticadehistorias,3.0,,,0.0,0.001086264614498205,3
hashtags,hashtag:boy,4.0,,,0.0,0.001226533183579329,2
hashtags,hashtag:boysloveboys,18.0,,,0.0,0.005189216812161583,4
hashtags,hashtag:boyswillbeboys,2.0,,,0.0,0.0022597636934074154,1
hashtags,hashtag:bpd,4.0,,,0.0,0.0023888512544513857,58
hashtags,hashtag:brainrot,7.0,,,0.0,0.0012307947418456222,45
hashtags,hashtag:brandon,12.0,,,0.0,0.006672763024559069,0
hashtags,hashtag:brandonsanchez,10.0,,,1.1609975540548644e-06,0.0052324668226533845,0
hashtags,hashtag:brasil,83.0,,,0.004301057196080106,0.0149179219096231,2
hashtags,hashtag:brasildist,29.0,,,0.0,0.004103743162719225,7
hashtags,hashtag:brasildistopia,29.0,,,0.0,0.004103743162719225,7
hashtags,hashtag:brasildistopico,29.0,,,0.0,0.004103743162719225,7
hashtags,hashtag:brasilia,4.0,,,0.0,0.0023580079999307915,4
hashtags,hashtag:brasilmatrix,29.0,,,0.0,0.004103743162719225,7
hashtags,hashtag:breadandcircuses,3.0,,,0.0,0.002353783761821573,1
hashtags,hashtag:brechadeempat,12.0,,,0.0,0.01150838717572214,1
hashtags,hashtag:bridejapan,6.0,,,9.502257724557533e-08,3.542470724577115e-05,8
hashtags,hashtag:briefs,19.0,,,0.0,0.0012963095226286245,6
hashtags,hashtag:brillopropio,4.0,,,0.0,0.0012661674830273496,0
hashtags,hashtag:brokenbutstrong,3.0,,,0.0,0.0011827039004310943,5
hashtags,hashtag:brotheragem,28.0,,,6.778669294684197e-07,0.0012496235786019186,6
hashtags,hashtag:brotherslove,4.0,,,0.0,0.001175780482457537,57
hashtags,hashtag:bruncewayne,3.0,,,0.0,0.0011585192454271283,1
hashtags,hashtag:brutal,4.0,,,0.0,0.0024430805754189454,7
hashtags,hashtag:brutalnaprawda,4.0,,,0.0,0.002331045984971712,38
hashtags,hashtag:brutoman,4.0,,,0.0,0.0006284516257421685,6
hashtags,hashtag:buenavibra,28.0,,,0.0,0.0056091645620098786,9
hashtags,hashtag:buennombre,19.0,,,0.0,0.001693421732041801,4
hashtags,hashtag:buenosaires,4.0,,,0.0,0.0010530479776785203,4
hashtags,hashtag:bulge,28.0,,,6.778669294684197e-07,0.0012496235786019186,6
hashtags,hashtag:bullrichmania,12.0,,,0.0,0.002799423021331456,1
hashtags,hashtag:bullying,8.0,,,0.0,0.0031137321860211743,46
hashtags,hashtag:bumble,14.0,,,0.0,0.0015190214234973365,3
hashtags,hashtag:bunkermujeres,4.0,,,0.0,0.00362950285645894,3
hashtags,hashtag:burgopsulista,3.0,,,0.0,0.001086264614498205,3
hashtags,hashtag:burnoutrecovery,6.0,,,0.0,0.0012903689436707983,7
hashtags,hashtag:busconovia,25.0,,,0.0,0.0043000529664691456,5
hashtags,hashtag:busconovio,25.0,,,0.0,0.0043000529664691456,5
hashtags,hashtag:business,29.0,,,0.0,0.010932546935428578,5
hashtags,hashtag:c,37.0,,,0.002576714128450851,0.020351342141820446,1
hashtags,hashtag:caba,19.0,,,0.0,0.0031219301240658737,1
hashtags,hashtag:cabaleroautentico,29.0,,,0.0,0.009003900771292924,0
hashtags,hashtag:caballero,38.0,,,0.0008107983177186427,0.0070679657819203425,0
hashtags,hashtag:caballeromoderno,25.0,,,0.00023940024448979456,0.005847249613303557,0
hashtags,hashtag:caballeros,58.0,,,0.0010703851531347311,0.02325838115861463,0
hashtags,hashtag:caballeroseductor,18.0,,,3.8141503875903356e-05,0.004996595384230174,0
hashtags,hashtag:caballerosemprendedores,26.0,,,0.0,0.003634176635571606,9
hashtags,hashtag:caballerosidad,29.0,,,0.00019014497968281792,0.03647719051760118,1
hashtags,hashtag:caballodenietzsche,4.0,,,0.0,0.0011024483593433901,3
hashtags,hashtag:cabellofuerte,4.0,,,0.0,0.00040095851077941457,6
hashtags,hashtag:cabelodossonhos,20.0,,,0.0,0.0006263866220906294,16
hashtags,hashtag:cadadiasomosmas,23.0,,,0.0,0.006190230292524388,11
hashtags,hashtag:cadenadecustodia,12.0,,,0.0,0.0006322967190862024,4
hashtags,hashtag:calidocomolapiel,32.0,,,1.0436703253370697e-06,0.001891081663786306,6
hashtags,hashtag:calpe,17.0,,,0.0,9.986825658988697e-05,8
hashtags,hashtag:calz,26.0,,,0.0,0.0016669569693717077,6
hashtags,hashtag:cambiatujuego,4.0,,,0.0,0.0008578980146217611,0
hashtags,hashtag:cambiatuvida,28.0,,,0.0,0.012811568554774716,0
hashtags,hashtag:cambio,27.0,,,2.819083337701212e-07,0.016531917288711593,0
hashtags,hashtag:cambioclimatico,45.0,,,4.613088866236384e-05,0.010059470654575972,9
hashtags,hashtag:cambiocultural,10.0,,,0.0,0.0029873476900162807,2
hashtags,hashtag:cambiodevida,24.0,,,6.601616486656421e-05,0.004754483353223091,0
hashtags,hashtag:cambiopositivo,29.0,,,0.0,0.014871641971113308,0
hashtags,hashtag:cambiosocial,11.0,,,6.590497348425639e-05,0.006401154864450483,1
hashtags,hashtag:caminandoalexito,15.0,,,0.0,0.009607057353812613,0
hashtags,hashtag:caminhadasolid,11.0,,,0.0,0.001485626643091797,3
hashtags,hashtag:caminhodafe,25.0,,,0.0,0.0007976069945091548,14
hashtags,hashtag:caminhodosucesso,17.0,,,0.0,0.0006709707327352851,2
hashtags,hashtag:caminoalexito,27.0,,,2.819083337701212e-07,0.016531917288711593,0
hashtags,hashtag:caminodelalfa,10.0,,,0.0,0.004164522947937803,0
hashtags,hashtag:caminodelguerrero,10.0,,,8.40214514870846e-08,0.004716974108604813,0
hashtags,hashtag:caminoenrosa,18.0,,,0.0,0.00413600993287865,2
hashtags,hashtag:camisetaestampa,2.0,,,0.0,0.0024844233869837917,2
hashtags,hashtag:campodecontencion,18.0,,,0.0,0.0015978474948075776,0
hashtags,hashtag:canada,4.0,,,0.0,0.0023888512544513857,73
hashtags,hashtag:canalabtv,14.0,,,0.0,0.0022665130931418874,1
hashtags,hashtag:canarias,16.0,,,0.0,0.0022279635750243497,4
hashtags,hashtag:cancerdemama,14.0,,,0.0,0.01686582697870012,1
hashtags,hashtag:cancerdemamamasculino,14.0,,,0.0,0.01686582697870012,1
hashtags,hashtag:canmore,4.0,,,0.0,0.0023888512544513857,59
hashtags,hashtag:capacitacion,3.0,,,0.0,0.0039659070585855265,1
hashtags,hashtag:capitalismo,21.0,,,2.7787377120982285e-06,0.005677266037020492,3
hashtags,hashtag:capsemnorte,4.0,,,0.0,0.0010142118821720467,64
hashtags,hashtag:car,31.0,,,0.0004041965570524374,0.004889042344769828,0
hashtags,hashtag:carabinerosdechile,4.0,,,0.0,0.0018190215945725712,6
hashtags,hashtag:carbon,4.0,,,0.0,3.4369850946267235e-05,8
hashtags,hashtag:carcel,25.0,,,0.0,0.003022461225922478,15
hashtags,hashtag:carebravomen,11.0,,,0.0,0.00491311888720126,0
hashtags,hashtag:cargadelaprueba,4.0,,,0.0,0.00036654908117766916,4
hashtags,hashtag:cargaemocional,9.0,,,0.0,0.0015475674688728432,2
hashtags,hashtag:carisma,26.0,,,0.0004969994665314769,0.0034655014812362125,2
hashtags,hashtag:carljung,29.0,,,0.0,0.008368770534187487,5
hashtags,hashtag:carlosarcher,4.0,,,0.0,0.0008578980146217611,0
hashtags,hashtag:carolinaherrera,9.0,,,0.0,0.0001943153505925278,30
hashtags,hashtag:carrusel,4.0,,,0.0,0.0019115880094636546,0
hashtags,hashtag:carshows,4.0,,,0.0,3.440037599472955e-05,8
hashtags,hashtag:cartaycompas,4.0,,,0.0,0.0008783343014819567,0
hashtags,hashtag:casacion4672022,12.0,,,0.0,0.0006322967190862024,4
hashtags,hashtag:casada,3.0,,,0.0,0.0007686930060921733,2
hashtags,hashtag:casalila,3.0,,,0.0,0.0006129604047668246,0
hashtags,hashtag:casalquente,19.0,,,0.0,0.001180046404754835,2
hashtags,hashtag:casamento,6.0,,,2.399638981609774e-06,0.003890364113982844,1
hashtags,hashtag:casamentoblindado,4.0,,,0.0,0.0006220963118201946,0
hashtags,hashtag:casamoderna,5.0,,,0.0,0.0004842451019978792,2
hashtags,hashtag:casocoral,29.0,,,1.2572957557094606e-06,0.0007696479103639803,4
hashtags,hashtag:casoganado,4.0,,,0.0,0.0005492714409651924,4
hashtags,hashtag:casojuliana,18.0,,,0.0,0.0017670106243526805,4
hashtags,hashtag:casosdeexito,5.0,,,0.0,0.0005575641590383607,4
hashtags,hashtag:cassiejaye,9.0,,,0.0,0.009048098985099715,1
hashtags,hashtag:castelobranco,4.0,,,0.0,0.0011024483593433901,3
hashtags,hashtag:castillolegal,4.0,,,0.0,0.0005492714409651924,4
hashtags,hashtag:castropr,4.0,,,0.0,0.0013052609219118454,3
hashtags,hashtag:catalunya,15.0,,,0.0,0.0011408961846148455,4
hashtags,hashtag:catholic,14.0,,,0.0,0.008114484751477271,1
hashtags,hashtag:catolicismo,3.0,,,0.0,0.0008618993442242778,5
hashtags,hashtag:causaanimal,4.0,,,0.0,0.00040095851077941457,6
hashtags,hashtag:causasexitosas,4.0,,,0.0,0.0011704511426442333,4
hashtags,hashtag:cayetano,8.0,,,0.0,0.0017013159215319654,1
hashtags,hashtag:cdmx,4.0,,,0.0,0.0012666908177915053,0
hashtags,hashtag:cdmxgay,22.0,,,0.0,0.001825321740391951,20
hashtags,hashtag:cdmxlife,9.0,,,0.0,0.0016141306219334657,37
hashtags,hashtag:ceballosylopezabogados,16.0,,,0.0,0.0022279635750243497,4
hashtags,hashtag:cejas,12.0,,,0.0,0.0010833842559587544,0
hashtags,hashtag:celibato,4.0,,,0.0,0.00018772830510742602,0
hashtags,hashtag:celibatovoluntario,4.0,,,0.0,0.00018772830510742602,0
hashtags,hashtag:cenfolcolombia,4.0,,,0.0,0.0006273973810935267,0
hashtags,hashtag:cenfolguayabal,4.0,,,0.0,0.0006273973810935267,0
hashtags,hashtag:cenfolpoblado,11.0,,,1.6351307384060367e-05,0.004046173661058728,33
hashtags,hashtag:cent,29.0,,,0.0,0.01230709768653994,5
hashtags,hashtag:centrohombres,21.0,,,8.00178296300545e-06,0.021149962114787053,1
hashtags,hashtag:ceochicks,29.0,,,0.0,0.005411935865336084,10
hashtags,hashtag:cerebroysistemanervioso,9.0,,,0.0,0.001247017137286834,2
hashtags,hashtag:ceremonia,4.0,,,0.0,0.0008416433235348576,0
hashtags,hashtag:ceremoniadecacao,4.0,,,0.0,0.0008838873387381623,0
hashtags,hashtag:ceremoniaenergiapapa,3.0,,,0.0,0.0006129604047668246,0
hashtags,hashtag:ceremoniaholistica,4.0,,,0.0,0.0008416433235348576,0
hashtags,hashtag:certilogo,17.0,,,0.0,4.262662288912499e-05,8
hashtags,hashtag:champagne,1.0,,,0.0,0.0010552818856434036,3
hashtags,hashtag:changeyourmindset,29.0,,,0.0,0.008368770534187487,5
hashtags,hashtag:changeyourthoughts,29.0,,,0.0,0.008368770534187487,5
hashtags,hashtag:chapulin,11.0,,,0.0,0.002929269798068679,5
hashtags,hashtag:charmemasculino,18.0,,,0.0,0.0011372225496390457,2
hashtags,hashtag:charos,4.0,,,0.0,0.003021556905104549,1
hashtags,hashtag:chatearconestilo,19.0,,,0.0,0.003907469947536529,0
hashtags,hashtag:checklist,9.0,,,0.0,0.004086242891738347,0
hashtags,hashtag:chega,4.0,,,0.0,0.0013652088551700057,0
hashtags,hashtag:cheganas,4.0,,,0.0,0.0013652088551700057,0
hashtags,hashtag:chess,29.0,,,0.0,0.01230709768653994,5
hashtags,hashtag:chiba,16.0,,,0.0,0.00045050941568459984,4
hashtags,hashtag:chile,25.0,,,0.0,0.003022461225922478,15
hashtags,hashtag:chilelindo,11.0,,,0.0,0.0008863593807998695,0
hashtags,hashtag:chilevision,25.0,,,0.0,0.003022461225922478,15
hashtags,hashtag:chiringuito,7.0,,,0.0,0.0020366495907549976,1
hashtags,hashtag:chiringuitos,8.0,,,0.0,0.003643231610661367,1
hashtags,hashtag:chistes,11.0,,,0.0,0.004368434176413973,44
hashtags,hashtag:chistesbuenos,11.0,,,0.0,0.004368434176413973,44
hashtags,hashtag:choc,6.0,,,0.0,0.0011468180706759314,4
hashtags,hashtag:choosewisely,8.0,,,0.0,0.0025514242316857258,7
hashtags,hashtag:chooseyourself,8.0,,,0.0,0.0025514242316857258,7
hashtags,hashtag:christanbalebatman,3.0,,,0.0,0.0011585192454271283,1
hashtags,hashtag:christianmen,4.0,,,0.0,0.005714525661166647,1
hashtags,hashtag:church,18.0,,,0.0,0.002054793708970469,3
hashtags,hashtag:cied,3.0,,,0.0,0.0003652391266201128,4
hashtags,hashtag:ciedtecuenta,3.0,,,0.0,0.0003652391266201128,4
hashtags,hashtag:ciencia,3.0,,,0.0,0.001086264614498205,3
hashtags,hashtag:cienciaspenales,4.0,,,0.0,0.00036654908117766916,4
hashtags,hashtag:cienciaunam,3.0,,,0.0,0.0008055292760622524,2
hashtags,hashtag:cienciayfitness,4.0,,,0.0,0.0005233766455999488,0
hashtags,hashtag:cierraelciclo,25.0,,,0.0,0.012079522828123652,2
hashtags,hashtag:cillianmurphy,4.0,,,0.0,0.001175780482457537,66
hashtags,hashtag:cindyconproposito,4.0,,,0.0,0.001758213262202191,0
hashtags,hashtag:cinematicedit,37.0,,,9.101834235632237e-05,0.006849324338746166,5
hashtags,hashtag:circlassica,7.0,,,0.0,0.0016763416402066995,1
hashtags,hashtag:circo,7.0,,,0.0,0.0016763416402066995,1
hashtags,hashtag:circovid,4.0,,,0.0,0.0008322300727406871,1
hashtags,hashtag:circulodehombres,32.0,,,0.000115548079505457,0.017729908544087146,0
hashtags,hashtag:citaci,13.0,,,0.0,0.0006675454152084491,4
hashtags,hashtag:citas,27.0,,,0.0,0.035851220057984565,1
hashtags,hashtag:citasdeamor,42.0,,,1.714331443793604e-05,0.047803954503425415,1
hashtags,hashtag:ciudadvictoria,12.0,,,0.0,0.001928918875273023,21
hashtags,hashtag:civic,10.0,,,6.651580407190273e-07,3.739087834005335e-05,8
hashtags,hashtag:classesocial,19.0,,,0.0,0.00557805947686861,3
hashtags,hashtag:classicos,29.0,,,0.0,0.004103743162719225,7
hashtags,hashtag:classymen,4.0,,,0.0,0.0011796834487263024,5
hashtags,hashtag:clauyroger,9.0,,,0.0,0.009048098985099715,1
hashtags,hashtag:cleopatra,4.0,,,0.0,0.00017995036393110025,51
hashtags,hashtag:clipstudiopaint,4.0,,,0.0,0.0029682859836176276,8
hashtags,hashtag:club150pag,4.0,,,0.0,0.0020064020943749497,3
hashtags,hashtag:clubedeleitura,4.0,,,0.0,0.0035278342092573164,3
hashtags,hashtag:clubedolivro,21.0,,,0.0,0.004768598764886373,3
hashtags,hashtag:cnh,3.0,,,0.0,0.00047002412054392823,2
hashtags,hashtag:cnhdecarro,5.0,,,0.0,0.0004842451019978793,2
hashtags,hashtag:cnp,21.0,,,0.0,0.0007781466895648228,17
hashtags,hashtag:coaching,47.0,,,0.00027690624925004855,0.011718985451452188,9
hashtags,hashtag:coachingcontere,19.0,,,0.0,0.0062746258154656905,9
hashtags,hashtag:coachingespiritual,19.0,,,0.0,0.005140422313732875,0
hashtags,hashtag:coachmasculino,27.0,,,0.0,0.013809575269158006,0
hashtags,hashtag:cocteldevitaminas,3.0,,,0.0,0.00039927244809318316,6
hashtags,hashtag:codelemuria,4.0,,,0.0,0.0012291167131278013,0
hashtags,hashtag:codependencias,3.0,,,0.0,0.000436213568420606,4
hashtags,hashtag:codigoalfa,35.0,,,0.00047531864622242525,0.014415617590223155,0
hashtags,hashtag:codigodaconquista,5.0,,,0.0,0.0013774820624633825,0
hashtags,hashtag:codigodelalfa,9.0,,,0.0,0.0062343341446940105,0
hashtags,hashtag:codigohombre,4.0,,,0.0,0.0013423683251500354,2
hashtags,hashtag:codigosdeluz,4.0,,,0.0,0.0008795961457400572,0
hashtags,hashtag:codigoseduccion,19.0,,,0.0,0.003907469947536529,0
hashtags,hashtag:codigovenus,4.0,,,0.0,0.0005916904290389927,0
hashtags,hashtag:cognitivewarfare,17.0,,,0.0,0.003383799656707563,7
hashtags,hashtag:coherencia,4.0,,,0.0,0.0016325094978963675,0
hashtags,hashtag:coletivo,4.0,,,0.0,0.003741917930726523,1
hashtags,hashtag:college,17.0,,,0.0,0.003383799656707563,7
hashtags,hashtag:colombia,46.0,,,0.0034521094979454805,0.009729322688062356,4
hashtags,hashtag:colonialidad,4.0,,,0.0,0.00110244835934339,3
hashtags,hashtag:come,9.0,,,0.0,0.0008395988809653016,2
hashtags,hashtag:comeback,3.0,,,0.0,0.001218609790069181,5
hashtags,hashtag:comedia,33.0,,,0.00024693686837328567,0.008518774001333095,5
hashtags,hashtag:comediasana,6.0,,,0.0,3.986167342901836e-05,42
hashtags,hashtag:comidaadomilicio,20.0,,,0.0,0.0060388951014323025,3
hashtags,hashtag:comoconquistar,40.0,,,0.0006037532133767713,0.00562213397455603,0
hashtags,hashtag:comoconquistarumhomem,9.0,,,0.0,0.0008297025791246146,32
hashtags,hashtag:comoenamorar,19.0,,,0.0,0.003907469947536529,0
hashtags,hashtag:comoligar,31.0,,,4.521952804639855e-05,0.00942393934799875,0
hashtags,hashtag:comoseducar,23.0,,,0.0,0.0041737011620494304,2
hashtags,hashtag:comoseducir,11.0,,,0.0,0.005393490305740553,0
hashtags,hashtag:comovencer,23.0,,,0.0,0.0041737011620494304,2
hashtags,hashtag:compartir,14.0,,,0.0,0.0022665130931418874,1
hashtags,hashtag:compas,15.0,,,2.439445964732814e-05,0.006088312000115816,0
hashtags,hashtag:compasdehierro,4.0,,,0.0,0.004197269338352212,1
hashtags,hashtag:compatilhefe,25.0,,,0.0,0.0007976069945091548,14
hashtags,hashtag:compensaci,11.0,,,0.0,0.006036186802525623,1
hashtags,hashtag:comportamentomasculino,40.0,,,0.00030437837175951776,0.004373498357847484,2
hashtags,hashtag:composici,13.0,,,0.0,0.000449091063067712,26
hashtags,hashtag:compromiso,10.0,,,0.0,0.0064708649408019145,0
hashtags,hashtag:comunicaci,38.0,,,0.00036193652791833317,0.009733131569840263,0
hashtags,hashtag:comunicacionnoverbal,19.0,,,0.0,0.004270595091589306,0
hashtags,hashtag:comunidad,4.0,,,0.0,0.0014339681513581002,2
hashtags,hashtag:comunidaddehombres,6.0,,,0.0,0.004501116473742661,2
hashtags,hashtag:comunidaddemujeres,21.0,,,0.0,0.0063827726223059395,0
hashtags,hashtag:comunidades,12.0,,,0.0,0.002370476573597174,3
hashtags,hashtag:comunidadgym,3.0,,,0.0,0.0010071734726637388,0
hashtags,hashtag:comunidadquesana,3.0,,,0.0,0.0006342102042143082,2
hashtags,hashtag:conanda,19.0,,,0.0,0.00557805947686861,3
hashtags,hashtag:conciencia,13.0,,,0.0,0.005309454112067136,0
hashtags,hashtag:concienciasocial,34.0,,,0.0003401196010601208,0.009951534549569579,1
hashtags,hashtag:condenada,14.0,,,0.0,0.007875789893429509,1
hashtags,hashtag:condenadossinculpa,5.0,,,1.7816733233545374e-08,0.000452093515642946,4
hashtags,hashtag:conectaresfuerza,4.0,,,0.0,0.0011645816298450353,2
hashtags,hashtag:conex,20.0,,,0.0,0.0028099638933050727,2
hashtags,hashtag:conexi,41.0,,,0.0008639900797278032,0.008915896390349457,2
hashtags,hashtag:conexionreal,4.0,,,0.0,0.0010746901891175685,0
hashtags,hashtag:conf,4.0,,,0.0,0.0012940324084563869,0
hashtags,hashtag:conferencia,4.0,,,0.0,0.004197269338352212,1
hashtags,hashtag:confian,122.0,,,0.004661918893575778,0.01071461976364092,2
hashtags,hashtag:confianc,26.0,,,0.0,0.002208318808576678,2
hashtags,hashtag:confianza,65.0,,,0.002390414716170086,0.03001066314245791,0
hashtags,hashtag:confianzadiaria,19.0,,,0.0,0.004278221161241839,0
hashtags,hashtag:confianzaencadaangulo,4.0,,,0.0,0.0006071457062017672,0
hashtags,hashtag:confianzaentimismo,28.0,,,0.0,0.013358774519492857,0
hashtags,hashtag:confianzainterior,22.0,,,6.591672683006885e-05,0.01086433907475717,0
hashtags,hashtag:confianzamasculina,75.0,,,0.003439800312573986,0.014975254321938176,0
hashtags,hashtag:confianzapersonal,38.0,,,0.00015380369577771687,0.014982237585188454,0
hashtags,hashtag:confianzaplena,46.0,,,9.327355388065204e-05,0.021670563662352194,0
hashtags,hashtag:confianzatotal,28.0,,,0.0009094158416272428,0.003061942237485521,6
hashtags,hashtag:confianzayseguridad,9.0,,,0.0,0.0006090649411484109,6
hashtags,hashtag:confidence,22.0,,,2.192032056461826e-05,0.0030881063725665247,5
hashtags,hashtag:conflictos,19.0,,,0.0,0.00627462581546569,9
hashtags,hashtag:conlasv,6.0,,,0.0,0.0017357702645414742,1
hashtags,hashtag:conocetusderechos,12.0,,,1.5721569218098692e-05,0.0014125725425777878,4
hashtags,hashtag:conquista,71.0,,,0.0011802187692412014,0.020980740882328604,0
hashtags,hashtag:conquistaconclase,19.0,,,0.0,0.00872518971770655,0
hashtags,hashtag:conquistadesdedentro,19.0,,,0.0,0.002274614306889274,0
hashtags,hashtag:conquistador,18.0,,,0.0,0.0011372225496390457,2
hashtags,hashtag:conquistamasculina,433.0,,,0.07522172092538058,0.03201116784780538,2
hashtags,hashtag:conquistanatural,18.0,,,0.0,0.0011372225496390457,2
hashtags,hashtag:conquistaperfeita,18.0,,,0.0,0.0011372225496390457,2
hashtags,hashtag:conquistar,45.0,,,0.0006165830357477681,0.019284903740659057,0
hashtags,hashtag:conquistas,20.0,,,0.0,0.0028099638933050727,2
hashtags,hashtag:conquistasqueinspiram,17.0,,,0.0,0.000670970732735285,2
hashtags,hashtag:conquistatrimestral,20.0,,,0.0,0.0006263866220906295,16
hashtags,hashtag:conquistatucima,20.0,,,0.0,0.0006263866220906295,16
hashtags,hashtag:conquistatucuerpo,20.0,,,0.0,0.0006263866220906295,16
hashtags,hashtag:conquistatussue,26.0,,,0.0,0.003634176635571606,9
hashtags,hashtag:consci,4.0,,,0.0,0.002349638812427428,3
hashtags,hashtag:consciencia,4.0,,,0.0,0.0009407680930086956,0
hashtags,hashtag:conscienciasistemica,4.0,,,0.0,0.0015446674738257636,0
hashtags,hashtag:consciousfighter82,4.0,,,0.0,0.0023825541340571446,7
hashtags,hashtag:consciousness,14.0,,,0.0,0.0028262192699850153,7
hashtags,hashtag:consejodevida,18.0,,,0.0,0.0030618562473943276,24
hashtags,hashtag:consejos,4.0,,,0.0,0.00332013150625032,6
hashtags,hashtag:consejosalfa,7.0,,,0.0,0.0010415075532612937,0
hashtags,hashtag:consejosdeamor,22.0,,,8.82343273710449e-05,0.005237440117499738,0
hashtags,hashtag:consejosdeconquista,9.0,,,0.0,0.0010153052432572405,6
hashtags,hashtag:consejosdepareja,4.0,,,0.0,0.0014740045213417448,0
hashtags,hashtag:consejoslegales,13.0,,,0.0,0.0006675454152084491,4
hashtags,hashtag:consejosmotivacionales,5.0,,,4.705713659918749e-08,0.0030127003812200873,0
hashtags,hashtag:consejosparacaballeros,4.0,,,0.0,0.0018095494127744777,0
hashtags,hashtag:consejosparahombres,26.0,,,6.661583463896292e-05,0.008788495222629786,0
hashtags,hashtag:consejosparamujeres,19.0,,,0.0,0.003907469947536529,0
hashtags,hashtag:consentimientoreal,9.0,,,0.0,0.00034625735960219474,3
hashtags,hashtag:conservadores,5.0,,,9.146841604012429e-07,0.003357608112826523,1
hashtags,hashtag:conservadorismo,6.0,,,7.395497717653718e-06,0.0008996209005761382,1
hashtags,hashtag:conservativememes,50.0,,,8.805280719501274e-06,0.006919804250781153,10
hashtags,hashtag:conservativesatire,28.0,,,0.0,0.005106888786422563,10
hashtags,hashtag:conservativewomen,50.0,,,8.805280719501274e-06,0.006919804250781153,10
hashtags,hashtag:consistenciamasculina,25.0,,,0.0,0.014710878262659662,0
hashtags,hashtag:constanciadiaria,25.0,,,0.0,0.014929161433527058,0
hashtags,hashtag:constanciayresultados,25.0,,,0.0,0.014710878262659662,0
hashtags,hashtag:constelacionesfamiliares,14.0,,,9.286792624196918e-05,0.004108141144811924,0
hashtags,hashtag:constitucion,4.0,,,0.0,0.0011040153718448664,4
hashtags,hashtag:constitucionespa,7.0,,,0.0,0.0005077361085548723,4
hashtags,hashtag:construcci,6.0,,,0.0,0.0025462793806228655,2
hashtags,hashtag:construindosonhos,20.0,,,0.0,0.0006263866220906295,16
hashtags,hashtag:construyendoconproposito,6.0,,,0.0,0.0026042807575676215,1
hashtags,hashtag:construyetucamino,28.0,,,0.0,0.013358774519492857,0
hashtags,hashtag:consultagratis,18.0,,,1.2341984394184718e-05,0.0018304754647147888,4
hashtags,hashtag:consultaslegales,16.0,,,0.0,0.004993598619449174,23
hashtags,hashtag:contempacion,7.0,,,0.0,0.000822757850787701,0
hashtags,hashtag:contemplacion,7.0,,,0.0,0.0008247712148793612,0
hashtags,hashtag:contemporarysportsromance,4.0,,,0.0,3.440568619982516e-05,8
hashtags,hashtag:contenido,6.0,,,0.0,0.004284628652819659,1
hashtags,hashtag:contenidoeducativo,4.0,,,0.0,0.0013658688019083198,3
hashtags,hashtag:contentcreation,16.0,,,0.0,0.0008101453969768881,8
hashtags,hashtag:contentcreator,3.0,,,0.0,0.0006342102042143082,2
hashtags,hashtag:contracultura,5.0,,,1.1069748155512414e-06,0.0035405667927113867,1
hashtags,hashtag:contracultural,4.0,,,0.0,0.0008025779838992996,3
hashtags,hashtag:contradiccion,4.0,,,0.0,0.0005264878569119313,4
hashtags,hashtag:contraelalgoritmo,18.0,,,0.0,0.0015978474948075778,0
hashtags,hashtag:contrainfluencers,18.0,,,0.0,0.0015978474948075778,0
hashtags,hashtag:contralainjusticia,10.0,,,0.0,0.004292438486276846,31
hashtags,hashtag:contraoaborto,4.0,,,0.0,0.0009447663455593791,1
hashtags,hashtag:controldelentorno,15.0,,,0.0,0.009872033097714103,0
hashtags,hashtag:controldisciplinario,19.0,,,0.0,0.001693421732041801,4
hashtags,hashtag:controlemocional,36.0,,,3.7948260839376394e-05,0.01666440439639006,0
hashtags,hashtag:controlmental,33.0,,,0.00047618720217055166,0.008009630240897125,0
hashtags,hashtag:controlnoesamor,4.0,,,0.0,0.0019909950107905253,3
hashtags,hashtag:controlreproductivo,17.0,,,0.0,0.0014845228483459918,6
hashtags,hashtag:controltotal,17.0,,,7.608291773831589e-06,0.0006568196283249475,6
hashtags,hashtag:controversia,11.0,,,0.0,0.005154410303266304,3
hashtags,hashtag:conversacionesqueimpactan,28.0,,,6.9380320406420015e-06,0.007407960846431233,9
hashtags,hashtag:conversacomelas,9.0,,,0.0,0.0008395988809653016,2
hashtags,hashtag:convicciones,4.0,,,0.0,0.000208277372896964,0
hashtags,hashtag:convictedautomotiveshow,8.0,,,2.8506773173672594e-07,3.63946007734676e-05,8
hashtags,hashtag:convozyvoto,14.0,,,0.0,0.0022665130931418874,1
hashtags,hashtag:cool,22.0,,,0.0,0.004773118116429363,5
hashtags,hashtag:cooperacionjudicial,18.0,,,0.0,0.0017670106243526805,4
hashtags,hashtag:cooperativismo,4.0,,,0.0,0.0012060864514545446,3
hashtags,hashtag:copadomundo,4.0,,,0.0,0.0027041784788557986,7
hashtags,hashtag:coparentalidad,28.0,,,1.3563319952435714e-05,0.0054326938908300934,1
hashtags,hashtag:coqueta,5.0,,,0.0,0.0016055694229531643,0
hashtags,hashtag:coragem,3.0,,,0.0,0.0005237392740034668,2
hashtags,hashtag:coragemegentileza,4.0,,,0.0,0.00040095851077941457,6
hashtags,hashtag:cordoba,12.0,,,0.0,0.002799423021331456,1
hashtags,hashtag:coreadelsur,9.0,,,0.0,0.004433500534153567,3
hashtags,hashtag:coreanos,4.0,,,0.0,0.0034962819241585764,3
hashtags,hashtag:coreiadosul,8.0,,,0.0,0.0011662293549355757,2
hashtags,hashtag:corpodamulher,4.0,,,0.0,0.003532056272226036,6
hashtags,hashtag:corrupci,3.0,,,0.0,0.0034456998708672615,1
hashtags,hashtag:corrupcion,25.0,,,0.0,0.003022461225922478,15
hashtags,hashtag:corrupcionrd,16.0,,,4.751128862278766e-09,0.0006174723871294468,4
hashtags,hashtag:corrupciónjudicial,27.0,,,0.0,0.006196224240590878,1
hashtags,hashtag:cortedevinculos,17.0,,,0.0,0.00388987488259815,1
hashtags,hashtag:cortesuprema,16.0,,,6.31504211277886e-07,0.0007224961809366614,4
hashtags,hashtag:cortinasdehumo,7.0,,,0.0,0.0014014888294616003,3
hashtags,hashtag:cosasdehombres,16.0,,,0.0,0.008859849435996835,0
hashtags,hashtag:cosm,8.0,,,0.0,0.0008880709917785036,2
hashtags,hashtag:cosmopolita,3.0,,,0.0,0.0034456998708672615,3
hashtags,hashtag:costarica,26.0,,,0.0001797529280642692,0.009087302888604975,4
hashtags,hashtag:courage,3.0,,,0.0,3.388655424161336e-05,8
hashtags,hashtag:cozinha,5.0,,,9.029978896935401e-07,0.002459027748952075,2
hashtags,hashtag:cozinhadossonhos,20.0,,,0.0,0.0006263866220906295,16
hashtags,hashtag:cr,73.0,,,0.0002735423620757268,0.05307564881689219,1
hashtags,hashtag:crea,12.0,,,0.0,0.0010833842559587544,0
hashtags,hashtag:creadora,6.0,,,9.502257724557533e-08,0.0013028722116735722,49
hashtags,hashtag:creciendoconautoestima,2.0,,,0.0,0.001520547424488279,0
hashtags,hashtag:crecimientoconsciente,18.0,,,0.0,0.00413600993287865,2
hashtags,hashtag:crecimientoconstante,107.0,,,0.0007928804158834258,0.04117549297768968,0
hashtags,hashtag:crecimientodiario,33.0,,,1.1926834505783875e-05,0.015135619669678184,0
hashtags,hashtag:crecimientoemocional,34.0,,,0.00010217182430720776,0.01356700185284667,0
hashtags,hashtag:crecimientoespiritual,9.0,,,0.0,0.003623953124380509,0
hashtags,hashtag:crecimientointegral,28.0,,,0.0,0.013358774519492857,0
hashtags,hashtag:crecimientointerior,66.0,,,0.00031012130713311403,0.024726114147703333,0
hashtags,hashtag:crecimientomasculino,73.0,,,0.00013522855648862215,0.024270550116685823,0
hashtags,hashtag:crecimientopersonal,335.0,,,0.024605767673420008,0.09113536725029282,0
hashtags,hashtag:crecimientopersonalmasculino,25.0,,,0.0,0.014929161433527058,0
hashtags,hashtag:crecimientoprofesional,21.0,,,0.0,0.0063827726223059395,0
hashtags,hashtag:creeenti,8.0,,,0.0,0.004813093354032539,0
hashtags,hashtag:crencasnucleares,4.0,,,0.0,0.003224792163788019,7
hashtags,hashtag:crescimentomasculino,28.0,,,0.0,0.0024344948045167316,2
hashtags,hashtag:crescimentopessoal,56.0,,,0.00011600078723170238,0.00440079696196382,2
hashtags,hashtag:crian,5.0,,,2.4358308421581215e-06,0.0044978278723183,1
hashtags,hashtag:crianza,4.0,,,0.0,0.0015746753411998388,3
hashtags,hashtag:crianzacompartidachilecl,12.0,,,0.0,0.008292757720587497,1
hashtags,hashtag:crianzacompartidacl,12.0,,,0.0,0.008292757720587497,1
hashtags,hashtag:crianzacompartidapreferente,12.0,,,0.0,0.008292757720587497,1
hashtags,hashtag:crianzaconsciente,18.0,,,0.0,0.00413600993287865,2
hashtags,hashtag:crianzalegalcompartida,12.0,,,0.0,0.008292757720587497,1
hashtags,hashtag:crimedeinj,14.0,,,0.0,0.00205797905363505,4
hashtags,hashtag:crimen,16.0,,,0.0,0.00045050941568459984,4
hashtags,hashtag:cripto,29.0,,,0.0,0.004103743162719225,7
hashtags,hashtag:crisedamasculinidade,8.0,,,0.0,0.0011662293549355757,2
hashtags,hashtag:crisisdeidentidad,6.0,,,0.0,0.0026042807575676215,1
hashtags,hashtag:crisisdelamasculinidad,4.0,,,0.0,0.0037084584405911026,5
hashtags,hashtag:crisisdelhombre,27.0,,,0.0,0.036585010003010204,1
hashtags,hashtag:crisisdevalores,7.0,,,0.0,0.0005077361085548723,4
hashtags,hashtag:crisismasculina,4.0,,,0.0,0.0035463444068984423,0
hashtags,hashtag:cristao,4.0,,,0.0,0.0031424971577715013,8
hashtags,hashtag:cristaos,5.0,,,9.146841604012429e-07,0.003357608112826523,1
hashtags,hashtag:cristianos,2.0,,,0.0,0.000589573322745624,0
hashtags,hashtag:cristinalopezcobo,4.0,,,0.0,0.0010142118821720467,64
hashtags,hashtag:cristo,4.0,,,0.0,0.0031777869773716248,1
hashtags,hashtag:cristorey,3.0,,,0.0,0.0010178260967925118,1
hashtags,hashtag:cuencos,4.0,,,0.0,0.0008416433235348576,0
hashtags,hashtag:cuentosdemurakami,12.0,,,0.0,0.00076277592856839,21
hashtags,hashtag:cuentosjaponeses,12.0,,,0.0,0.00076277592856839,21
hashtags,hashtag:cuerpolibre,22.0,,,0.0,0.001825321740391951,20
hashtags,hashtag:cuerposintab,22.0,,,0.0,0.001825321740391951,20
hashtags,hashtag:cuestionarelprivilegio,14.0,,,0.0,0.0019052939707934083,27
hashtags,hashtag:cuidadeti,3.0,,,0.0,0.0015950879462586613,0
hashtags,hashtag:cuidadocoletivo,12.0,,,0.0,0.001949424387950765,3
hashtags,hashtag:cuidadocompartido,17.0,,,0.0,0.00388987488259815,1
hashtags,hashtag:cuidadodehijos,12.0,,,0.0,0.002799423021331456,1
hashtags,hashtag:cuidadodepiel,4.0,,,0.0,0.00040095851077941457,6
hashtags,hashtag:cuidadointimomasculino,22.0,,,0.0,0.001825321740391951,20
hashtags,hashtag:cuidadomasculino,4.0,,,0.0,0.00041348829670786655,6
hashtags,hashtag:cuidadomental,23.0,,,0.0,0.015358500437588558,0
hashtags,hashtag:cuidadopros,8.0,,,0.0,0.0004363167232321041,6
hashtags,hashtag:cuidadoresinvisibles,4.0,,,0.0,0.000849430865207451,0
hashtags,hashtag:cuidados,12.0,,,0.0,0.002370476573597174,3
hashtags,hashtag:cuidadosencillo,6.0,,,0.0,0.000908007273399044,6
hashtags,hashtag:cuidadosyresponsabilidad,14.0,,,0.0,0.0019052939707934083,27
hashtags,hashtag:culin,9.0,,,3.2402379203236e-06,0.002609302112441281,2
hashtags,hashtag:culpa,25.0,,,0.0,0.012079522828123652,2
hashtags,hashtag:culpable,4.0,,,0.0,0.00038190326557587537,4
hashtags,hashtag:culpabledesobrevivir,27.0,,,0.0,0.005106123386349361,18
hashtags,hashtag:culpablesdeserhombres,27.0,,,0.0,0.005106123386349361,18
hashtags,hashtag:culpaycontrol,9.0,,,0.0,0.0027846506746593094,3
hashtags,hashtag:cultura,31.0,,,5.6221267311087256e-05,0.004572207394657022,7
hashtags,hashtag:culturaafro,6.0,,,0.0,0.0011363069268552723,3
hashtags,hashtag:culturabrasileira,21.0,,,0.0,0.004768598764886373,3
hashtags,hashtag:culturacontempor,12.0,,,0.0,0.00824661313547253,1
hashtags,hashtag:culturadeladenuncia,4.0,,,0.0,0.00036654908117766916,4
hashtags,hashtag:culturadelaviolacion,27.0,,,0.0,0.022626891877341963,1
hashtags,hashtag:culturajuridica,6.0,,,0.0,0.00043760468734338915,4
hashtags,hashtag:culturaysociedad,3.0,,,0.0,0.0008055292760622524,2
hashtags,hashtag:cumplidosasegurados,18.0,,,0.0,0.00022765996402525633,13
hashtags,hashtag:cunning,29.0,,,0.0,0.01230709768653994,5
hashtags,hashtag:cup,13.0,,,0.0,0.005725717667115686,1
hashtags,hashtag:curatedluxury,17.0,,,0.0,4.262662288912499e-05,8
hashtags,hashtag:cursouik2026,7.0,,,0.0,0.0057358693561186625,1
hashtags,hashtag:custodia,30.0,,,2.4213509063120735e-05,0.02864083318253812,1
hashtags,hashtag:custodiacompartida,113.0,,,0.005338701914666442,0.05607648065159922,1
hashtags,hashtag:custodiacompartidaya,34.0,,,4.3796843601170526e-05,0.018024294801722494,1
hashtags,hashtag:d,119.0,,,0.00655461395363527,0.06950881944152405,1
hashtags,hashtag:dadsmattertoo,15.0,,,5.713935749858484e-06,0.0020052613309395595,1
hashtags,hashtag:dailystoic,29.0,,,0.0,0.010932546935428578,5
hashtags,hashtag:damaalicia,6.0,,,0.0,0.0007481661143702082,0
hashtags,hashtag:damaelegante,4.0,,,0.0,0.0013160744589242386,0
hashtags,hashtag:damasycaballeros,16.0,,,0.0,0.008859849435996835,0
hashtags,hashtag:dance,5.0,,,0.0,0.0008708769721625466,50
hashtags,hashtag:dancers,5.0,,,0.0,0.0008708769721625466,50
hashtags,hashtag:danzaterapia,3.0,,,0.0,0.0017254446192071671,0
hashtags,hashtag:darinkaram,11.0,,,0.0,0.005154410303266304,3
hashtags,hashtag:darkacademia,4.0,,,0.0,0.002643883538263773,5
hashtags,hashtag:darkaesthetic,7.0,,,3.84838701907114e-06,0.0014416433585400534,5
hashtags,hashtag:darkaura,4.0,,,0.0,0.0011966060158703229,5
hashtags,hashtag:darkhumor,28.0,,,0.0,0.005106888786422563,10
hashtags,hashtag:darkhumoristhebesthumor,28.0,,,0.0,0.005106888786422563,10
hashtags,hashtag:darkhumormemes,28.0,,,0.0,0.005106888786422563,10
hashtags,hashtag:darkmotivation,30.0,,,6.457911946429336e-07,0.006529092238666126,5
hashtags,hashtag:darkpsychology,20.0,,,3.4661567019129904e-07,0.006493627369296111,5
hashtags,hashtag:darkvibes,8.0,,,5.3069903024481405e-06,0.0024580226138638346,5
hashtags,hashtag:datatrust,3.0,,,0.0,3.386525887699783e-05,8
hashtags,hashtag:datenight,3.0,,,0.0,0.0012475768476206846,0
hashtags,hashtag:dati,4.0,,,0.0,0.0026677136515044137,2
hashtags,hashtag:dating,3.0,,,0.0,0.002394392360692842,3
hashtags,hashtag:datingadvice,52.0,,,0.0003501679481721281,0.012855566573370818,5
hashtags,hashtag:datingadviceformen,29.0,,,0.0,0.008368770534187487,5
hashtags,hashtag:datingcoach,46.0,,,9.839073958374869e-05,0.01135869737824525,5
hashtags,hashtag:datingcoachformen,29.0,,,0.0,0.008368770534187487,5
hashtags,hashtag:datinggame,4.0,,,0.0,0.0023339092391940915,29
hashtags,hashtag:datingpsychology,6.0,,,5.3450199700636126e-08,0.0024077921865691024,29
hashtags,hashtag:datingtactics,19.0,,,0.0,0.003490090842055938,5
hashtags,hashtag:datingtips,46.0,,,9.839073958374869e-05,0.01135869737824525,5
hashtags,hashtag:datingtruths,4.0,,,0.0,0.0026762141588676895,5
hashtags,hashtag:datomatarelato,5.0,,,0.0,0.004590989726536011,1
hashtags,hashtag:datos,11.0,,,0.0,0.0043169325869069275,4
hashtags,hashtag:datoscuriosos,27.0,,,0.0,0.022626891877341963,1
hashtags,hashtag:datosduros,27.0,,,0.0,0.022626891877341963,1
hashtags,hashtag:davidgoggins,11.0,,,0.0,0.001387112464300672,5
hashtags,hashtag:davidgogginsmotivation,11.0,,,0.0,0.001387112464300672,5
hashtags,hashtag:davidlaid,11.0,,,0.0,0.001387112464300672,5
hashtags,hashtag:davidlaidmotivation,11.0,,,0.0,0.001387112464300672,5
hashtags,hashtag:ddhh,15.0,,,1.6411325988931988e-05,0.009060414027557816,1
hashtags,hashtag:deahoraenadelantetodoser,2.0,,,0.0,1.2030272809049361e-05,0
hashtags,hashtag:deathnote,4.0,,,0.0,0.001175780482457537,65
hashtags,hashtag:debate,14.0,,,0.000623804416963747,0.00400051530726307,2
hashtags,hashtag:debatedeg,26.0,,,0.0,0.014959570888893518,1
hashtags,hashtag:debatefeminista,9.0,,,0.0,0.004433500534153567,3
hashtags,hashtag:debatep,4.0,,,0.0,0.003494246353641193,1
hashtags,hashtag:debidoproceso,65.0,,,0.0004981215364031559,0.00457074227370794,4
hashtags,hashtag:decirlaverdad,7.0,,,0.0,0.0005077361085548723,4
hashtags,hashtag:decision,16.0,,,0.0,0.005973991470208949,0
hashtags,hashtag:decisionesacertadas,15.0,,,0.0,0.00918665580122337,0
hashtags,hashtag:decisionesdefe,18.0,,,0.0,0.0030618562473943276,24
hashtags,hashtag:declaracionuniversal,2.0,,,0.0,0.0030988775975216995,4
hashtags,hashtag:deconstrucci,14.0,,,0.0,0.0019052939707934083,27
hashtags,hashtag:deeppsychology,4.0,,,0.0,0.001274835933850421,7
hashtags,hashtag:defendamoslafamilia,12.0,,,0.0,0.007787076706956315,1
hashtags,hashtag:defendamoslavida,14.0,,,0.0,0.007875789893429509,1
hashtags,hashtag:defenderlavida,8.0,,,0.0,0.004672105553110154,3
hashtags,hashtag:defensadelaverdad,11.0,,,0.0,0.005154410303266304,3
hashtags,hashtag:defensadelhombre,10.0,,,0.0,0.001340015962515795,4
hashtags,hashtag:defensadelosvarones,11.0,,,0.0,0.005154410303266304,3
hashtags,hashtag:defensajuridica,9.0,,,1.8123593210716292e-07,0.0039696553561138605,1
hashtags,hashtag:defensalegal,35.0,,,0.0002935873104056693,0.006169586339100593,1
hashtags,hashtag:defensapenal,56.0,,,0.00019555873457623575,0.0023790957062603565,4
hashtags,hashtag:defensapersonal,12.0,,,0.0,0.001949424387950765,3
hashtags,hashtag:defensapersonalcostarica,12.0,,,0.0,0.001949424387950765,3
hashtags,hashtag:defensapersonalfemenina,12.0,,,0.0,0.001949424387950765,3
hashtags,hashtag:defensapersonalparamujeres,12.0,,,0.0,0.001949424387950765,3
hashtags,hashtag:defensatecnica,4.0,,,0.0,0.00036654908117766916,4
hashtags,hashtag:defesadohomem,14.0,,,0.0,0.00205797905363505,4
hashtags,hashtag:defesapessoal,4.0,,,0.0,0.0009805954869274948,6
hashtags,hashtag:definicionnatural,4.0,,,0.0,0.0006071457062017672,0
hashtags,hashtag:deixemesermulher,8.0,,,1.4525335391772525e-05,0.0012916711576043067,3
hashtags,hashtag:deixemseulike,25.0,,,0.0,0.0007976069945091548,14
hashtags,hashtag:dejadahombreenpaz,12.0,,,0.0,0.004090898829666081,1
hashtags,hashtag:dejandohuella,2.0,,,0.0,0.0012295242418909715,0
hashtags,hashtag:delanochealalba,5.0,,,1.7816733233545374e-08,0.001306644221721437,6
hashtags,hashtag:delito,24.0,,,0.0,0.01014980531650126,1
hashtags,hashtag:delitodeomosiondeldeberdesocorro,4.0,,,0.0,0.00036654908117766916,4
hashtags,hashtag:delitofuente,7.0,,,0.0,0.0006108926538996188,4
hashtags,hashtag:delitoleve,4.0,,,0.0,0.0005656699122355239,4
hashtags,hashtag:delitosdepeligroabstracto,13.0,,,0.0,0.0006314891326085328,4
hashtags,hashtag:delitossexuales,5.0,,,0.0,0.0005575641590383607,4
hashtags,hashtag:delossantos,3.0,,,0.0,0.0011537603201107012,4
hashtags,hashtag:deltaairlines,4.0,,,0.0,0.0023888512544513857,62
hashtags,hashtag:delusion,9.0,,,0.0,0.005234845347944675,7
hashtags,hashtag:demachosahombres,33.0,,,0.00015204751137144526,0.020191206287523366,1
hashtags,hashtag:democracia,3.0,,,0.0,0.0012629750670075626,1
hashtags,hashtag:democratssuck,28.0,,,0.0,0.005106888786422563,10
hashtags,hashtag:denuncia,3.0,,,0.0,0.0005417977374720353,4
hashtags,hashtag:denunciacaocaluniosa,14.0,,,0.0,0.00205797905363505,4
hashtags,hashtag:denunciaconlegalidad,4.0,,,0.0,0.0013240870688856282,4
hashtags,hashtag:denunciafalsa,45.0,,,0.00031611472202249956,0.009774439321182635,1
hashtags,hashtag:denunciafalsaigualdelito,34.0,,,1.3487268111799421e-05,0.014073515430890797,1
hashtags,hashtag:denunciafalsano,27.0,,,0.0,0.005106123386349361,18
hashtags,hashtag:denunciap,28.0,,,2.3884949625811886e-07,0.032123845823620614,1
hashtags,hashtag:denuncias,56.0,,,0.00024852748842548925,0.044535410455393755,1
hashtags,hashtag:denunciasfalsas,246.0,,,0.01538616747546771,0.07960804873909236,1
hashtags,hashtag:denunciasfalsasdemujeres,80.0,,,0.0007921191775174497,0.05085170085943042,1
hashtags,hashtag:denunciasfalsasdeviolenciadegenero,11.0,,,0.0,0.004945947575688316,1
hashtags,hashtag:denunciasfalsasespa,4.0,,,0.0,0.0008263346158131426,4
hashtags,hashtag:denunciasfalsasno,14.0,,,0.0,0.004726680046856806,1
hashtags,hashtag:denunciasfalsasnoayudan,14.0,,,0.0,0.004726680046856806,1
hashtags,hashtag:denunciasinjustas,2.0,,,0.0,0.0030464778167872374,1
hashtags,hashtag:denunciasinpruebas,10.0,,,0.0,0.001340015962515795,4
hashtags,hashtag:denunciaviolenciadegenerofalsa,11.0,,,0.0,0.004945947575688316,1
hashtags,hashtag:denunviasfalsas,3.0,,,0.0,0.0012871103573950506,4
hashtags,hashtag:dependenciaemocional,4.0,,,0.0,0.002543023680600005,0
hashtags,hashtag:deporte,24.0,,,0.0003969681547118111,0.002263408286895663,3
hashtags,hashtag:depresiones,33.0,,,1.2580264556443763e-05,0.00604517539984703,1
hashtags,hashtag:depress,2.0,,,0.0,0.0010705491342617277,3
hashtags,hashtag:depressao,10.0,,,0.0,0.002422610524477237,2
hashtags,hashtag:derecho,34.0,,,5.4214562296656224e-05,0.0038551988599404125,4
hashtags,hashtag:derechoadefensa,27.0,,,0.0,0.005106123386349361,18
hashtags,hashtag:derechoaladefensa,10.0,,,2.28652203289274e-06,0.001678236784812911,4
hashtags,hashtag:derechoalavida,12.0,,,0.0,0.005612084872681689,1
hashtags,hashtag:derechoanglosajon,6.0,,,0.0,0.00043760468734338915,4
hashtags,hashtag:derechochileno,13.0,,,0.0,0.0006314891326085328,4
hashtags,hashtag:derechocivil,14.0,,,0.0,0.005251204139780656,1
hashtags,hashtag:derechocolombiano,4.0,,,0.0,0.0004282606879455911,4
hashtags,hashtag:derechodefamilia,61.0,,,0.0007597151495172452,0.01602305149698863,1
hashtags,hashtag:derechoenespa,4.0,,,0.0,0.003704317511167146,1
hashtags,hashtag:derechoespa,13.0,,,0.0,0.0006675454152084491,4
hashtags,hashtag:derecholaboral,10.0,,,0.0,0.005835780435078432,1
hashtags,hashtag:derechomexicano,11.0,,,0.0,0.006036186802525623,1
hashtags,hashtag:derechoparatodos,4.0,,,0.0,0.0005794811680712403,4
hashtags,hashtag:derechopenal,166.0,,,0.004207754021325497,0.010984955189414364,4
hashtags,hashtag:derechopenalargentina,4.0,,,0.0,0.00043901568529502695,4
hashtags,hashtag:derechopenalperuano,7.0,,,0.0,0.0006108926538996188,4
hashtags,hashtag:derechoperu,9.0,,,0.0,0.0013964640107989314,4
hashtags,hashtag:derechoperuano,6.0,,,0.0,0.001245035374191079,4
hashtags,hashtag:derechopr,4.0,,,0.0,0.00038190326557587537,4
hashtags,hashtag:derechoprocesal,16.0,,,0.0,0.0022279635750243497,4
hashtags,hashtag:derechos,25.0,,,0.0006939467557276766,0.0067209273216178285,4
hashtags,hashtag:derechosconstitucionales,11.0,,,0.0,0.0007361528632317574,4
hashtags,hashtag:derechosdefiliaci,12.0,,,0.0,0.008292757720587497,1
hashtags,hashtag:derechosdeidentidad,12.0,,,0.0,0.008292757720587497,1
hashtags,hashtag:derechosdelainfancia,42.0,,,0.000145396056499952,0.02165191961506233,1
hashtags,hashtag:derechosdelamujer,28.0,,,0.00018267906902365633,0.010333166958422216,1
hashtags,hashtag:derechosdelasabuelas,11.0,,,0.0,0.004932204582862263,36
hashtags,hashtag:derechosdelasmujeres,76.0,,,0.0010052989703812707,0.029050909336534463,1
hashtags,hashtag:derechosdelasmujeresyni,12.0,,,8.571832379844604e-06,0.004975426483443348,36
hashtags,hashtag:derechosdeldetenido,4.0,,,0.0,0.00041994732043035857,4
hashtags,hashtag:derechosdelhombre,41.0,,,0.00013865959817277427,0.015468799966795007,1
hashtags,hashtag:derechosdelinvestigado,13.0,,,0.0,0.0006675454152084491,4
hashtags,hashtag:derechosdelmenor,24.0,,,0.0,0.01014980531650126,1
hashtags,hashtag:derechosdelni,36.0,,,2.259489543063701e-05,0.01729466089699118,1
hashtags,hashtag:derechosdelniño,29.0,,,0.0,0.008643739604943006,1
hashtags,hashtag:derechosdelosabuelos,11.0,,,0.0,0.004932204582862263,36
hashtags,hashtag:derechosdeloshijos,10.0,,,0.0,0.004292438486276846,31
hashtags,hashtag:derechosdeloshombres,624.0,,,0.06781247785030883,0.21057213709344672,1
hashtags,hashtag:derechosdelosni,67.0,,,0.001425775307652574,0.034400385845667396,1
hashtags,hashtag:derechosdelosniños,29.0,,,0.0,0.008643739604943006,1
hashtags,hashtag:derechosdelospadres,19.0,,,0.0,0.005561757948636211,1
hashtags,hashtag:derechosdelpadre,4.0,,,0.0,0.0016610881617469514,1
hashtags,hashtag:derechosdetodoslosni,2.0,,,0.0,0.003073989102898365,36
hashtags,hashtag:derechosdeunpadre,10.0,,,0.0,0.004292438486276847,31
hashtags,hashtag:derechosfundamentales,92.0,,,0.0029726683210704354,0.015178378390404111,1
hashtags,hashtag:derechoshombres,26.0,,,0.0003324092526971763,0.02018796007992728,1
hashtags,hashtag:derechoshumanos,220.0,,,0.015654697737886938,0.062350061855245734,1
hashtags,hashtag:derogaci,9.0,,,0.0,0.003111722734937318,1
hashtags,hashtag:derogaciondelalivg,31.0,,,4.092722237432229e-05,0.015561784592569553,1
hashtags,hashtag:derogacionlivg,50.0,,,0.0006757207825663842,0.025561618933499324,1
hashtags,hashtag:derogacionlivg2004,7.0,,,0.0,0.002307054745010053,1
hashtags,hashtag:derogacionlivgya,15.0,,,2.3747149417797598e-05,0.004399744752195826,1
hashtags,hashtag:desactivalatrata,9.0,,,0.0,0.00034625735960219474,3
hashtags,hashtag:desafioconstante,15.0,,,0.0,0.010348463760912663,0
hashtags,hashtag:desafioysuperacion,15.0,,,0.0,0.008937961970094471,0
hashtags,hashtag:desapego,11.0,,,2.421358919325252e-07,0.005029340466728694,0
hashtags,hashtag:desapegoemocional,6.0,,,0.0,0.003723708308487655,0
hashtags,hashtag:desaprenderelpoder,14.0,,,0.0,0.0019052939707934083,27
hashtags,hashtag:desarollopersonal,5.0,,,0.0,0.0021415843926026255,0
hashtags,hashtag:desarrollodeconfianza,32.0,,,2.0792209607360183e-05,0.017987592295950622,0
hashtags,hashtag:desarrollodehabilidades,32.0,,,8.402075650234893e-06,0.017683026078985017,0
hashtags,hashtag:desarrollodehabitos,41.0,,,8.026936476058277e-06,0.02086317831366783,0
hashtags,hashtag:desarrollodehombres,28.0,,,0.0,0.013358774519492857,0
hashtags,hashtag:desarrolloemocional,9.0,,,0.0,0.0045738190625448675,0
hashtags,hashtag:desarrollomasculino,82.0,,,0.00253105071337313,0.027080117958272733,0
hashtags,hashtag:desarrollopersonal,387.0,,,0.02515577346395281,0.10572408499191312,0
hashtags,hashtag:desarrollopersonalfemenino,7.0,,,4.8740487318041054e-06,0.002828053966176793,0
hashtags,hashtag:desarrollopersonalhombre,11.0,,,0.0,0.00491311888720126,0
hashtags,hashtag:desarrollopersonalhombres,19.0,,,0.0,0.0035953798256476025,0
hashtags,hashtag:desarrollopersonalmacho,26.0,,,0.0,0.003634176635571606,9
hashtags,hashtag:desarrollopersonalymotivacion,8.0,,,0.0,0.004813093354032539,0
hashtags,hashtag:desarrollosostenible,71.0,,,0.00035584107506464485,0.02240056605493887,1
hashtags,hashtag:desayunoconvista,15.0,,,0.0,0.0016346725603620135,0
hashtags,hashtag:descansodelalma,3.0,,,0.0,0.0012475768476206846,0
hashtags,hashtag:descobrindoomundo,17.0,,,0.0,0.000670970732735285,2
hashtags,hashtag:descuento,6.0,,,0.0,0.00122187167731887,56
hashtags,hashtag:desechabilidadmasculina,18.0,,,0.0,0.02733152541319502,1
hashtags,hashtag:desejo,10.0,,,0.0,0.0017626622070239391,2
hashtags,hashtag:desejoirresist,19.0,,,0.0,0.001180046404754835,2
hashtags,hashtag:desejomasculino,19.0,,,0.0,0.001180046404754835,2
hashtags,hashtag:desenrolo,9.0,,,0.0,0.0008395988809653016,2
hashtags,hashtag:desenvolvimentointelectual,41.0,,,3.255846742049082e-05,0.003741730426074695,2
hashtags,hashtag:desenvolvimentomasculino,67.0,,,0.00043039323148830855,0.005787261975498732,2
hashtags,hashtag:desenvolvimentopessoal,78.0,,,0.002287220086194333,0.00837883577512867,2
hashtags,hashtag:desenvolvimentopessoalmasculino,14.0,,,0.0,0.001824269146430348,2
hashtags,hashtag:deseo,29.0,,,0.0002611682099400385,0.013984523065661262,0
hashtags,hashtag:desierto,4.0,,,0.0,0.001267229750523494,49
hashtags,hashtag:designerbagsale,17.0,,,0.0,4.262662288912499e-05,8
hashtags,hashtag:designerresale,17.0,,,0.0,4.262662288912499e-05,8
hashtags,hashtag:designpremium,8.0,,,1.0180990419168785e-08,0.0005184438268045307,6
hashtags,hashtag:desigualdad,52.0,,,0.0015142162758094557,0.039963770322477506,1
hashtags,hashtag:desigualdade,4.0,,,0.0,0.0029726373751564387,1
hashtags,hashtag:desigualdadedeg,4.0,,,0.0,0.0036063711870578863,3
hashtags,hashtag:desigualdadesocial,15.0,,,0.0,0.004516416371008142,3
hashtags,hashtag:desigualdadjuridica,15.0,,,0.0,0.004516416371008142,3
hashtags,hashtag:desobedienciafeminista,9.0,,,0.0,0.0027846506746593094,3
hashtags,hashtag:despacholegal,4.0,,,0.0,0.00038190326557587537,4
hashtags,hashtag:despertardeconsciencia,4.0,,,0.0,0.0009302865044154347,0
hashtags,hashtag:despertarespiritual,3.0,,,0.0,0.0006221297876340813,0
hashtags,hashtag:despertarmasculino,11.0,,,0.0,0.0019394786007003448,0
hashtags,hashtag:despierta,4.0,,,0.0,0.0017253966448706453,0
hashtags,hashtag:despiertaalfa,10.0,,,0.0,0.004164522947937803,0
hashtags,hashtag:despiertabro,9.0,,,0.0,0.004720117868351249,0
hashtags,hashtag:despiertahermano,11.0,,,0.0,0.004099415519466162,0
hashtags,hashtag:despiertatutestosterona,29.0,,,0.0,0.010968569465788723,0
hashtags,hashtag:destino,4.0,,,0.0,0.00021509536210137634,0
hashtags,hashtag:destinode,15.0,,,0.0,0.0005768915918664897,12
hashtags,hashtag:destinodelujo,14.0,,,0.0,0.0006489787209430508,12
hashtags,hashtag:detalles,13.0,,,0.0,0.000449091063067712,26
hashtags,hashtag:detectives,4.0,,,0.0,0.0007924440127539155,2
hashtags,hashtag:determinacion,19.0,,,0.0,0.00858825103319815,0
hashtags,hashtag:determinacionmasculina,29.0,,,0.0,0.009003900771292924,0
hashtags,hashtag:determination,15.0,,,0.0,0.01094097879249568,0
hashtags,hashtag:deudoresdealimentos,3.0,,,0.0,0.0013497398429525688,3
hashtags,hashtag:dhakafashion,4.0,,,0.0,3.4369850946267235e-05,8
hashtags,hashtag:dharmeshmore,19.0,,,0.0,0.002796844692480317,5
hashtags,hashtag:di,28.0,,,0.0,0.016369158989479785,1
hashtags,hashtag:diaconia,9.0,,,0.0,0.00034625735960219474,3
hashtags,hashtag:diacontralasdenunciasfalsas,3.0,,,0.0,0.0011983631977660046,1
hashtags,hashtag:diadelamujer,28.0,,,0.0,0.03583267381681606,1
hashtags,hashtag:diadelamujer2026,3.0,,,0.0,0.0029306890996864104,1
hashtags,hashtag:diadelhombre,142.0,,,0.007967092377823478,0.07534425956329344,1
hashtags,hashtag:diadelhombre2021,24.0,,,1.005661828776108e-05,0.02535439277638604,1
hashtags,hashtag:diadelosenamorados,48.0,,,0.0015160898416040703,0.04153186996414647,1
hashtags,hashtag:diadelpadre,75.0,,,0.004015716068269541,0.015575405569433994,0
hashtags,hashtag:diagnostico11,3.0,,,0.0,0.0006129604047668246,0
hashtags,hashtag:diagnostico1111,2.0,,,0.0,0.0006040889666714437,0
hashtags,hashtag:diainternacionalcontralasfalsasdenuncias,14.0,,,0.0,0.0022665130931418874,1
hashtags,hashtag:diainternacionaldamulher,6.0,,,0.0,0.0011552212872855735,39
hashtags,hashtag:diainternacionaldelamujer,13.0,,,0.0,0.006524945572132704,1
hashtags,hashtag:diainternacionaldelhombre,15.0,,,5.7811833951393266e-05,0.010615839254069141,1
hashtags,hashtag:diamundialmedioambiente,3.0,,,0.0,0.001086264614498205,3
hashtags,hashtag:diamundialparalaprevenciondelsuicidio,22.0,,,0.0,0.02634730784043559,1
hashtags,hashtag:diamundialprevencionsuicidio,23.0,,,0.0,0.027156670021989165,1
hashtags,hashtag:dicadodia,4.0,,,0.0,0.0009805954869274948,6
hashtags,hashtag:dicasdeconquista,40.0,,,6.259195687426919e-05,0.005107710981892033,2
hashtags,hashtag:dicasderelacionamento,9.0,,,0.0,0.0007346968106599586,2
hashtags,hashtag:dicasdesedu,9.0,,,0.0,0.0008297025791246145,32
hashtags,hashtag:dicasparahomens,14.0,,,0.0,0.001824269146430348,2
hashtags,hashtag:dick,22.0,,,0.0,0.0010613990045446394,6
hashtags,hashtag:dictaduraprogre,23.0,,,0.0,0.006190230292524388,11
hashtags,hashtag:didelhombre2023,4.0,,,0.0,0.004197269338352212,1
hashtags,hashtag:diegoruzzarin,20.0,,,0.0,0.027898572619580366,1
hashtags,hashtag:diegoruzzarincoaching,20.0,,,0.0,0.027898572619580366,1
hashtags,hashtag:diegoruzzarinopinion,20.0,,,0.0,0.027898572619580366,1
hashtags,hashtag:dif,3.0,,,0.0,0.0007065858618671167,4
hashtags,hashtag:difundir,14.0,,,0.0,0.0022665130931418874,1
hashtags,hashtag:digitalart,4.0,,,0.0,0.001175780482457537,66
hashtags,hashtag:dignidad,64.0,,,0.0002375141632361627,0.06171167218921489,1
hashtags,hashtag:dignidadhumana,14.0,,,0.0,0.007875789893429509,1
hashtags,hashtag:dignidadmasculina,74.0,,,6.090279066348711e-05,0.06922364942709135,1
hashtags,hashtag:dignitamaschile,26.0,,,0.0,0.007591111378626351,6
hashtags,hashtag:dignotip,9.0,,,0.0,0.007325798104075555,1
hashtags,hashtag:dimelopapi,11.0,,,0.0,0.002929269798068679,5
hashtags,hashtag:dineroconsciente,4.0,,,0.0,0.0015377613465511178,0
hashtags,hashtag:dinnertime,3.0,,,0.0,0.0011318094216284033,1
hashtags,hashtag:dinoviolenciadeg,17.0,,,0.0,0.003792776092526749,1
hashtags,hashtag:diosaisis,4.0,,,0.0,0.00017995036393110025,51
hashtags,hashtag:diosamagnetica,5.0,,,8.008070221583047e-07,0.00218951675213838,0
hashtags,hashtag:diosaqueinspira,4.0,,,0.0,0.0020271243437169862,0
hashtags,hashtag:diosesmigu,4.0,,,0.0,0.0012940324084563869,0
hashtags,hashtag:direccionylegado,18.0,,,0.0,0.0015978474948075776,0
hashtags,hashtag:direita,3.0,,,0.0,0.0007798757978681494,1
hashtags,hashtag:direitocriminal,2.0,,,0.0,0.0003852272578882762,4
hashtags,hashtag:direitosdasmulheres,9.0,,,6.215497793867156e-05,0.006283109099100266,3
hashtags,hashtag:direitosfundamentais,4.0,,,0.0,0.00110244835934339,3
hashtags,hashtag:direitoshumanos,38.0,,,2.554422527938018e-05,0.006900827199716327,3
hashtags,hashtag:direitosreprodutivos,19.0,,,0.0,0.00557805947686861,3
hashtags,hashtag:dirittimaschili,26.0,,,0.0,0.007591111378626351,6
hashtags,hashtag:dirittiumani,26.0,,,0.0,0.007591111378626351,6
hashtags,hashtag:discernimientofemenino,7.0,,,1.2565971407034324e-05,0.001774641392741856,0
hashtags,hashtag:disciplina,182.0,,,0.007921041548400681,0.06217607928474503,0
hashtags,hashtag:disciplinadeldiario,6.0,,,0.0,0.004363303115376961,0
hashtags,hashtag:disciplinadiaria,69.0,,,0.00013197133009517706,0.025349032502903764,0
hashtags,hashtag:disciplinaeslibertad,19.0,,,0.0,0.00858825103319815,0
hashtags,hashtag:disciplinafemenina,8.0,,,6.766190911902584e-06,0.002203011013803423,0
hashtags,hashtag:disciplinafinanciera,8.0,,,0.0,0.0030143892885430867,0
hashtags,hashtag:disciplinaimparable,26.0,,,4.194846951576618e-06,0.014310485714955223,0
hashtags,hashtag:disciplinainquebrantable,4.0,,,0.0,0.0009549637169436159,0
hashtags,hashtag:disciplinainterna,5.0,,,0.0,0.002445271611135086,2
hashtags,hashtag:disciplinamasculina,107.0,,,0.004589317176692902,0.02623783473381312,0
hashtags,hashtag:disciplinamental,30.0,,,0.00025390682169851276,0.010516739168542384,0
hashtags,hashtag:disciplinamilitar,4.0,,,0.0,0.00076792511791276,0
hashtags,hashtag:disciplinapersonal,15.0,,,0.0,0.009872033097714103,0
hashtags,hashtag:disciplinapositiva,3.0,,,0.0,0.0011612111609373996,3
hashtags,hashtag:disciplinaprevalece,4.0,,,0.0,0.0005233766455999488,0
hashtags,hashtag:disciplinay,7.0,,,4.653941791082268e-06,0.003902618609253702,0
hashtags,hashtag:disciplinayconstancia,8.0,,,0.0,0.004813093354032539,0
hashtags,hashtag:disciplinayesfuerzo,15.0,,,0.0,0.00803343350061178,0
hashtags,hashtag:disciplinayexito,23.0,,,0.0,0.015358500437588558,0
hashtags,hashtag:disciplinaytrabajoduro,25.0,,,0.0,0.014710878262659662,0
hashtags,hashtag:discipline,107.0,,,0.004738213481620439,0.024978024098583407,5
hashtags,hashtag:discipuladoparahombres,4.0,,,0.0,0.0007414673144908544,2
hashtags,hashtag:disclosureday,4.0,,,0.0,3.1318321645449824e-32,54
hashtags,hashtag:discoveringnewplaces,4.0,,,0.0,0.0023888512544513857,59
hashtags,hashtag:discriminaci,26.0,,,0.0,0.010970178532807436,1
hashtags,hashtag:discriminacion,15.0,,,0.0,0.00036138611157992374,3
hashtags,hashtag:discriminacionmasculina,15.0,,,0.0,0.00036138611157992374,3
hashtags,hashtag:discriminazione,26.0,,,0.0,0.007591111378626351,6
hashtags,hashtag:discursodeodio,27.0,,,0.0,0.022626891877341963,1
hashtags,hashtag:discursosdeodio,27.0,,,0.0,0.022626891877341963,1
hashtags,hashtag:dise,23.0,,,0.00019554256425195697,0.002195798199234405,0
hashtags,hashtag:disfrutarlavida,4.0,,,0.0,0.0012661674830273494,0
hashtags,hashtag:disposi,4.0,,,0.0,0.0006284516257421685,6
hashtags,hashtag:disposicao,4.0,,,0.0,0.0006239672140899519,6
hashtags,hashtag:distopia,29.0,,,0.0,0.004103743162719225,7
hashtags,hashtag:distopiabrasil,29.0,,,0.0,0.004103743162719225,7
hashtags,hashtag:distopiabrasileira,29.0,,,0.0,0.004103743162719225,7
hashtags,hashtag:distopias,29.0,,,0.0,0.004103743162719225,7
hashtags,hashtag:distopiasbrasil,29.0,,,0.0,0.004103743162719225,7
hashtags,hashtag:diversa,9.0,,,0.0,0.0046404729123906965,1
hashtags,hashtag:diversidad,58.0,,,0.0003014376013332445,0.028581278260723732,1
hashtags,hashtag:diversidade,4.0,,,0.0,0.0012170447322779013,3
hashtags,hashtag:diversidadsexual,26.0,,,0.0,0.010970178532807436,1
hashtags,hashtag:divinefeminine,3.0,,,0.0,0.002890737536053985,1
hashtags,hashtag:divinemasculine,16.0,,,0.0,0.005476698057000226,5
hashtags,hashtag:divineorder,18.0,,,0.0,0.002054793708970469,3
hashtags,hashtag:divorcio,51.0,,,0.0005809157479095458,0.039923164011599475,1
hashtags,hashtag:divorcioconsciente,12.0,,,0.0,0.003976271382485984,1
hashtags,hashtag:divorciojusto,5.0,,,0.0,0.003972689906596276,1
hashtags,hashtag:divorciomexico,4.0,,,0.0,0.0007280513583753621,2
hashtags,hashtag:divorcios,13.0,,,0.0,0.021364617577835823,1
hashtags,hashtag:dj,18.0,,,1.3362549925159032e-08,0.0015714466323830585,22
hashtags,hashtag:dnhbracelets,4.0,,,0.0,3.4369850946267235e-05,8
hashtags,hashtag:do,3.0,,,0.0,0.0006129604047668246,0
hashtags,hashtag:doce,4.0,,,0.0,0.002534169203494174,2
hashtags,hashtag:doctrinavalentus,18.0,,,0.0,0.0015978474948075776,0
hashtags,hashtag:documental,9.0,,,0.0,0.009048098985099715,1
hashtags,hashtag:dog,22.0,,,0.0,0.004773118116429363,5
hashtags,hashtag:dogmom,4.0,,,0.0,0.0023888512544513857,58
hashtags,hashtag:dollarbill,4.0,,,0.0,0.002355580583843058,7
hashtags,hashtag:dolo,13.0,,,0.0,0.0006314891326085328,4
hashtags,hashtag:dolor,5.0,,,0.0,0.0018390245768471266,0
hashtags,hashtag:dolorsilencioso,5.0,,,0.0,0.002445271611135086,2
hashtags,hashtag:doloryprogreso,9.0,,,0.0,0.004720117868351249,0
hashtags,hashtag:dominalamente,21.0,,,1.948900188351991e-06,0.0014495292963733926,19
hashtags,hashtag:dominamental,9.0,,,0.0,0.0062343341446940105,0
hashtags,hashtag:dominancia,55.0,,,0.0008445994179089918,0.020381374842246232,0
hashtags,hashtag:dominanciamasculina,19.0,,,0.0,0.0008356462349161245,2
hashtags,hashtag:domingodememes,23.0,,,2.8462681632408547e-06,0.030503010497685102,1
hashtags,hashtag:dominiomasculino,18.0,,,0.0,0.0011372225496390457,2
hashtags,hashtag:dominiomental,15.0,,,0.00018687755343744697,0.0046454482004585,0
hashtags,hashtag:dominiopropio,25.0,,,0.00011727512954426651,0.009988602451354918,0
hashtags,hashtag:dominiototaldelser,18.0,,,0.00011386874240341399,0.012324715422201019,0
hashtags,hashtag:donaldtrumpmeme,28.0,,,0.0,0.005106888786422563,10
hashtags,hashtag:donaldtrumpmemes,28.0,,,0.0,0.005106888786422563,10
hashtags,hashtag:doomermemes,29.0,,,0.0,0.005411935865336084,10
hashtags,hashtag:doppiostandard,26.0,,,0.0,0.007591111378626351,6
hashtags,hashtag:doublestandards,8.0,,,0.0,0.00515054208988245,7
hashtags,hashtag:doworkson,1.0,,,0.0,1.6068557010621184e-40,74
hashtags,hashtag:drake,22.0,,,6.322920791737044e-06,0.02301967378265398,1
hashtags,hashtag:drakesongs,13.0,,,0.0,0.016676580246042995,1
hashtags,hashtag:dranimiamurillo,4.0,,,0.0,0.001293117734865988,0
hashtags,hashtag:dranombredelmedico,4.0,,,0.0,0.0006071457062017672,0
hashtags,hashtag:drarebecahenriquez,2.0,,,0.0,0.0003559435729295989,4
hashtags,hashtag:drastefanyplasencia,4.0,,,0.0,0.0018030227691372335,0
hashtags,hashtag:draugustoblanco,5.0,,,0.0,0.00391593682336759,2
hashtags,hashtag:drbonnieeakerweil,29.0,,,0.0,0.010932546935428578,5
hashtags,hashtag:drdouglas,4.0,,,0.0,0.0015289345022165982,2
hashtags,hashtag:dreambuild,4.0,,,0.0,3.440037599472955e-05,8
hashtags,hashtag:drjohndemartini,29.0,,,0.0,0.010932546935428578,5
hashtags,hashtag:drkaplanian,19.0,,,0.0,0.0031219301240658737,1
hashtags,hashtag:drlspessoto,20.0,,,0.0,0.000974078637967859,6
hashtags,hashtag:dualidad,4.0,,,0.0,0.0011024483593433901,3
hashtags,hashtag:dudarazonable,13.0,,,0.0,0.0006314891326085328,4
hashtags,hashtag:duelo,25.0,,,0.0,0.012079522828123652,2
hashtags,hashtag:duelomasculino,5.0,,,1.7816733233545374e-08,0.0007382897660709753,2
hashtags,hashtag:duitama,19.0,,,0.0,0.001693421732041801,4
hashtags,hashtag:dulceriquettfood,20.0,,,0.0,0.0060388951014323025,3
hashtags,hashtag:dumbbitchlogic,16.0,,,9.9755582452439e-07,0.0061565983657537425,7
hashtags,hashtag:dw_zamora,4.0,,,0.0,0.0018837008421293082,0
hashtags,hashtag:dysfunctionalbehaviors,15.0,,,3.4709783434523073e-06,0.005756586030332223,7
hashtags,hashtag:dysfunctionalrelationships,8.0,,,0.0,0.005150284333980965,7
hashtags,hashtag:dzieci,4.0,,,0.0,0.002330083723053534,38
hashtags,hashtag:e3noticiasrd,4.0,,,0.0,0.0010977152274710517,4
hashtags,hashtag:earlychristianity,10.0,,,0.0,0.0025579670246815064,7
hashtags,hashtag:eatright,4.0,,,0.0,0.0023912422301894526,5
hashtags,hashtag:eaudeparfum,8.0,,,0.0,0.0008880709917785036,2
hashtags,hashtag:ebook,17.0,,,0.0,0.0014349044918028685,2
hashtags,hashtag:ebookbrasil,17.0,,,0.0,0.0014349044918028685,2
hashtags,hashtag:ebooksdesucesso,17.0,,,0.0,0.0014349044918028685,2
hashtags,hashtag:eccmedia,3.0,,,0.0,0.0033971201057247553,1
hashtags,hashtag:echtesdating,5.0,,,0.0,3.488970728540945e-05,8
hashtags,hashtag:eco112,17.0,,,0.0,0.003792776092526749,1
hashtags,hashtag:econom,11.0,,,1.8331992159862705e-05,0.00477066975753905,3
hashtags,hashtag:ecosdegrandeza,14.0,,,4.96019541053951e-05,0.0022587102149823307,0
hashtags,hashtag:ecuador,15.0,,,0.0,0.004898145520281152,2
hashtags,hashtag:edificatufamilia,7.0,,,0.0,0.002853966573827843,33
hashtags,hashtag:educa,12.0,,,0.0001896939778371305,0.006266629836096685,3
hashtags,hashtag:educacaoemocional,17.0,,,0.0,0.0064498333144806935,2
hashtags,hashtag:educacaoparental,4.0,,,0.0,0.0006220963118201946,0
hashtags,hashtag:educaci,25.0,,,0.00012401755967743892,0.02390994075784755,1
hashtags,hashtag:educacion,16.0,,,0.0,0.0005852067064686101,4
hashtags,hashtag:educacionemocional,18.0,,,0.0,0.00413600993287865,2
hashtags,hashtag:educacionfinanciera,21.0,,,0.0,0.0063827726223059395,0
hashtags,hashtag:educacionlegal,9.0,,,0.0,0.0013964640107989314,4
hashtags,hashtag:educacionpersonal,6.0,,,0.0,0.0029265517168739373,0
hashtags,hashtag:educacionsexual,13.0,,,0.0009012560312983831,0.004318235366514328,3
hashtags,hashtag:educarconamor,29.0,,,0.0,0.019259517887252185,1
hashtags,hashtag:educionemocional,6.0,,,0.0,0.0029265517168739373,0
hashtags,hashtag:eeuu,15.0,,,0.0,0.004898145520281152,2
hashtags,hashtag:egipt,5.0,,,1.7816733233545374e-08,0.0001824810700106032,51
hashtags,hashtag:ego,8.0,,,0.00011595729874005411,0.0038624479271392427,3
hashtags,hashtag:egocentrico,29.0,,,0.0,0.03489291142231954,1
hashtags,hashtag:egocentrismo,29.0,,,0.0,0.03489291142231954,1
hashtags,hashtag:egofemenino,47.0,,,2.2230036409520376e-05,0.05245422645620413,1
hashtags,hashtag:egofuerte,5.0,,,0.0,0.000546273052609811,2
hashtags,hashtag:egoismo,29.0,,,0.0,0.03489291142231954,1
hashtags,hashtag:eguaglianza,26.0,,,0.0,0.007591111378626351,6
hashtags,hashtag:einzelg,5.0,,,0.0,0.0025245591064974467,11
hashtags,hashtag:einzelk,5.0,,,0.0,0.0025245591064974467,11
hashtags,hashtag:ejecucion,4.0,,,0.0,0.00076792511791276,0
hashtags,hashtag:elameignorou,9.0,,,0.0,0.0008160618282362651,2
hashtags,hashtag:elamorensulugar,26.0,,,7.1750355141464475e-06,0.0056333175061175226,1
hashtags,hashtag:elavailembrar,5.0,,,0.0,0.00048499043266629545,2
hashtags,hashtag:elavainotar,11.0,,,3.1771358044728903e-06,0.0009201394669718952,2
hashtags,hashtag:elcaballeromoderno,6.0,,,0.0,0.00048320964049395194,0
hashtags,hashtag:elcastillodeloslocos,6.0,,,0.0,0.001179228377118214,1
hashtags,hashtag:elchavo,11.0,,,0.0,0.002929269798068679,5
hashtags,hashtag:elcodicedelhombre,3.0,,,0.0,0.00014127274427172375,0
hashtags,hashtag:elcodigodelalfa,27.0,,,0.0,0.013809575269158006,0
hashtags,hashtag:eldelitodeserhombre,4.0,,,0.0,0.0020041409852467945,1
hashtags,hashtag:eldespertaralfa,3.0,,,0.0,0.001092945451517918,0
hashtags,hashtag:eldiadelhombrenosetoca,23.0,,,0.0,0.006190230292524388,11
hashtags,hashtag:eldiarioazuldecarlota,4.0,,,0.0,0.0023078633055247694,14
hashtags,hashtag:eleaosseusp,9.0,,,0.0,0.0008297025791246145,32
hashtags,hashtag:eleg,8.0,,,1.0180990419168785e-08,0.0005184438268045307,6
hashtags,hashtag:elegancia,4.0,,,0.0,0.0019363297176915582,0
hashtags,hashtag:eleganciamasculina,46.0,,,4.369672698333153e-05,0.01349746951179841,0
hashtags,hashtag:eleganciasensual,6.0,,,0.0,0.0007481661143702082,0
hashtags,hashtag:elenacruzt,1.0,,,0.0,0.0012119866418313695,0
hashtags,hashtag:elesella,26.0,,,0.0,0.010970178532807436,1
hashtags,hashtag:elespadach,8.0,,,0.0,0.0019019670575915037,0
hashtags,hashtag:elestadoesresponsable,4.0,,,0.0,0.0014742289697016245,3
hashtags,hashtag:eleva,28.0,,,0.0,0.012811568554774716,0
hashtags,hashtag:elevatujuego,28.0,,,0.0,0.012811568554774716,0
hashtags,hashtag:elfeminismoesc,9.0,,,0.0,0.0008400451048883602,34
hashtags,hashtag:elfronterizo,15.0,,,0.0,0.0006089113598757514,4
hashtags,hashtag:elhombrecuidador,4.0,,,0.0,0.000849430865207451,0
hashtags,hashtag:elhombreguialamujerilumina,2.0,,,0.0,0.000589573322745624,0
hashtags,hashtag:elianaalvescruz,21.0,,,0.0,0.004768598764886373,3
hashtags,hashtag:eligeagendaespaña,29.0,,,0.0,0.008643739604943006,1
hashtags,hashtag:elisamasantos,21.0,,,0.0,0.004768598764886373,3
hashtags,hashtag:elitemasculina,5.0,,,0.0,0.0031044024517803883,0
hashtags,hashtag:ellasynosotros,2.0,,,0.0,0.0005133461339605261,1
hashtags,hashtag:ellayel,26.0,,,0.0,0.010970178532807436,1
hashtags,hashtag:ellostambienimportan,4.0,,,0.0,0.000738684125917569,1
hashtags,hashtag:elmetodo,9.0,,,0.0,0.004119485930268396,0
hashtags,hashtag:elmuro,13.0,,,0.0,0.008195805623686693,0
hashtags,hashtag:elorgullopermanece,29.0,,,0.0,0.019259517887252185,1
hashtags,hashtag:elotro8m,3.0,,,0.0,0.0009993244121664865,1
hashtags,hashtag:elpoderdelasombra,7.0,,,0.0,0.0008824444601974013,0
hashtags,hashtag:elreyjes,6.0,,,0.0,0.00047475590190294403,55
hashtags,hashtag:eltemach,62.0,,,0.000768900699241095,0.05653960436266211,1
hashtags,hashtag:elvisact,9.0,,,0.0,3.713652007067306e-05,8
hashtags,hashtag:emancipacion,5.0,,,0.0,0.003461393134923738,0
hashtags,hashtag:embroyderyart,3.0,,,0.0,0.001086264614498205,3
hashtags,hashtag:emerge,8.0,,,0.0,0.004143579032914734,2
hashtags,hashtag:emergencias,20.0,,,0.0,0.004172052129055469,1
hashtags,hashtag:emigrar,4.0,,,0.0,0.0020367618819214176,4
hashtags,hashtag:emiliemottettour,5.0,,,0.0,0.0026649509873707244,1
hashtags,hashtag:emma,9.0,,,0.0,0.0008400451048883602,34
hashtags,hashtag:emociones,13.0,,,1.818640203281181e-05,0.005112281983473755,2
hashtags,hashtag:emocionesaut,29.0,,,0.0,0.014871641971113308,0
hashtags,hashtag:emocje,4.0,,,0.0,0.002331045984971712,38
hashtags,hashtag:emotionalimmaturity,11.0,,,2.138007988025445e-08,0.005442530045120079,7
hashtags,hashtag:emotionalreality,4.0,,,0.0,0.0013012453889187049,7
hashtags,hashtag:empatia,43.0,,,0.0003160237650144052,0.041681827892576906,1
hashtags,hashtag:empecemosaserhombres,14.0,,,0.0,0.008114484751477271,1
hashtags,hashtag:emperatrizmagnetica,6.0,,,2.813535972551428e-07,0.003047820634935159,0
hashtags,hashtag:empezardecero,4.0,,,0.0,0.000208277372896964,0
hashtags,hashtag:empoderada,11.0,,,8.076960151562171e-05,0.002055311230677136,0
hashtags,hashtag:empoderamentofeminino,7.0,,,1.202016191288555e-05,0.00129089049446305,3
hashtags,hashtag:empoderamiento,27.0,,,2.819083337701212e-07,0.016531917288711593,0
hashtags,hashtag:empoderamientoal,26.0,,,0.0,0.003634176635571606,9
hashtags,hashtag:empoderamientof,4.0,,,0.0,0.0018334941747465993,0
hashtags,hashtag:empoderamientofemenino,46.0,,,0.0007659781020920092,0.021635274005175432,1
hashtags,hashtag:empoderamientomasculino,134.0,,,0.005131572181920096,0.08685528819310265,1
hashtags,hashtag:emprendedoras,45.0,,,8.139181201044095e-05,0.01748732384572008,0
hashtags,hashtag:emprendedoraslatam,21.0,,,0.0,0.0063827726223059395,0
hashtags,hashtag:emprendedoraslatinas,4.0,,,0.0,0.001268023991067084,8
hashtags,hashtag:emprendedores,82.0,,,0.001223931676802308,0.03154012479715469,0
hashtags,hashtag:emprendedoresdealto,26.0,,,0.0,0.003634176635571606,9
hashtags,hashtag:emprendedoresmacho,26.0,,,0.0,0.003634176635571606,9
hashtags,hashtag:emprendehoy,4.0,,,0.0,0.0008578980146217611,0
hashtags,hashtag:emprender,86.0,,,0.002134497203432562,0.03001345843516565,0
hashtags,hashtag:emprendersinviolencia,16.0,,,0.0,0.005680240609278582,9
hashtags,hashtag:emprendimiento,35.0,,,3.192388912397799e-05,0.020323232526157038,0
hashtags,hashtag:emprendimientomasculino,18.0,,,0.0,0.0030618562473943276,24
hashtags,hashtag:empresaria,7.0,,,4.811707899694669e-06,0.001411271483772971,5
hashtags,hashtag:empresario,16.0,,,0.0,0.005973991470208949,0
hashtags,hashtag:empresariojoven,8.0,,,0.0,0.0025949026643242146,0
hashtags,hashtag:empresasb,30.0,,,1.4037832650528009e-05,0.008131243179446851,9
hashtags,hashtag:empresasresponsables,21.0,,,0.0,0.005708093639223287,9
hashtags,hashtag:enamoramiento,15.0,,,0.0,0.004898145520281152,2
hashtags,hashtag:enamorar,8.0,,,0.0,0.0025949026643242146,0
hashtags,hashtag:enarmonia,4.0,,,0.0,0.0010325482553627727,0
hashtags,hashtag:encajes,1.0,,,0.0,0.00017214165317093743,0
hashtags,hashtag:encantosinesfuerzo,9.0,,,0.0,0.0010153052432572405,6
hashtags,hashtag:endiosamiento,41.0,,,1.1044472125237547e-05,0.04894353314056677,1
hashtags,hashtag:energ,15.0,,,0.0002666807826871146,0.004664472708360436,0
hashtags,hashtag:energia,13.0,,,7.189284891532787e-05,0.0015815196973247827,0
hashtags,hashtag:energiadeabundancia,4.0,,,0.0,0.0015377613465511178,0
hashtags,hashtag:energiafemenina,119.0,,,0.006571056869471602,0.01807259556193106,0
hashtags,hashtag:energiafeminina,7.0,,,3.5011449903196107e-06,0.0011802140325943367,2
hashtags,hashtag:energiainterna,27.0,,,0.0,0.013809575269158006,0
hashtags,hashtag:energiamasculina,319.0,,,0.048590577049655574,0.04174112386678318,0
hashtags,hashtag:energianatural,45.0,,,8.838801678838261e-05,0.01316507113872237,0
hashtags,hashtag:energiasocial,4.0,,,0.0,0.0005916904290389927,0
hashtags,hashtag:energy,2.0,,,0.0,3.3375268509752726e-05,8
hashtags,hashtag:energyfemenine,4.0,,,0.0,0.00247242548332824,0
hashtags,hashtag:energyprotection,10.0,,,0.0,0.0011566889996977392,5
hashtags,hashtag:energíaalfa,19.0,,,0.0,0.002274614306889274,0
hashtags,hashtag:enfocada,4.0,,,0.0,0.0013059414599704464,0
hashtags,hashtag:enfocados,6.0,,,0.0,0.0025462793806228655,2
hashtags,hashtag:enfocateenti,8.0,,,0.0,0.004813093354032539,0
hashtags,hashtag:enfoque,72.0,,,0.0006938871262495136,0.028936019608160196,0
hashtags,hashtag:enfoquemental,4.0,,,0.0,0.00017351782731386017,0
hashtags,hashtag:enfoquesoberano,4.0,,,0.0,0.0005233766455999488,0
hashtags,hashtag:enfoquetotal,4.0,,,0.0,0.0025677432435874423,0
hashtags,hashtag:enough,4.0,,,0.0,0.002986471093165673,7
hashtags,hashtag:enpiedelucha,20.0,,,0.0,0.0060388951014323025,3
hashtags,hashtag:enriquesantosshow,9.0,,,0.0,0.0015475674688728432,2
hashtags,hashtag:ensaio,9.0,,,0.0,0.00468781180688532,2
hashtags,hashtag:ensaiosdedespedida,21.0,,,0.0,0.004768598764886373,3
hashtags,hashtag:ensayo,12.0,,,0.0,0.00824661313547253,1
hashtags,hashtag:ensemblecontrelad,2.0,,,0.0,3.995925674907028e-36,67
hashtags,hashtag:ensopadodeborrego,4.0,,,0.0,0.002400212638642691,2
hashtags,hashtag:entrebros,33.0,,,4.561564797565668e-05,0.009699619029974717,0
hashtags,hashtag:entregacompleta,28.0,,,0.0,0.00610954442222753,2
hashtags,hashtag:entregatotal,28.0,,,0.0,0.00610954442222753,2
hashtags,hashtag:entrehombres,9.0,,,0.0,0.0016141306219334657,37
hashtags,hashtag:entrenaconsistema,6.0,,,0.0,0.0009282870893613711,0
hashtags,hashtag:entrenamiento,25.0,,,0.0,0.0043000529664691456,5
hashtags,hashtag:entrenamientodefuerza,36.0,,,0.0009558073420152292,0.012149422397102684,0
hashtags,hashtag:entrenamientointenso,29.0,,,0.0,0.009003900771292924,0
hashtags,hashtag:entrenamientoonline,7.0,,,0.0,0.0013517471994518332,3
hashtags,hashtag:entrepreneur,29.0,,,0.0,0.01257269272367216,5
hashtags,hashtag:entrepreneurlife,16.0,,,0.0,0.005680240609278582,9
hashtags,hashtag:entrepreneurmindset,12.0,,,0.0,0.0033545432706420988,5
hashtags,hashtag:entrevista,7.0,,,0.0,0.0013416226181462742,4
hashtags,hashtag:entrupyverified,17.0,,,0.0,4.262662288912499e-05,8
hashtags,hashtag:enviogratis,9.0,,,0.0,0.0001943153505925278,30
hashtags,hashtag:eoninvicto,4.0,,,0.0,0.0005233766455999488,0
hashtags,hashtag:epidemia,4.0,,,0.0,0.0020454749023438687,2
hashtags,hashtag:epidemiadenarcisistas,2.0,,,0.0,0.0010705491342617277,3
hashtags,hashtag:epidemiadesoledadmasculina,9.0,,,0.0,0.006270676990137519,2
hashtags,hashtag:epstein,4.0,,,0.0,0.0008870134343251138,1
hashtags,hashtag:equality,12.0,,,0.00016521380349646537,0.005697092215485788,7
hashtags,hashtag:equidad,119.0,,,0.0019868807424226116,0.04560347104371996,1
hashtags,hashtag:equidaddeg,23.0,,,4.359574903793883e-05,0.009467210807592323,1
hashtags,hashtag:equidaddegenero,39.0,,,4.059115684100665e-06,0.045030783568672746,1
hashtags,hashtag:equidademocional,9.0,,,0.0,0.0015475674688728432,2
hashtags,hashtag:equidadjudicial,12.0,,,0.0,0.003605988470255895,1
hashtags,hashtag:equilibriointerior,21.0,,,2.259411889442212e-05,0.00516723547416703,0
hashtags,hashtag:erc,13.0,,,0.0,0.005725717667115686,1
hashtags,hashtag:erinpizzey,5.0,,,0.0,0.006018096708785039,1
hashtags,hashtag:eroticboutique,4.0,,,0.0,0.00040095851077941457,6
hashtags,hashtag:eroticphotography,13.0,,,0.0,0.000449091063067712,26
hashtags,hashtag:erotismo,8.0,,,2.1225529527956013e-05,0.0011675649227422,39
hashtags,hashtag:erroreslegales,4.0,,,0.0,0.00437195323122428,1
hashtags,hashtag:escalabasica,21.0,,,0.0,0.0007781466895648228,17
hashtags,hashtag:escapada,6.0,,,0.0,0.001179228377118214,1
hashtags,hashtag:escenasdepeliculas,19.0,,,0.0,0.004270595091589306,0
hashtags,hashtag:esclavitud,10.0,,,0.0,0.008170116447986332,1
hashtags,hashtag:escolhas,7.0,,,0.0,0.0026347891718044325,2
hashtags,hashtag:escravidaoeresistencia,6.0,,,0.0,0.0011363069268552723,3
hashtags,hashtag:escritora,3.0,,,0.0,0.0031048418404555672,1
hashtags,hashtag:escuchaconprop,6.0,,,0.0,0.0017842657815314807,2
hashtags,hashtag:escuchasinjuicio,7.0,,,2.7425293278054473e-07,0.001608856518490978,2
hashtags,hashtag:esdehombres,10.0,,,0.0,0.0034815206350228417,0
hashtags,hashtag:esenciadegrandeza,15.0,,,0.0,0.0005768915918664897,12
hashtags,hashtag:esenciademujer,9.0,,,0.0,0.00019519176001668058,13
hashtags,hashtag:esenciadetriunfo,14.0,,,0.0,0.0006489787209430508,12
hashtags,hashtag:esenciafemenina,3.0,,,0.0,0.0012475768476206846,0
hashtags,hashtag:esfor,25.0,,,0.0,0.0007976069945091548,14
hashtags,hashtag:esfuerzo,18.0,,,1.7564402120327918e-06,0.01241479816360492,0
hashtags,hashtag:esfuerzoconstante,98.0,,,0.00025019205514073106,0.03784395439187618,0
hashtags,hashtag:esfuerzopersonal,15.0,,,0.0,0.008937961970094471,0
hashtags,hashtag:esfuerzos,27.0,,,2.819083337701212e-07,0.016531917288711593,0
hashtags,hashtag:esfuerzoyconstancia,38.0,,,1.527686174169878e-05,0.019593260186312904,0
hashtags,hashtag:esfuerzoytrabajoduro,15.0,,,0.0,0.007650936213265102,0
hashtags,hashtag:esg,28.0,,,0.0,0.016369158989479785,1
hashtags,hashtag:esi,3.0,,,0.0,0.001086264614498205,3
hashtags,hashtag:espa,54.0,,,0.0008230191685223555,0.00614403760574921,4
hashtags,hashtag:espan,5.0,,,4.7511288622787665e-08,0.0012842503746298426,0
hashtags,hashtag:españa,53.0,,,0.00015597125719517168,0.011012457573778658,1
hashtags,hashtag:españadespierta,27.0,,,0.0,0.006196224240590878,1
hashtags,hashtag:españaexiste12e,29.0,,,0.0,0.008643739604943006,1
hashtags,hashtag:especismo,4.0,,,0.0,0.0011024483593433901,3
hashtags,hashtag:especismodualidadypatriarcado,4.0,,,0.0,0.0011024483593433901,3
hashtags,hashtag:espect,12.0,,,0.0,0.002370476573597174,3
hashtags,hashtag:espectaculo,16.0,,,0.0,0.00045050941568459984,4
hashtags,hashtag:esperaralmatrimonio,4.0,,,0.0,0.00018772830510742602,0
hashtags,hashtag:espiralmasculino,6.0,,,0.0,0.004501116473742661,2
hashtags,hashtag:espiritualidad,35.0,,,0.0011262627884305052,0.008974054280747353,0
hashtags,hashtag:espiritualidadefeminista,4.0,,,0.0,0.0012283500547513254,3
hashtags,hashtag:espiritualidadfemenina,19.0,,,0.0,0.005140422313732877,0
hashtags,hashtag:esposos,11.0,,,0.0,0.004368434176413973,44
hashtags,hashtag:esr,28.0,,,0.0,0.016369158989479785,1
hashtags,hashtag:estadisticas,27.0,,,0.0,0.022626891877341963,1
hashtags,hashtag:estado,4.0,,,0.0,0.0023580079999307915,4
hashtags,hashtag:estadodederecho,48.0,,,0.0003857858107998783,0.003641289442813722,4
hashtags,hashtag:estadofallido,10.0,,,5.067952567591008e-06,0.00693340691238507,1
hashtags,hashtag:estatusmasculino,6.0,,,0.0,0.0009282870893613711,0
hashtags,hashtag:estatusylujo,18.0,,,0.0,0.00022765996402525633,13
hashtags,hashtag:estatutooperativo,18.0,,,0.0,0.0015978474948075776,0
hashtags,hashtag:estiloamadeirado,4.0,,,0.0,0.0004770286422260567,2
hashtags,hashtag:estilocafajeste,19.0,,,0.0,0.0008356462349161245,2
hashtags,hashtag:estilodecampe,4.0,,,0.0,0.0004047161445792244,6
hashtags,hashtag:estilodevida,23.0,,,0.00012600855776386452,0.007255820358331681,0
hashtags,hashtag:estilodevidabravo,11.0,,,0.0,0.00491311888720126,0
hashtags,hashtag:estilodevidamasculino,51.0,,,0.0007150447631629641,0.011081414346003664,0
hashtags,hashtag:estilodevidasaludable,19.0,,,0.0,0.004278221161241839,0
hashtags,hashtag:estilodevidasano,29.0,,,0.0,0.009003900771292924,0
hashtags,hashtag:estilodevidasaud,14.0,,,0.0,0.0015853214606499715,2
hashtags,hashtag:estilofemenino,18.0,,,0.0,0.00022765996402525633,13
hashtags,hashtag:estiloindomable,14.0,,,0.0,0.0006489787209430508,12
hashtags,hashtag:estilointeligente,7.0,,,0.0,0.000511253465724382,6
hashtags,hashtag:estilolnteligente,7.0,,,0.0,0.000511253465724382,6
hashtags,hashtag:estilomasculino,9.0,,,1.849199288074268e-06,0.0006073223929903116,6
hashtags,hashtag:estilosupremo,15.0,,,0.0,0.0005768915918664897,12
hashtags,hashtag:estimulacionmasculina,4.0,,,0.0,0.00040095851077941457,6
hashtags,hashtag:estoicismo,82.0,,,0.0010473775037395977,0.031591491277056544,0
hashtags,hashtag:estoicismomoderno,8.0,,,0.0,0.0030143892885430867,0
hashtags,hashtag:estoico,28.0,,,0.0,0.012811568554774716,0
hashtags,hashtag:estoicos,5.0,,,0.0,0.0029076419146779322,0
hashtags,hashtag:estrat,33.0,,,1.1232253098276116e-05,0.0034941895596168056,2
hashtags,hashtag:estrate,26.0,,,0.0,0.002208318808576678,2
hashtags,hashtag:estrategaoscuro,21.0,,,1.948900188351991e-06,0.0014495292963733926,19
hashtags,hashtag:estrategia,4.0,,,0.0,0.0009549637169436159,0
hashtags,hashtag:estrategiadeseduccion,21.0,,,1.948900188351991e-06,0.0014495292963733926,19
hashtags,hashtag:estrategiasmentales,26.0,,,0.0,0.003634176635571606,9
hashtags,hashtag:estres,25.0,,,0.0,0.012079522828123652,2
hashtags,hashtag:estudiaroposiciones,21.0,,,0.0,0.0007781466895648228,17
hashtags,hashtag:estudiojur,5.0,,,0.0,0.004356932121713358,1
hashtags,hashtag:estudiojuridico,9.0,,,0.0,0.0006890940902538127,4
hashtags,hashtag:estudios,29.0,,,0.00010093635554951054,0.023302422963543613,1
hashtags,hashtag:estuprodevulneravel,19.0,,,0.0,0.00557805947686861,3
hashtags,hashtag:etapadeaprendizaje,26.0,,,0.0,0.0016669569693717077,6
hashtags,hashtag:evento,11.0,,,0.0,0.001485626643091797,3
hashtags,hashtag:eventos,6.0,,,0.0,0.0011468180706759314,4
hashtags,hashtag:everymoment,7.0,,,0.0,0.0006514968053509931,43
hashtags,hashtag:evidence,3.0,,,0.0,3.386525887699783e-05,8
hashtags,hashtag:evolu,21.0,,,0.0,0.0017937342915913827,2
hashtags,hashtag:evolucaomascuilna,33.0,,,4.693899355528591e-07,0.0029182971627481212,2
hashtags,hashtag:evolucaomasculina,26.0,,,0.0,0.0026837790701737725,2
hashtags,hashtag:evoluciona,28.0,,,0.0,0.012811568554774716,0
hashtags,hashtag:ex,5.0,,,0.0,0.0018390245768471266,0
hashtags,hashtag:examenoficial,21.0,,,0.0,0.0007781466895648228,17
hashtags,hashtag:excarcelacion,6.0,,,0.0,0.0006236136320453637,4
hashtags,hashtag:excelenciamasculina,17.0,,,0.0,0.0011604940604247997,25
hashtags,hashtag:execucaopenal,4.0,,,0.0,0.00110244835934339,3
hashtags,hashtag:exhibitiondesign,3.0,,,0.0,0.0022929367221573185,1
hashtags,hashtag:existen,23.0,,,1.3295062216790372e-05,0.005796843099320405,1
hashtags,hashtag:exito,86.0,,,0.0014937577696745262,0.03717561102152465,0
hashtags,hashtag:exitofemenino,37.0,,,0.0001152288697830539,0.016747091226649934,0
hashtags,hashtag:exitpublicaciones,12.0,,,0.0,0.00824661313547253,1
hashtags,hashtag:exmormon,6.0,,,0.0,0.0011417989853095224,3
hashtags,hashtag:experienciaprivada,22.0,,,0.0,0.001825321740391951,20
hashtags,hashtag:experienciashot,9.0,,,0.0,0.0016141306219334657,37
hashtags,hashtag:expertoenamor83,8.0,,,0.0,0.002809326105896497,0
hashtags,hashtag:exploradorsolo,17.0,,,0.0,0.000670970732735285,2
hashtags,hashtag:explorarcrist,4.0,,,0.0,0.0013922956433981535,2
hashtags,hashtag:explore,34.0,,,0.0006734442358435904,0.004632279409858997,2
hashtags,hashtag:explorepage,84.0,,,0.0027294560211927133,0.01584613891504176,5
hashtags,hashtag:f,21.0,,,0.0003775908043439477,0.005752906087319493,3
hashtags,hashtag:fabricadehomens,18.0,,,0.0,0.0011372225496390457,2
hashtags,hashtag:facebook,44.0,,,0.0006777155227030567,0.02565003604979724,1
hashtags,hashtag:facebooklifestyle,4.0,,,0.0,0.0037084584405911026,5
hashtags,hashtag:faceci,6.0,,,5.3450199700636126e-08,0.002397532442513313,38
hashtags,hashtag:facgadadecasa,5.0,,,0.0,0.0004842451019978793,2
hashtags,hashtag:fachadamoderna,5.0,,,0.0,0.0004842451019978793,2
hashtags,hashtag:facts,35.0,,,9.647440361425551e-07,0.024921829178611247,1
hashtags,hashtag:factsdontcareaboutyourfeelings,27.0,,,7.536812523923144e-06,0.0067759524419334785,7
hashtags,hashtag:factsmen,35.0,,,9.647440361425551e-07,0.024921829178611247,1
hashtags,hashtag:fade,4.0,,,0.0,0.0004047161445792244,6
hashtags,hashtag:fahrenheit451,29.0,,,0.0,0.004103743162719225,7
hashtags,hashtag:faith,18.0,,,0.0,0.002054793708970469,3
hashtags,hashtag:faketickets,3.0,,,0.0,3.386525887699783e-05,8
hashtags,hashtag:falsaacusa,4.0,,,0.0,0.0009844430581441399,2
hashtags,hashtag:falsaadenuncias,34.0,,,4.127727569254857e-06,0.0033393988395830367,1
hashtags,hashtag:falsadenuncia,48.0,,,0.0003154287258354234,0.012057558599546018,1
hashtags,hashtag:falsasacusa,14.0,,,0.0,0.00205797905363505,4
hashtags,hashtag:falsasden,14.0,,,0.0,0.00205797905363505,4
hashtags,hashtag:falsasdenuncias,211.0,,,0.005179035848345794,0.036435412518727235,1
hashtags,hashtag:falsasdenunciasdegenero,20.0,,,4.049022417337352e-05,0.005992309720628625,1
hashtags,hashtag:falseaccusations,13.0,,,2.113873145128923e-06,0.0019771655138141864,1
hashtags,hashtag:falseaccusationsdestroylives,6.0,,,1.1877822155696916e-08,0.0010056742870493273,1
hashtags,hashtag:falseaccusationsdestroyslifes,4.0,,,0.0,0.0009636147610209169,1
hashtags,hashtag:falseaccuse,26.0,,,0.0,0.007591111378626351,6
hashtags,hashtag:falseaccussations,4.0,,,0.0,0.0009629295799827861,1
hashtags,hashtag:falseaccussationsdestroylives,6.0,,,3.404975684633116e-08,0.0010016109125586471,1
hashtags,hashtag:falselyaccusedday,26.0,,,4.757657271073992e-05,0.025001136071128888,1
hashtags,hashtag:falselyaccusedday2021,22.0,,,0.0,0.023213650445376526,1
hashtags,hashtag:fam,21.0,,,0.0031032177528184006,0.006149475909907786,1
hashtags,hashtag:familia,139.0,,,0.021451396600327452,0.03326857121672432,1
hashtags,hashtag:familiaprimero,29.0,,,0.0,0.009003900771292924,0
hashtags,hashtag:familias,13.0,,,0.0,0.006524945572132704,1
hashtags,hashtag:familiasrotas,19.0,,,0.0,0.005561757948636211,1
hashtags,hashtag:familiasunidas,3.0,,,0.0,0.0009395169997211604,4
hashtags,hashtag:familiatradicionalbrasileira,2.0,,,0.0,0.001382280646008842,3
hashtags,hashtag:familiayjusticia,5.0,,,0.0,0.003972689906596276,1
hashtags,hashtag:family,63.0,,,0.002515797803077281,0.010288038472039622,5
hashtags,hashtag:famososjapon,16.0,,,0.0,0.00045050941568459984,4
hashtags,hashtag:fanart,5.0,,,0.0,0.0023279600290894323,5
hashtags,hashtag:fandom,11.0,,,0.0,0.0013090598238143186,28
hashtags,hashtag:fanpage,11.0,,,0.0,0.0013090598238143186,28
hashtags,hashtag:fascinacion,19.0,,,0.0,0.003907469947536529,0
hashtags,hashtag:fashion,18.0,,,1.3362549925159032e-08,0.0015714466323830585,22
hashtags,hashtag:fashioninspo,4.0,,,0.0,0.0012661674830273496,0
hashtags,hashtag:fashionmodel,4.0,,,0.0,0.001175780482457537,63
hashtags,hashtag:fashionreels,4.0,,,0.0,0.0012674107366863624,0
hashtags,hashtag:fathers,4.0,,,0.0,0.0024595195964183737,7
hashtags,hashtag:fathersday,13.0,,,0.00031594861065989416,0.004132796549060161,7
hashtags,hashtag:fatigacronica,4.0,,,0.0,0.0006220963118201945,0
hashtags,hashtag:fc,11.0,,,0.0,0.0013090598238143186,28
hashtags,hashtag:fe,14.0,,,0.0004072150402622658,0.0031637605115608144,0
hashtags,hashtag:fearless,4.0,,,0.0,0.0014443326523099246,5
hashtags,hashtag:fearnothing,2.0,,,0.0,0.0011417574836750345,1
hashtags,hashtag:feedme,9.0,,,0.0,3.713652007067306e-05,8
hashtags,hashtag:felicidad,28.0,,,0.0,0.0056091645620098786,9
hashtags,hashtag:feliz,7.0,,,0.0,0.0016763416402066995,1
hashtags,hashtag:felizd,8.0,,,9.516518683878574e-05,0.0012542512730856418,6
hashtags,hashtag:felizdiadelhombre,55.0,,,0.00031955583602108495,0.015640781352467853,3
hashtags,hashtag:felizdiadelpadre,9.0,,,0.00027888476276587555,0.0020975643012805965,0
hashtags,hashtag:felizmiercoles,12.0,,,0.0,0.001459759038167514,4
hashtags,hashtag:femaleego,11.0,,,0.0,0.005411555715791948,7
hashtags,hashtag:femalememes,29.0,,,0.0,0.005411935865336084,10
hashtags,hashtag:femalenature,9.0,,,5.412893239524738e-07,0.002654279302135012,29
hashtags,hashtag:femen,19.0,,,0.0,0.014936728452534517,1
hashtags,hashtag:femenidad,20.0,,,0.0,0.027898572619580366,1
hashtags,hashtag:femenino,33.0,,,8.883904983333384e-05,0.015619596074008873,1
hashtags,hashtag:femeninoproductivo,16.0,,,0.0,0.005680240609278582,9
hashtags,hashtag:femicidio,4.0,,,0.0,0.0014742289697016245,3
hashtags,hashtag:femilistas,12.0,,,0.0,0.005351801456832249,1
hashtags,hashtag:feminas,19.0,,,1.7184868066646302e-05,0.01373248460585641,1
hashtags,hashtag:feminazi,52.0,,,0.0005980480129850013,0.023845206128839655,1
hashtags,hashtag:feminazis,86.0,,,0.0026969993251150176,0.024475503160071584,1
hashtags,hashtag:feminazismo,49.0,,,0.0005197252468460022,0.02171335401422909,1
hashtags,hashtag:feminazismoactual,19.0,,,0.0,0.014936728452534517,1
hashtags,hashtag:feminazispeligrosas,12.0,,,0.0,0.004090898829666081,1
hashtags,hashtag:feminicidio,5.0,,,0.0,0.002096882459036205,3
hashtags,hashtag:feminicidios,4.0,,,0.0,0.0011738968804158704,3
hashtags,hashtag:feminidad,27.0,,,0.0002672515777536318,0.0033374982174222043,0
hashtags,hashtag:feminidadancestral,17.0,,,0.0,0.0011604940604247997,25
hashtags,hashtag:feminidadconsciente,7.0,,,2.4149927001785795e-06,0.002416371100080038,0
hashtags,hashtag:feminidadfragil,17.0,,,0.0,0.0011604940604247997,25
hashtags,hashtag:feminidadsagrada,17.0,,,0.0,0.0011604940604247997,25
hashtags,hashtag:feminilidade,16.0,,,0.00013300865193384726,0.003967670402405103,3
hashtags,hashtag:feminilidadecontracultural,7.0,,,1.2579658558457146e-05,0.0011757772911457347,3
hashtags,hashtag:feminine,4.0,,,0.0,0.0028319579530404195,3
hashtags,hashtag:feminineenergy,8.0,,,0.0,0.0024745679589170955,35
hashtags,hashtag:femininenarcissism,37.0,,,5.220418918686272e-06,0.007557961757813659,7
hashtags,hashtag:femininenarcssism,9.0,,,0.0,0.005200431693683567,7
hashtags,hashtag:feminism,57.0,,,0.0018938537615962633,0.033903164339277425,1
hashtags,hashtag:feminismiscancer,50.0,,,8.805280719501274e-06,0.006919804250781153,10
hashtags,hashtag:feminismmemes,50.0,,,8.805280719501274e-06,0.006919804250781153,10
hashtags,hashtag:feminismo,501.0,,,0.0683742908106903,0.16416995136315943,1
hashtags,hashtag:feminismobrasil,2.0,,,0.0,0.0010705491342617277,3
hashtags,hashtag:feminismobrasileiro,19.0,,,0.0,0.00557805947686861,3
hashtags,hashtag:feminismocr,19.0,,,0.00013058899994883966,0.007264836527438803,3
hashtags,hashtag:feminismodeg,12.0,,,0.0,0.005351801456832249,1
hashtags,hashtag:feminismoescancer,36.0,,,0.00020864732903265175,0.02010199147801225,1
hashtags,hashtag:feminismohegemonico,6.0,,,0.0,0.004907836771492982,1
hashtags,hashtag:feminismoilustrado,12.0,,,0.0,0.004090898829666081,1
hashtags,hashtag:feminismojoven,9.0,,,0.0,0.0046404729123906965,1
hashtags,hashtag:feminismolegal,27.0,,,0.0,0.006196224240590878,1
hashtags,hashtag:feminismomaterialista,19.0,,,0.0,0.00557805947686861,3
hashtags,hashtag:feminismoparavivir,3.0,,,0.0,0.001086264614498205,3
hashtags,hashtag:feminismoradical,65.0,,,0.001734609147418282,0.01660145662340748,1
hashtags,hashtag:feminismos,10.0,,,4.071525107243733e-05,0.0045977389446862525,3
hashtags,hashtag:feminismoselectivo,27.0,,,0.0,0.006196224240590878,1
hashtags,hashtag:feminismovsrealidad,0.0,,,0.0,2.101736988012748e-50,78
hashtags,hashtag:feminismoymasculinidad,26.0,,,0.0,0.014959570888893518,1
hashtags,hashtag:feminista,89.0,,,0.00277847703973293,0.043035658224585924,1
hashtags,hashtag:feministas,54.0,,,0.0004680128328437725,0.028256633959286927,1
hashtags,hashtag:feministasalcongreso,7.0,,,0.0,0.004668487563094638,3
hashtags,hashtag:feministasfuck,6.0,,,1.727683222646824e-08,0.004326682329314617,1
hashtags,hashtag:feministkilljoy,29.0,,,0.0,0.005411935865336084,10
hashtags,hashtag:feministlies,36.0,,,7.637971029852637e-06,0.00784738158720597,7
hashtags,hashtag:feministlogic,9.0,,,0.0,0.005538777788671054,7
hashtags,hashtag:feministmemes,50.0,,,8.805280719501274e-06,0.006919804250781153,10
hashtags,hashtag:femismoradical,16.0,,,2.74291653986645e-06,0.010592110772241748,1
hashtags,hashtag:femminismo,26.0,,,0.0,0.007591111378626351,6
hashtags,hashtag:feridasdofeminino,3.0,,,0.0,0.00121380243587151,3
hashtags,hashtag:fernandapadrel,7.0,,,0.0,0.0013416226181462742,4
hashtags,hashtag:feromonas,5.0,,,1.7816733233545374e-08,0.0001824810700106032,51
hashtags,hashtag:ferrariredlegend,14.0,,,0.0,0.0006489787209430508,12
hashtags,hashtag:fertility,17.0,,,0.0,0.0014845228483459918,6
hashtags,hashtag:festejo,4.0,,,0.0,0.0012666908177915053,0
hashtags,hashtag:feyhombria,4.0,,,0.0,0.0007414673144908544,2
hashtags,hashtag:ficcaohistorica,6.0,,,0.0,0.0011363069268552723,3
hashtags,hashtag:ficci,12.0,,,0.0,0.00076277592856839,21
hashtags,hashtag:fifa2026,17.0,,,1.1940206949937546e-05,0.0030105220266243254,3
hashtags,hashtag:figlinegati,26.0,,,0.0,0.007591111378626351,6
hashtags,hashtag:filmmaker,18.0,,,1.3362549925159032e-08,0.0015714466323830585,22
hashtags,hashtag:filosofia,4.0,,,0.0,0.0033929768333980457,1
hashtags,hashtag:filosofiamasculina,6.0,,,0.0,0.004363303115376961,0
hashtags,hashtag:financialcrime,4.0,,,0.0,0.002405139159701812,7
hashtags,hashtag:financialsovereignty,12.0,,,0.0,0.0033545432706420988,5
hashtags,hashtag:finanzas,12.0,,,0.0,0.0010833842559587544,0
hashtags,hashtag:finanzasenpareja,8.0,,,0.0,0.0030143892885430867,0
hashtags,hashtag:finde,8.0,,,0.0,0.0017013159215319654,1
hashtags,hashtag:findea,26.0,,,0.0,0.03541447556129856,1
hashtags,hashtag:findyourpartner,17.0,,,0.0,9.986825658988697e-05,8
hashtags,hashtag:finkleremp,4.0,,,0.0,0.0006323443169446802,6
hashtags,hashtag:fiscal,14.0,,,0.0,0.006131282242545242,1
hashtags,hashtag:fiscalidad,4.0,,,0.0,0.001026388300430372,4
hashtags,hashtag:fiscalía,27.0,,,0.0,0.006196224240590878,1
hashtags,hashtag:fitly,17.0,,,0.0,9.986825658988697e-05,8
hashtags,hashtag:fitmom,4.0,,,0.0,0.001356962977033872,5
hashtags,hashtag:fitneshark,3.0,,,0.0,0.0010071734726637388,0
hashtags,hashtag:fitness,32.0,,,0.0003144903665401818,0.008912261577205642,5
hashtags,hashtag:fitnessandworkout,3.0,,,0.0,0.0011585192454271283,1
hashtags,hashtag:fitnesscoach,4.0,,,0.0,0.001175780482457537,63
hashtags,hashtag:fitnessdating,17.0,,,0.0,9.986825658988697e-05,8
hashtags,hashtag:fitnesshombres,29.0,,,0.0,0.009003900771292924,0
hashtags,hashtag:fitnessinteligente,4.0,,,0.0,0.0005233766455999488,0
hashtags,hashtag:fitnesslifestyle,29.0,,,0.0,0.010968569465788723,0
hashtags,hashtag:fitnessmex,4.0,,,0.0,0.0009585890839231269,0
hashtags,hashtag:fitnessmotivation,4.0,,,0.0,0.0015844106125349408,5
hashtags,hashtag:fitnessparahombres,29.0,,,0.0,0.010968569465788723,0
hashtags,hashtag:fivpositive,4.0,,,0.0,0.00040095851077941457,6
hashtags,hashtag:fjcampos,6.0,,,0.0,0.0007958127526568995,6
hashtags,hashtag:fmcultura1077,3.0,,,0.0,0.0034456998708672615,3
hashtags,hashtag:foco,8.0,,,3.558287675111339e-05,0.0010549373796436257,6
hashtags,hashtag:focodehomem,28.0,,,0.0,0.0024344948045167316,2
hashtags,hashtag:focodetermina,28.0,,,0.0,0.0024344948045167316,2
hashtags,hashtag:focoefor,16.0,,,0.0,0.0024766368396782644,2
hashtags,hashtag:focoegarra,17.0,,,0.0,0.000670970732735285,2
hashtags,hashtag:focoeprodutividade,4.0,,,0.0,0.00043276579266866497,6
hashtags,hashtag:focototal,6.0,,,2.0428345825855008e-05,0.0010346620202018554,6
hashtags,hashtag:focus,19.0,,,0.0,0.006401817911691525,5
hashtags,hashtag:follow,22.0,,,0.0,0.004773118116429363,5
hashtags,hashtag:followme,4.0,,,0.0,0.001320945311398371,1
hashtags,hashtag:fomedevencer,28.0,,,0.0,0.0024344948045167316,2
hashtags,hashtag:footballplayer,18.0,,,1.3362549925159032e-08,0.0015714466323830585,22
hashtags,hashtag:for,106.0,,,0.002100995459633955,0.00809512304262927,2
hashtags,hashtag:foraantifeminista,3.0,,,0.0,0.0008201901091902886,1
hashtags,hashtag:foramachista,3.0,,,0.0,0.0008201901091902886,1
hashtags,hashtag:forc,26.0,,,0.0,0.002208318808576678,2
hashtags,hashtag:forge,4.0,,,0.0,0.0024634525177022084,0
hashtags,hashtag:formacao,4.0,,,0.0,0.0040285636284188575,3
hashtags,hashtag:formulqpasiva,4.0,,,0.0,0.0032082242270192922,0
hashtags,hashtag:fortaleza,13.0,,,0.0,0.008195805623686693,0
hashtags,hashtag:fortalezaemocional,10.0,,,2.2775170099406702e-07,0.005343914205256305,0
hashtags,hashtag:fortalezainterior,98.0,,,0.0002918879060635304,0.03911939482395645,0
hashtags,hashtag:fortalezamental,102.0,,,0.00030454880785341564,0.03772162030382176,0
hashtags,hashtag:fortalezapersonal,15.0,,,0.0,0.007650936213265102,0
hashtags,hashtag:forthgiven,10.0,,,0.0,0.0025579670246815064,7
hashtags,hashtag:fortis,16.0,,,0.0,0.0005852067064686101,4
hashtags,hashtag:fortisintel,16.0,,,0.0,0.0005852067064686101,4
hashtags,hashtag:fortnite,25.0,,,0.0,0.0043000529664691456,5
hashtags,hashtag:fortniteclips,25.0,,,0.0,0.0043000529664691456,5
hashtags,hashtag:foryou,36.0,,,0.00032088971656321603,0.007356793782710181,5
hashtags,hashtag:foryoupage,20.0,,,0.0003990418926911747,0.007459824956169804,0
hashtags,hashtag:fot,13.0,,,0.0,0.000449091063067712,26
hashtags,hashtag:fotograf,13.0,,,0.0,0.000449091063067712,26
hashtags,hashtag:fotografiaartistica,4.0,,,0.0,0.00018443328827017112,5
hashtags,hashtag:fp,19.0,,,0.0,0.0006034092771935408,4
hashtags,hashtag:fr,7.0,,,0.0,0.0013517471994518332,3
hashtags,hashtag:fraganciadeldia,9.0,,,0.0,0.0001943153505925278,30
hashtags,hashtag:fraganciasdelujo,18.0,,,0.0,0.00022765996402525633,13
hashtags,hashtag:fraganciasfemeninas,9.0,,,0.0,0.00019519176001668058,13
hashtags,hashtag:fraganciasoberana,15.0,,,0.0,0.0005768915918664897,12
hashtags,hashtag:fraganciaspremium,18.0,,,0.0,0.00022765996402525633,13
hashtags,hashtag:fraganciasuprema,14.0,,,0.0,0.0006489787209430508,12
hashtags,hashtag:fragr,8.0,,,0.0,0.0008880709917785036,2
hashtags,hashtag:francedyfit,4.0,,,0.0,0.0012661674830273494,0
hashtags,hashtag:franciscohernandez,19.0,,,0.0,0.011231217699393366,0
hashtags,hashtag:francoyromeroabogados,4.0,,,0.0,0.00036654908117766916,4
hashtags,hashtag:frases,7.0,,,2.016097259332529e-05,0.003975628128211459,3
hashtags,hashtag:frasesdeamor,4.0,,,0.0,0.0006927925656028582,2
hashtags,hashtag:frasesdehumor,11.0,,,0.0,0.004368434176413973,44
hashtags,hashtag:frasesdevida,19.0,,,0.0,0.008725189717706548,0
hashtags,hashtag:frasesmachistas,2.0,,,0.0,0.0012920262045655465,3
hashtags,hashtag:frasesmotivadoras3,4.0,,,0.0,0.0018837008421293082,0
hashtags,hashtag:frasesparaconversar,9.0,,,0.0,0.0008395988809653016,2
hashtags,hashtag:frasesparasexy,19.0,,,0.0,0.0008356462349161245,2
hashtags,hashtag:frasesqueinspiran,41.0,,,5.5907786632513216e-05,0.019504048886869747,0
hashtags,hashtag:frasesseductoras,11.0,,,0.0,0.0008863593807998695,0
hashtags,hashtag:fraudedepaternidad,12.0,,,0.0,0.008292757720587497,1
hashtags,hashtag:frausein,18.0,,,0.0,0.002054793708970469,3
hashtags,hashtag:freedom,16.0,,,0.0021074047373245866,0.005114829054690956,2
hashtags,hashtag:freegame,40.0,,,4.287885002314818e-05,0.007828848323578386,7
hashtags,hashtag:freepalestine,3.0,,,0.0,0.00230303563327727,7
hashtags,hashtag:freeyourmind,4.0,,,0.0,0.002386436518438776,7
hashtags,hashtag:fridayvibes,16.0,,,0.0,0.0015284624220459964,22
hashtags,hashtag:friendzone,10.0,,,0.0,0.0034815206350228417,0
hashtags,hashtag:friendzonenuncamais,14.0,,,2.2631010045254813e-06,0.0010616252863813052,2
hashtags,hashtag:frlizdiadehombre,20.0,,,0.0,0.006038895101432302,3
hashtags,hashtag:fsphotography,2.0,,,0.0,0.0010873001341364175,0
hashtags,hashtag:fuck,4.0,,,0.0,0.002390353391631129,41
hashtags,hashtag:fuckliberals,28.0,,,0.0,0.005106888786422563,10
hashtags,hashtag:fuckyou,4.0,,,0.0,0.002390353391631129,41
hashtags,hashtag:fuerza,16.0,,,0.00044928894438154074,0.0032261062490904335,2
hashtags,hashtag:fuerzaconproposito,18.0,,,0.0,0.0015978474948075776,0
hashtags,hashtag:fuerzadelpueblo,29.0,,,1.2572957557094606e-06,0.0007696479103639803,4
hashtags,hashtag:fuerzadespuesdelos40,6.0,,,0.0,0.0009282870893613711,0
hashtags,hashtag:fuerzadevoluntad,36.0,,,1.6453467078020488e-06,0.01829740938012966,0
hashtags,hashtag:fuerzainterior,114.0,,,0.0007202777396976238,0.03684877696178498,0
hashtags,hashtag:fuerzainterna,26.0,,,0.0,0.003634176635571606,9
hashtags,hashtag:fuerzamasculina,45.0,,,0.0001248237100005406,0.017057680937371828,0
hashtags,hashtag:fuerzamental,40.0,,,0.00013792826017286394,0.02058754847021622,0
hashtags,hashtag:fuerzaydisciplina,34.0,,,9.612493885229597e-05,0.015052313990099759,0
hashtags,hashtag:fuerzayvitalidad,19.0,,,0.0,0.004278221161241839,0
hashtags,hashtag:fugazi,4.0,,,0.0,0.002355580583843058,7
hashtags,hashtag:funados,4.0,,,0.0,0.0008345948101006151,7
hashtags,hashtag:funas,42.0,,,0.00022302643471769538,0.038672021450530614,1
hashtags,hashtag:funcionpublica,19.0,,,0.0,0.001693421732041801,4
hashtags,hashtag:functionalrelationships,9.0,,,0.0,0.005200431693683567,7
hashtags,hashtag:fundaci,7.0,,,0.0,0.0013416226181462742,4
hashtags,hashtag:fundacionnikols,6.0,,,5.24604698157541e-07,0.005169112610561967,1
hashtags,hashtag:funko,4.0,,,0.0,0.002377802392978628,7
hashtags,hashtag:funny,8.0,,,0.0,0.004443644910325132,1
hashtags,hashtag:furia,7.0,,,0.0,0.0008824444601974013,0
hashtags,hashtag:futbol,19.0,,,0.0008316273590572122,0.004658108375675954,3
hashtags,hashtag:futbolfemenino,15.0,,,0.0,0.00036138611157992374,3
hashtags,hashtag:futbolista,11.0,,,0.0,0.005154410303266304,3
hashtags,hashtag:futebol,4.0,,,0.0,0.0018692408827223313,3
hashtags,hashtag:futuro,29.0,,,0.0017663406465328506,0.0030624087377354448,14
hashtags,hashtag:futuropolicia,21.0,,,0.0,0.0007781466895648228,17
hashtags,hashtag:fuxion,4.0,,,0.0,0.001293117734865988,0
hashtags,hashtag:fy,6.0,,,1.6649194120079683e-05,0.004193660819186531,2
hashtags,hashtag:fyi,8.0,,,0.0,0.004443644910325132,1
hashtags,hashtag:fyjabogados,4.0,,,0.0,0.000431077938900349,4
hashtags,hashtag:fyp,141.0,,,0.045439073854735786,0.04314838267118068,0
hashtags,hashtag:fypbrasil,9.0,,,0.0,0.002786969398596382,2
hashtags,hashtag:fyppp,5.0,,,0.0,0.0013774820624633825,0
hashtags,hashtag:fypppppppppppppppppppppppppppppppppppppppppppppppppppppppppppppppppppppp,17.0,,,0.0002707662097107049,0.003237120513196451,2
hashtags,hashtag:fypreel,12.0,,,0.0,0.0010833842559587544,0
hashtags,hashtag:g,47.0,,,0.0009382087972304734,0.01934787153837262,1
hashtags,hashtag:gadodecorte,3.0,,,0.0,0.0023413114458224536,1
hashtags,hashtag:gains,25.0,,,0.0,0.0043000529664691456,5
hashtags,hashtag:gamer,29.0,,,0.0001781633917629285,0.006693438999738182,2
hashtags,hashtag:gamerboy,25.0,,,0.0,0.0043000529664691456,5
hashtags,hashtag:gamerman,4.0,,,0.0,0.0024875044305726624,2
hashtags,hashtag:gaming,25.0,,,0.0,0.0043000529664691456,5
hashtags,hashtag:gamingcommunity,25.0,,,0.0,0.0043000529664691456,5
hashtags,hashtag:garantiasconstitucionales,16.0,,,1.3684544982172537e-05,0.00245038994611363,4
hashtags,hashtag:garantiasprocesales,6.0,,,0.0,0.001245035374191079,4
hashtags,hashtag:gardenfreedom,2.0,,,0.0,0.0022597636934074154,1
hashtags,hashtag:garotacrist,4.0,,,0.0,0.0008600383909115424,3
hashtags,hashtag:gastronomiaitaliana,4.0,,,0.0,0.0012661674830273494,0
hashtags,hashtag:gatosidosos,4.0,,,0.0,0.00040095851077941457,6
hashtags,hashtag:gay,80.0,,,0.00363866821448738,0.019269032276579827,6
hashtags,hashtag:gayapp,39.0,,,0.0024567108865904425,0.0012903368805124618,8
hashtags,hashtag:gayberlin,11.0,,,0.0,5.885827025558957e-05,8
hashtags,hashtag:gaycdmx,22.0,,,0.0,0.001825321740391951,20
hashtags,hashtag:gaycommunity,11.0,,,0.0,5.885827025558957e-05,8
hashtags,hashtag:gaydating,11.0,,,0.0,5.885827025558957e-05,8
hashtags,hashtag:gaygermany,11.0,,,0.0,5.885827025558957e-05,8
hashtags,hashtag:gaymunich,11.0,,,0.0,5.885827025558957e-05,8
hashtags,hashtag:gaysingle,22.0,,,0.0,0.0010613990045446394,6
hashtags,hashtag:gaza,11.0,,,0.0,0.001485626643091797,3
hashtags,hashtag:gdl,10.0,,,0.0,0.005835780435078432,1
hashtags,hashtag:geminiano,4.0,,,0.0,0.00040095851077941457,6
hashtags,hashtag:genderroles,18.0,,,0.0,0.002054793708970469,3
hashtags,hashtag:genealog,9.0,,,0.0,0.00278465067465931,3
hashtags,hashtag:generaci,48.0,,,0.0013795856277745908,0.023119281081521496,1
hashtags,hashtag:generationequality,33.0,,,2.468639214840551e-06,0.018654190571881387,1
hashtags,hashtag:genero,4.0,,,0.0,0.0029726373751564387,1
hashtags,hashtag:genesis,4.0,,,0.0,0.0005916904290389927,0
hashtags,hashtag:genesis3,4.0,,,0.0,0.0008025779838992996,3
hashtags,hashtag:genkitelevision,16.0,,,0.0,0.00045050941568459984,4
hashtags,hashtag:genuinedesigner,17.0,,,0.0,4.262662288912499e-05,8
hashtags,hashtag:genuineelegance,3.0,,,0.0,5.2722818598436284e-05,8
hashtags,hashtag:genuinepeople,4.0,,,0.0,3.4369850946267235e-05,8
hashtags,hashtag:genz,17.0,,,0.0,0.003383799656707563,7
hashtags,hashtag:geopolitica,4.0,,,0.0,0.0027041784788557986,7
hashtags,hashtag:georgeorwell,29.0,,,0.0,0.004103743162719225,7
hashtags,hashtag:georgeorwell1984,29.0,,,0.0,0.004103743162719225,7
hashtags,hashtag:gera,8.0,,,0.0,0.0011662293549355757,2
hashtags,hashtag:geracaoz,13.0,,,0.0,0.004370145978356094,2
hashtags,hashtag:gerrysanchez,17.0,,,0.0,0.0011604940604247997,25
hashtags,hashtag:gerrysanchezconsejos,17.0,,,0.0,0.0011604940604247997,25
hashtags,hashtag:gerrysanchezlecciones,17.0,,,0.0,0.0011604940604247997,25
hashtags,hashtag:gerrysanchezmentor,17.0,,,0.0,0.0011604940604247997,25
hashtags,hashtag:geschlechterrollen,18.0,,,0.0,0.002054793708970469,3
hashtags,hashtag:gesti,5.0,,,1.7816733233545374e-08,0.001306644221721437,6
hashtags,hashtag:gestiondeconflictos,21.0,,,0.0,0.005708093639223287,9
hashtags,hashtag:gestiondeemociones,15.0,,,0.0,0.00918665580122337,0
hashtags,hashtag:gestionemocional,31.0,,,0.00018814240236634782,0.017405736452586328,0
hashtags,hashtag:ginasolano,4.0,,,0.0,0.0033916551491859847,0
hashtags,hashtag:ginecolog,1.0,,,0.0,0.0010552818856434036,3
hashtags,hashtag:ginocentrismo,84.0,,,0.0008911034845912908,0.07875120428800778,1
hashtags,hashtag:ginseng,8.0,,,0.0,0.0004363167232321041,6
hashtags,hashtag:girl,3.0,,,0.0,0.0012475768476206846,0
hashtags,hashtag:girlboss,29.0,,,0.0,0.005411935865336084,10
hashtags,hashtag:girlbossfeminism,9.0,,,0.0,0.0046404729123906965,1
hashtags,hashtag:girlbossmemes,29.0,,,0.0,0.005411935865336084,10
hashtags,hashtag:girlceos,4.0,,,0.0,0.0014971839467113335,0
hashtags,hashtag:girlmath,9.0,,,0.0,0.005538777788671054,7
hashtags,hashtag:girlmemes,29.0,,,0.0,0.005411935865336084,10
hashtags,hashtag:girlygirl,4.0,,,0.0,0.00019284736101280318,2
hashtags,hashtag:girs,4.0,,,0.0,0.0002439092351753212,0
hashtags,hashtag:giselepelicot,9.0,,,0.0,0.00278465067465931,3
hashtags,hashtag:gl,29.0,,,1.4253386586836302e-07,0.006712454774005588,11
hashtags,hashtag:gladiador,4.0,,,0.0,0.00040095851077941457,6
hashtags,hashtag:glaube,18.0,,,0.0,0.002054793708970469,3
hashtags,hashtag:globalfeministalliance,9.0,,,0.0,0.004433500534153567,3
hashtags,hashtag:globalismo,6.0,,,2.8654283548490863e-05,0.0031816884994854237,1
hashtags,hashtag:glow,8.0,,,0.002346859027137887,0.0028363325452100486,0
hashtags,hashtag:glowup,16.0,,,4.6766858849777144e-05,0.003225205241953593,0
hashtags,hashtag:glowupfemenino,5.0,,,0.0,0.0021415843926026255,0
hashtags,hashtag:gnostic,10.0,,,0.0,0.0025579670246815064,7
hashtags,hashtag:gobernanza,4.0,,,0.0,0.0012155946991382934,1
hashtags,hashtag:gobierno,8.0,,,0.0,0.0030560863442680654,0
hashtags,hashtag:golaitaliana,4.0,,,0.0,0.0005536639283557363,6
hashtags,hashtag:golaportuguesa,4.0,,,0.0,0.0005535787895877579,6
hashtags,hashtag:goodboy,4.0,,,0.0,0.0008897422183585543,0
hashtags,hashtag:goodvibes,2.0,,,0.0,3.3375268509752726e-05,8
hashtags,hashtag:goodvibesonly,2.0,,,0.0,0.0011417574836750345,1
hashtags,hashtag:gospel,3.0,,,0.0,0.002292936722157318,1
hashtags,hashtag:governmentoverreach,2.0,,,0.0,0.0022597636934074154,1
hashtags,hashtag:goviral,2.0,,,0.0,0.0011417574836750345,1
hashtags,hashtag:goyslop,4.0,,,0.0,0.0008870134343251138,1
hashtags,hashtag:gracevitamins,4.0,,,0.0,0.0006382558579733211,6
hashtags,hashtag:gracias,14.0,,,0.0,0.0022665130931418874,1
hashtags,hashtag:grancanaria,16.0,,,0.0,0.0022279635750243497,4
hashtags,hashtag:granizo,32.0,,,1.0436703253370697e-06,0.001891081663786306,6
hashtags,hashtag:grantcardone,29.0,,,0.0,0.010932546935428578,5
hashtags,hashtag:graphicdesigner,18.0,,,1.3362549925159032e-08,0.0015714466323830585,22
hashtags,hashtag:gratitud,17.0,,,0.00012856427018701465,0.006619318111717667,0
hashtags,hashtag:grau,20.0,,,0.0,0.0006263866220906295,16
hashtags,hashtag:graubuenden,20.0,,,0.0,0.0006263866220906295,16
hashtags,hashtag:graudemoto,20.0,,,0.0,0.0006263866220906295,16
hashtags,hashtag:graudichava,20.0,,,0.0,0.0006263866220906295,16
hashtags,hashtag:greatnessinvoked,10.0,,,0.0,0.0011566889996977392,5
hashtags,hashtag:greencardapproved,16.0,,,0.0,0.004993598619449174,23
hashtags,hashtag:greenpill,29.0,,,0.0,0.004103743162719225,7
hashtags,hashtag:greentarahealth,14.0,,,0.0,0.0028262192699850153,7
hashtags,hashtag:gregoriomara,20.0,,,0.0,0.0041720521290554684,1
hashtags,hashtag:grind,6.0,,,2.852610874929973e-06,0.002489002019459658,5
hashtags,hashtag:grindrl,28.0,,,6.778669294684197e-07,0.0012496235786019186,6
hashtags,hashtag:gritacademy,21.0,,,0.0,0.005708093639223287,9
hashtags,hashtag:gritosdeinocencia,25.0,,,0.0,0.003022461225922478,15
hashtags,hashtag:grlpwr,3.0,,,0.0,0.0008618993442242778,5
hashtags,hashtag:growinggracefullytogether,8.0,,,0.0,0.0025514242316857258,7
hashtags,hashtag:growingmasculinity,5.0,,,1.7816733233545374e-08,0.0009022560889183596,0
hashtags,hashtag:growlr,28.0,,,6.778669294684197e-07,0.0012496235786019186,6
hashtags,hashtag:growthmindset,12.0,,,0.0,0.0033545432706420988,5
hashtags,hashtag:grupomulheresdobrasilpoa,21.0,,,0.0,0.004768598764886373,3
hashtags,hashtag:gruposarmados,18.0,,,0.0,0.0017670106243526805,4
hashtags,hashtag:gruposterapeuticos,11.0,,,0.0,0.0035965140321898023,0
hashtags,hashtag:guacara,25.0,,,0.0,0.012079522828123652,2
hashtags,hashtag:guadalajara,10.0,,,0.0,0.005835780435078432,1
hashtags,hashtag:guardiacivil,16.0,,,0.0,0.0005852067064686101,4
hashtags,hashtag:guardiansofold,4.0,,,0.0,3.073010807949907e-30,40
hashtags,hashtag:guardiaurbana,12.0,,,0.0,0.001459759038167514,4
hashtags,hashtag:guerracultural,8.0,,,0.0,0.0011662293549355757,2
hashtags,hashtag:guerrerosreales,5.0,,,0.0,0.002445271611135086,2
hashtags,hashtag:guerrilla,18.0,,,0.0,0.0017670106243526805,4
hashtags,hashtag:guiadoconquistador,14.0,,,2.2631010045254813e-06,0.0010616252863813052,2
hashtags,hashtag:gungirls,29.0,,,0.0,0.005411935865336084,10
hashtags,hashtag:guts,8.0,,,0.0,0.0019019670575915037,0
hashtags,hashtag:gym,57.0,,,0.000761872431792443,0.006204546656594599,5
hashtags,hashtag:gymaesthetic,4.0,,,0.0,0.0015844106125349408,5
hashtags,hashtag:gymbro,38.0,,,0.0004522409194373018,0.012322564854924122,0
hashtags,hashtag:gymfit,4.0,,,0.0,0.0014283003750985045,5
hashtags,hashtag:gymlife,11.0,,,0.0,0.001387112464300672,5
hashtags,hashtag:gymmindset,11.0,,,0.0,0.001387112464300672,5
hashtags,hashtag:gymmotivation,53.0,,,0.0016105231576473693,0.014744261803350122,0
hashtags,hashtag:gymmusic,3.0,,,0.0,0.0011585192454271283,1
hashtags,hashtag:gymphotography,4.0,,,0.0,0.0013918794398163961,5
hashtags,hashtag:gymrat,42.0,,,0.000698952790099311,0.007396060140276443,5
hashtags,hashtag:gymtok,25.0,,,0.0,0.0043000529664691456,5
hashtags,hashtag:h,27.0,,,2.819083337701212e-07,0.016531917288711593,0
hashtags,hashtag:habilidades,6.0,,,0.0,0.0007854829844959333,9
hashtags,hashtag:habilidadessociales,77.0,,,0.002170444590439257,0.034260448097014916,0
hashtags,hashtag:habitos,30.0,,,0.0002858982982996163,0.013885381035090592,0
hashtags,hashtag:habitosdeexito,51.0,,,0.00010983792917237881,0.019877349946062856,0
hashtags,hashtag:habitosexitosos,38.0,,,9.653312073336931e-05,0.020392471016975347,0
hashtags,hashtag:habitospode,25.0,,,0.0,0.01494284049346711,0
hashtags,hashtag:habitospoderosos,26.0,,,0.0,0.016321755551511122,0
hashtags,hashtag:habitospositivos,47.0,,,0.00014018835684401893,0.025497897652537006,0
hashtags,hashtag:habitospremium,4.0,,,0.0,0.0005233766455999488,0
hashtags,hashtag:habitossaludables,14.0,,,0.0,0.009571587164453589,0
hashtags,hashtag:hablaconyaz,3.0,,,0.0,0.0035278220425536016,1
hashtags,hashtag:habladeello,17.0,,,0.0,0.00601653497510318,0
hashtags,hashtag:hablarconconfianza,19.0,,,0.0,0.003907469947536529,0
hashtags,hashtag:hablemosentrevatos,14.0,,,0.0,0.0019052939707934083,27
hashtags,hashtag:hacienda,4.0,,,0.0,0.001026388300430372,4
hashtags,hashtag:hairychest,28.0,,,6.778669294684197e-07,0.0012496235786019186,6
hashtags,hashtag:hairylegs,28.0,,,6.778669294684197e-07,0.0012496235786019186,6
hashtags,hashtag:hairyman,28.0,,,6.778669294684197e-07,0.0012496235786019186,6
hashtags,hashtag:handmadegifts,4.0,,,0.0,3.4369850946267235e-05,8
hashtags,hashtag:handmadejewelry,4.0,,,0.0,3.4369850946267235e-05,8
hashtags,hashtag:handsomedevil,4.0,,,0.0,0.001175780482457537,57
hashtags,hashtag:haneda,16.0,,,0.0,0.00045050941568459984,4
hashtags,hashtag:happy,22.0,,,0.0,0.004773118116429363,5
hashtags,hashtag:happyloner,4.0,,,0.0,0.0024183266162760802,1
hashtags,hashtag:happymen,29.0,,,1.4253386586836302e-07,0.006712454774005588,11
hashtags,hashtag:happymensday,29.0,,,1.4253386586836302e-07,0.006712454774005588,11
hashtags,hashtag:happytunesperfumeria,15.0,,,0.0,0.0005768915918664897,12
hashtags,hashtag:harddick,22.0,,,0.0,0.0010613990045446392,6
hashtags,hashtag:haroycusac,11.0,,,0.0,0.0007361528632317574,4
hashtags,hashtag:hartas,4.0,,,0.0,0.0014742289697016245,3
hashtags,hashtag:harukimurakami,12.0,,,0.0,0.00076277592856839,21
hashtags,hashtag:hastael,5.0,,,0.0,0.0012603484527116463,1
hashtags,hashtag:hcypabogados,13.0,,,0.0,0.0006314891326085328,4
hashtags,hashtag:healingtogether,8.0,,,0.0,0.0025514242316857258,7
hashtags,hashtag:health,17.0,,,0.0,0.0014845228483459918,6
hashtags,hashtag:healthcare,6.0,,,0.0,0.0011468180706759314,4
hashtags,hashtag:healthyrelationships,19.0,,,0.0,0.003490090842055938,5
hashtags,hashtag:heartbreak,21.0,,,2.162688355268284e-05,0.002830105574078173,5
hashtags,hashtag:hechoconamor,26.0,,,0.0,0.0016669569693717077,6
hashtags,hashtag:hechosnews,19.0,,,0.0,0.0006034092771935408,4
hashtags,hashtag:heemx,4.0,,,0.0,0.0014042357024828778,2
hashtags,hashtag:hegemon,4.0,,,0.0,0.0012060864514545446,3
hashtags,hashtag:hembrismo,58.0,,,0.000678658032318745,0.06105275847026727,1
hashtags,hashtag:henryborel,4.0,,,0.0,0.004265481166853637,3
hashtags,hashtag:heridadeabandono,4.0,,,0.0,0.0013441489718888692,0
hashtags,hashtag:heridaemocional,13.0,,,0.0,0.010156825785472558,0
hashtags,hashtag:hermananosotrasnotecreemos,2.0,,,0.0,0.0009848676663191138,1
hashtags,hashtag:hermanayonotecreo,1.0,,,0.0,0.0009708232193681271,1
hashtags,hashtag:hermandad,18.0,,,0.00033587927221806577,0.007306133682785633,1
hashtags,hashtag:hermanonosotrassitecreemos,2.0,,,0.0,0.0009848676663191138,1
hashtags,hashtag:heshhippie,4.0,,,0.0,3.437684820214778e-05,8
hashtags,hashtag:hesicasmo,7.0,,,0.0,0.000822757850787701,0
hashtags,hashtag:hiddenhistory,10.0,,,0.0,0.0025579670246815064,7
hashtags,hashtag:highheelsobsession,13.0,,,0.0,0.000449091063067712,26
hashtags,hashtag:highperformance,6.0,,,0.0,0.0012903689436707983,7
hashtags,hashtag:highvalueman,6.0,,,3.383204983000865e-05,0.0037964696947932813,5
hashtags,hashtag:hijos,20.0,,,2.498606751816958e-05,0.011172406224916241,1
hashtags,hashtag:hijosdepadresseparados,29.0,,,0.0,0.008643739604943006,1
hashtags,hashtag:hijosrobados,4.0,,,0.0,0.001320945311398371,1
hashtags,hashtag:hindu,5.0,,,5.940046149489468e-07,0.002353540942136767,1
hashtags,hashtag:hipergami,4.0,,,0.0,0.00259081400442417,2
hashtags,hashtag:hipergamia,50.0,,,0.00018778809202522429,0.054002981196028754,1
hashtags,hashtag:hiperindependenciaemocional,4.0,,,0.0,0.0013441489718888692,0
hashtags,hashtag:hipertrofia40,6.0,,,0.0,0.0009282870893613711,0
hashtags,hashtag:hiphop,5.0,,,0.0,0.0008708769721625466,50
hashtags,hashtag:hipocrisia,2.0,,,0.0,0.0007210884883510526,1
hashtags,hashtag:hipster,18.0,,,1.3362549925159032e-08,0.0015714466323830585,22
hashtags,hashtag:hist,20.0,,,0.0006557453247596857,0.004626770280181021,2
hashtags,hashtag:historia,25.0,,,0.00017588884894269584,0.020510635798235626,1
hashtags,hashtag:historiadasmulheres,4.0,,,0.0,0.0035366002995052435,3
hashtags,hashtag:historiadelasmujeres,7.0,,,0.0,0.0013517471994518332,3
hashtags,hashtag:historiadobrasil,6.0,,,0.0,0.0011363069268552723,3
hashtags,hashtag:historiaenletra,8.0,,,2.1225529527956013e-05,0.0011675649227422,39
hashtags,hashtag:historiasqueduelen,27.0,,,0.0,0.005106123386349361,18
hashtags,hashtag:historyrepeats,3.0,,,0.0,0.002353783761821573,1
hashtags,hashtag:hoeflation,10.0,,,0.0,0.005362974741197612,7
hashtags,hashtag:hollywood,4.0,,,0.0,0.0023825541340571446,7
hashtags,hashtag:hombre,223.0,,,0.0152618103275581,0.09668499516667552,1
hashtags,hashtag:hombrealfa,130.0,,,0.004215501048847543,0.043982263447144974,0
hashtags,hashtag:hombreautentico,18.0,,,0.0,0.0030618562473943276,24
hashtags,hashtag:hombrebeta,11.0,,,0.0,0.0008863593807998695,0
hashtags,hashtag:hombreclasico,19.0,,,0.0,0.005446289746599712,0
hashtags,hashtag:hombreconestilo,2.0,,,0.0,0.0003893547383015619,6
hashtags,hashtag:hombreconprop,11.0,,,0.0,0.0019394786007003448,0
hashtags,hashtag:hombreconsciente,4.0,,,0.0,0.0013423683251500354,2
hashtags,hashtag:hombredealtovalor,40.0,,,0.002705813272452469,0.01397668366160723,0
hashtags,hashtag:hombredehierro,5.0,,,0.0,0.00231101839527336,0
hashtags,hashtag:hombredehonor,19.0,,,0.0,0.005446289746599712,0
hashtags,hashtag:hombredepoder,5.0,,,0.0,0.000546273052609811,2
hashtags,hashtag:hombrederechos,24.0,,,0.0,0.026085000324322923,1
hashtags,hashtag:hombredevalor,56.0,,,0.0015833123562978822,0.015612094493625609,0
hashtags,hashtag:hombrefemenino,26.0,,,0.0,0.010970178532807438,1
hashtags,hashtag:hombrefuerte,31.0,,,1.4929618658381542e-05,0.010176748087383204,0
hashtags,hashtag:hombreicono,15.0,,,0.0,0.0005768915918664897,12
hashtags,hashtag:hombreimparable,25.0,,,0.0006353645991376304,0.0054849399875492,0
hashtags,hashtag:hombreindomito,17.0,,,0.0,0.0011604940604247997,25
hashtags,hashtag:hombrelatino,19.0,,,0.0,0.004278221161241839,0
hashtags,hashtag:hombrelibre,54.0,,,0.0012583704386024362,0.017527619263065113,0
hashtags,hashtag:hombremasculino,11.0,,,0.0,0.0008863593807998695,0
hashtags,hashtag:hombremoderno,82.0,,,0.0011609695454099383,0.07248256867312627,1
hashtags,hashtag:hombrenarcisista,29.0,,,0.0,0.03489291142231954,1
hashtags,hashtag:hombrenoble,11.0,,,0.0,0.002929269798068679,5
hashtags,hashtag:hombrenuevo,15.0,,,0.0,0.001961199083545065,0
hashtags,hashtag:hombreproveedor,2.0,,,0.0,0.0006040889666714438,0
hashtags,hashtag:hombres,356.0,,,0.05644331285417056,0.14151796521118656,1
hashtags,hashtag:hombres2021,16.0,,,0.0,0.021766748873073533,1
hashtags,hashtag:hombresabio,4.0,,,0.0,0.00017351782731386017,0
hashtags,hashtag:hombresabusados,24.0,,,0.0,0.026085000324322923,1
hashtags,hashtag:hombresalfa,15.0,,,0.0006926329109498625,0.008269882327643578,0
hashtags,hashtag:hombresalpha,19.0,,,0.0,0.00858825103319815,0
hashtags,hashtag:hombresardientes,9.0,,,0.0,0.0016141306219334657,37
hashtags,hashtag:hombresaut,29.0,,,0.0,0.014871641971113308,0
hashtags,hashtag:hombresautistas,11.0,,,0.0,0.0018868279476051868,2
hashtags,hashtag:hombresbuenos,4.0,,,0.0,0.0005220621069712348,1
hashtags,hashtag:hombrescdmx,22.0,,,0.0,0.001825321740391951,20
hashtags,hashtag:hombrescolombianos,18.0,,,0.0,0.005189216812161583,4
hashtags,hashtag:hombresconcientes,4.0,,,0.0,0.0015313828054024253,0
hashtags,hashtag:hombresconcriterio,8.0,,,9.348825721116656e-06,0.0010465648444869828,0
hashtags,hashtag:hombrescondisciplina,14.0,,,0.0,0.009208809069949904,0
hashtags,hashtag:hombresconectados,4.0,,,0.0,0.0006436603930289373,2
hashtags,hashtag:hombresconestilo,29.0,,,0.0,0.009003900771292924,0
hashtags,hashtag:hombresconfuerza,28.0,,,0.0,0.013358774519492857,0
hashtags,hashtag:hombresconobjetivos,25.0,,,0.0,0.014929161433527058,0
hashtags,hashtag:hombresconprop,28.0,,,0.0,0.012811568554774716,0
hashtags,hashtag:hombresconproposito,204.0,,,0.003287069711494897,0.05839189536057137,0
hashtags,hashtag:hombresconrumbo,24.0,,,6.601616486656421e-05,0.004754483353223091,0
hashtags,hashtag:hombresconscientes,9.0,,,0.0,0.0017151205965123594,53
hashtags,hashtag:hombresde,26.0,,,0.0,0.003634176635571606,9
hashtags,hashtag:hombresde40,29.0,,,0.0,0.010968569465788723,0
hashtags,hashtag:hombresde45,29.0,,,0.0,0.010968569465788723,0
hashtags,hashtag:hombresde50,29.0,,,0.0,0.010968569465788723,0
hashtags,hashtag:hombresdealtovalor,0.0,,,0.0,2.101736988012748e-50,79
hashtags,hashtag:hombresdehonor,14.0,,,6.555034012943857e-06,0.005566600983601193,1
hashtags,hashtag:hombresdepoder,6.0,,,0.0,0.0019052863193569415,0
hashtags,hashtag:hombresdespiertos,11.0,,,0.0,0.0019394786007003448,0
hashtags,hashtag:hombresdevalor,158.0,,,0.008763191746704691,0.05688989885957571,0
hashtags,hashtag:hombresdeverdad,11.0,,,0.00119371493251802,0.0008313060882097647,0
hashtags,hashtag:hombresdevirtud,6.0,,,0.0,0.00047475590190294403,55
hashtags,hashtag:hombresdisciplinados,25.0,,,0.0,0.014929161433527058,0
hashtags,hashtag:hombresdiversos,4.0,,,0.0,0.0014339681513581002,2
hashtags,hashtag:hombresdominantes,19.0,,,0.0,0.011285515162252756,0
hashtags,hashtag:hombresecure,9.0,,,0.0,0.0010153052432572405,6
hashtags,hashtag:hombreseductor,23.0,,,2.9799716928428056e-05,0.009506499612311117,0
hashtags,hashtag:hombreseguro,2.0,,,0.0,0.0003893547383015619,6
hashtags,hashtag:hombresencrisis,26.0,,,0.0,0.014959570888893518,1
hashtags,hashtag:hombresendesarrollo,11.0,,,0.0,0.0035965140321898023,0
hashtags,hashtag:hombresenelfeminismo,26.0,,,0.0,0.014959570888893518,1
hashtags,hashtag:hombresenlasociedad,26.0,,,0.0,0.014959570888893518,1
hashtags,hashtag:hombresenm,9.0,,,0.0,0.007325798104075555,1
hashtags,hashtag:hombresenterapia,19.0,,,0.0,0.0035953798256476025,0
hashtags,hashtag:hombresexitosos,106.0,,,0.0019438579569323628,0.032495371755748216,0
hashtags,hashtag:hombresfashion,3.0,,,0.0,0.0003950714365702618,6
hashtags,hashtag:hombresfeministas,4.0,,,0.0,0.003704317511167146,1
hashtags,hashtag:hombresfirmesendios,4.0,,,0.0,0.0007414673144908544,2
hashtags,hashtag:hombresfuertes,265.0,,,0.019717452698176118,0.12069175084233955,1
hashtags,hashtag:hombresfuertessienten,19.0,,,0.0,0.0035953798256476025,0
hashtags,hashtag:hombresgays,4.0,,,0.0,0.0014339681513581002,2
hashtags,hashtag:hombreshonestos,4.0,,,0.0,0.000849430865207451,0
hashtags,hashtag:hombresigma,16.0,,,0.0,0.007527690457394452,0
hashtags,hashtag:hombresimparables,15.0,,,0.0,0.008937961970094471,0
hashtags,hashtag:hombresinocentes,189.0,,,0.013103096545005707,0.03548361641185014,1
hashtags,hashtag:hombresinteligentesemocionalmente,19.0,,,0.0,0.0035953798256476025,0
hashtags,hashtag:hombresintrovertidos,9.0,,,0.0,0.0030022192616860413,0
hashtags,hashtag:hombresl,11.0,,,0.0,0.0035965140321898023,0
hashtags,hashtag:hombreslideres,15.0,,,0.0,0.00810295716721476,0
hashtags,hashtag:hombresmagneticos,19.0,,,0.0,0.004270595091589306,0
hashtags,hashtag:hombresmaltratados,68.0,,,0.0002960567543785894,0.053105259742553236,1
hashtags,hashtag:hombresnakahi,19.0,,,0.0,0.0012963095226286245,6
hashtags,hashtag:hombresnikols,5.0,,,0.0,0.005113350500232006,1
hashtags,hashtag:hombresnivial,3.0,,,0.0,0.001679641253126247,0
hashtags,hashtag:hombresoltero,19.0,,,0.0,0.004319598470167964,2
hashtags,hashtag:hombrespeligrosos,6.0,,,0.0,0.004363303115376961,0
hashtags,hashtag:hombrespoderosos,26.0,,,0.0,0.003634176635571606,9
hashtags,hashtag:hombresproductivos,15.0,,,0.0,0.00803343350061178,0
hashtags,hashtag:hombresqueconectan,5.0,,,0.0,0.001066207128962703,2
hashtags,hashtag:hombresquelideran,43.0,,,7.4808414431557746e-06,0.0211358520344194,0
hashtags,hashtag:hombresquesienten,35.0,,,0.000117718519346225,0.005293711699945526,0
hashtags,hashtag:hombresreales,54.0,,,0.0010658448950279197,0.010128175426617907,0
hashtags,hashtag:hombresresilientes,15.0,,,0.0,0.00984791366305881,0
hashtags,hashtag:hombressanos,28.0,,,0.0,0.012811568554774718,0
hashtags,hashtag:hombresseguros,12.0,,,0.0,0.009838330203922288,0
hashtags,hashtag:hombressexys,18.0,,,0.0,0.005189216812161583,4
hashtags,hashtag:hombressinmujeres,12.0,,,0.0,0.00076277592856839,21
hashtags,hashtag:hombressolteros,9.0,,,0.0,0.0030022192616860413,0
hashtags,hashtag:hombrestambiensufren,0.0,,,0.0,2.101736988012748e-50,80
hashtags,hashtag:hombrestambiénsufren,27.0,,,0.0,0.005106123386349361,18
hashtags,hashtag:hombresvaliosos,19.0,,,0.0,0.004270595091589306,0
hashtags,hashtag:hombresverdaderos,2.0,,,0.0,0.000589573322745624,0
hashtags,hashtag:hombresvsmujeres,6.0,,,0.0,3.986167342901836e-05,42
hashtags,hashtag:hombresyemociones,25.0,,,3.5545044997297466e-05,0.005487034040203722,0
hashtags,hashtag:hombresymujeres,30.0,,,0.0002113782238422617,0.015480592012411334,1
hashtags,hashtag:homem,4.0,,,0.0,0.002607742806885341,0
hashtags,hashtag:homemalpha,63.0,,,0.0002418681993234146,0.005407977414802246,2
hashtags,hashtag:homemaovolante,5.0,,,0.0,0.0004842451019978793,2
hashtags,hashtag:homemaut,28.0,,,0.0,0.0024344948045167316,2
hashtags,hashtag:homemcomprop,28.0,,,0.0,0.0024344948045167316,2
hashtags,hashtag:homemconfiante,35.0,,,7.768999910554323e-05,0.0023889748608341395,2
hashtags,hashtag:homemdealtovalor,25.0,,,6.594499426097286e-05,0.0025606783678882466,2
hashtags,hashtag:homemdeatitude,41.0,,,3.255846742049082e-05,0.003741730426074695,2
hashtags,hashtag:homemdecoragem,28.0,,,0.0,0.0024344948045167316,2
hashtags,hashtag:homemdeestilo,4.0,,,0.0,0.0005543454949361989,6
hashtags,hashtag:homemdeferro,4.0,,,0.0,0.0006323443169446802,6
hashtags,hashtag:homemdehonra,28.0,,,0.0,0.0024344948045167316,2
hashtags,hashtag:homemdeimpacto,28.0,,,0.0,0.0024344948045167316,2
hashtags,hashtag:homemdepoder,4.0,,,0.0,0.000674679444158334,0
hashtags,hashtag:homemdepresen,4.0,,,0.0,0.0005535787895877579,6
hashtags,hashtag:homemderespeito,28.0,,,0.0,0.0024344948045167316,2
hashtags,hashtag:homemdesucesso,59.0,,,0.0002336958482316239,0.0030567744782733497,2
hashtags,hashtag:homemdeterminado,42.0,,,9.244342015880122e-05,0.004286782616683502,2
hashtags,hashtag:homemdevalor,89.0,,,0.003671067945567271,0.011613033026685152,2
hashtags,hashtag:homemdeverdade,65.0,,,0.00016782800444723443,0.00507852426136058,2
hashtags,hashtag:homemdominante,17.0,,,0.0,0.0014349044918028685,2
hashtags,hashtag:homememulher,18.0,,,0.0,0.002054793708970469,3
hashtags,hashtag:homemfascinante,18.0,,,0.0,0.0011372225496390457,2
hashtags,hashtag:homemforte,28.0,,,0.0,0.0024344948045167316,2
hashtags,hashtag:homeminesquec,10.0,,,0.0,0.0017626622070239391,2
hashtags,hashtag:homemquefaz,19.0,,,0.0,0.0008356462349161245,2
hashtags,hashtag:homemqueinspira,28.0,,,0.0,0.0024344948045167316,2
hashtags,hashtag:homemquetransforma,28.0,,,0.0,0.0024344948045167316,2
hashtags,hashtag:homemquevence,28.0,,,0.0,0.0024344948045167316,2
hashtags,hashtag:homemsedutor,18.0,,,0.0,0.0011372225496390457,2
hashtags,hashtag:homemviajante,17.0,,,0.0,0.000670970732735285,2
hashtags,hashtag:homen,3.0,,,0.0,0.0005237392740034668,2
hashtags,hashtag:homenajehombresg,20.0,,,0.0,0.006038895101432302,3
hashtags,hashtag:homens,45.0,,,0.002353671203166906,0.01378002060903429,2
hashtags,hashtag:homensdeneg,21.0,,,0.0,0.0017937342915913827,2
hashtags,hashtag:homensdesucesso,32.0,,,2.601566501073301e-05,0.0026101755693576476,2
hashtags,hashtag:homensdevalor,31.0,,,0.0005468662290474211,0.006784905934222168,2
hashtags,hashtag:homensdeverdade,23.0,,,0.0006666997504375112,0.004182861914361564,2
hashtags,hashtag:homensfortes,21.0,,,0.0,0.0017937342915913827,2
hashtags,hashtag:homensinocentes,14.0,,,0.0,0.00205797905363505,4
hashtags,hashtag:homensinteligentes,16.0,,,0.0,0.0024766368396782644,2
hashtags,hashtag:homensinteressantes,14.0,,,0.0,0.0015853214606499715,2
hashtags,hashtag:homensmodernos,6.0,,,2.2021921245849398e-07,0.0030447745317692446,2
hashtags,hashtag:honesty,16.0,,,0.0,0.000810145396976888,8
hashtags,hashtag:honorariosprofesionales,4.0,,,0.0,0.00036654908117766916,4
hashtags,hashtag:honra,19.0,,,0.0,0.001693421732041801,4
hashtags,hashtag:honrapapa,3.0,,,0.0,0.0006129604047668246,0
hashtags,hashtag:honrarelorigen,4.0,,,0.0,0.0009302865044154347,0
hashtags,hashtag:honrarlavida,5.0,,,0.0,0.0008708769721625466,50
hashtags,hashtag:horah,19.0,,,0.0,0.001180046404754835,2
hashtags,hashtag:hormonasmasculinas,29.0,,,0.0,0.010968569465788723,0
hashtags,hashtag:horror,13.0,,,0.0,0.0019330768981563426,3
hashtags,hashtag:horse,4.0,,,0.0,0.0023954996434123956,7
hashtags,hashtag:hothothot,4.0,,,0.0,0.001029056755588107,1
hashtags,hashtag:howrelationshipswork,8.0,,,0.0,0.005144714706570658,7
hashtags,hashtag:hoysebebe,4.0,,,0.0,0.0031372531753027454,70
hashtags,hashtag:huelealujo,18.0,,,0.0,0.00022765996402525633,13
hashtags,hashtag:humanbeing,4.0,,,0.0,3.655838392451227e-05,8
hashtags,hashtag:humannature,3.0,,,0.0,0.002353783761821573,1
hashtags,hashtag:humanrightsmatter,4.0,,,0.0,3.655838392451227e-05,8
hashtags,hashtag:humanrigts,10.0,,,0.0,0.006486151767010858,1
hashtags,hashtag:humanstoriesonly,6.0,,,8.908366616772687e-08,3.5366307679137796e-05,8
hashtags,hashtag:humantalent,5.0,,,1.7816733233545374e-08,3.488949561080883e-05,8
hashtags,hashtag:humanvoicesonly,6.0,,,8.908366616772687e-08,3.5366307679137796e-05,8
hashtags,hashtag:humor,82.0,,,0.010209562882902867,0.018011651201769143,2
hashtags,hashtag:humorgr,1.0,,,0.0,0.0010552818856434036,3
hashtags,hashtag:humornegro,11.0,,,0.0,0.004368434176413973,44
hashtags,hashtag:hunterbidenlaptop,4.0,,,0.0,0.0023888512544513857,58
hashtags,hashtag:husky,32.0,,,1.0436703253370697e-06,0.001891081663786306,6
hashtags,hashtag:huskybrothers,32.0,,,1.0436703253370697e-06,0.001891081663786306,6
hashtags,hashtag:hustledaily,10.0,,,0.0,0.0011566889996977392,5
hashtags,hashtag:i,4.0,,,0.0,0.00324933164012764,1
hashtags,hashtag:ia,12.0,,,0.000420106134454474,0.00561833785435054,2
hashtags,hashtag:iacreativa,6.0,,,9.502257724557533e-08,0.0013028722116735722,49
hashtags,hashtag:iconicstyle,4.0,,,0.0,3.4369850946267235e-05,8
hashtags,hashtag:idademedia,3.0,,,0.0,0.0010178260967925116,1
hashtags,hashtag:idc,16.0,,,0.0,0.000810145396976888,8
hashtags,hashtag:ideasquetransforman,21.0,,,0.0,0.0063827726223059395,0
hashtags,hashtag:identidaddegenero,29.0,,,0.0,0.019259517887252185,1
hashtags,hashtag:ideologia,4.0,,,0.0,0.003147849469597045,1
hashtags,hashtag:ideologiadeg,4.0,,,0.0,0.0008600383909115424,3
hashtags,hashtag:ideologiadegenero,21.0,,,0.00034063300314309214,0.010581917031254164,1
hashtags,hashtag:ideologoasdegenero,12.0,,,0.0,0.004090898829666081,1
hashtags,hashtag:idiots,4.0,,,0.0,0.0024244490591164773,7
hashtags,hashtag:iffyiffy,12.0,,,0.0,0.0010833842559587544,0
hashtags,hashtag:iglesiaypoder,7.0,,,0.0,0.004668487563094638,3
hashtags,hashtag:igreja,5.0,,,0.0,0.0004842451019978793,2
hashtags,hashtag:igualdad,191.0,,,0.006354284929327628,0.06791964422375554,1
hashtags,hashtag:igualdad100,1.0,,,0.0,0.0009708232193681271,1
hashtags,hashtag:igualdadantelaley,38.0,,,0.00015819357706292505,0.008468829338243087,1
hashtags,hashtag:igualdadcuandolesconviene,28.0,,,0.0,0.03583267381681606,1
hashtags,hashtag:igualdaddederechos,40.0,,,0.0002724222131682515,0.022572202180770825,1
hashtags,hashtag:igualdaddeg,71.0,,,0.0012574398418271754,0.027511158051287878,1
hashtags,hashtag:igualdaddegenero,203.0,,,0.01055352903587195,0.1064315233613009,1
hashtags,hashtag:igualdaddegeneroreal,14.0,,,0.0,0.004798465439891462,1
hashtags,hashtag:igualdaddegenerorealya,14.0,,,0.0,0.004798465439891462,1
hashtags,hashtag:igualdaddeoportunidades,26.0,,,0.00013494807759218007,0.019831421047111008,1
hashtags,hashtag:igualdaddesexo,25.0,,,4.3581122105413505e-06,0.006866833542474699,1
hashtags,hashtag:igualdaddesexos,25.0,,,4.3581122105413505e-06,0.006866833542474699,1
hashtags,hashtag:igualdaddesexosya,14.0,,,0.0,0.004726680046856806,1
hashtags,hashtag:igualdade,4.0,,,0.0,0.00357553372333741,3
hashtags,hashtag:igualdadedeg,7.0,,,6.533571510283813e-05,0.0038592477673087423,3
hashtags,hashtag:igualdadeg,2.0,,,0.0,0.0030464778167872374,1
hashtags,hashtag:igualdadlegal,12.0,,,0.0,0.003605988470255895,1
hashtags,hashtag:igualdadreal,95.0,,,0.002015499286870875,0.029503109976037507,1
hashtags,hashtag:igualdadrealya,17.0,,,2.7770032648510117e-06,0.0070876710509564554,1
hashtags,hashtag:iheartlatino,9.0,,,0.0,0.0015475674688728432,2
hashtags,hashtag:iheartradio,9.0,,,0.0,0.0015475674688728432,2
hashtags,hashtag:iliatopuria,3.0,,,0.0,0.001086264614498205,3
hashtags,hashtag:ilpigualdad,24.0,,,9.216842124138568e-06,0.007441578958823882,1
hashtags,hashtag:iluminacaodeled,5.0,,,0.0,0.0004842451019978793,2
hashtags,hashtag:imagenes,1.0,,,0.0,0.00038380112509786357,6
hashtags,hashtag:imagenpersonal,4.0,,,0.0,0.0012661674830273496,0
hashtags,hashtag:imanalfa,11.0,,,1.1767812486834936e-06,0.004511650428364787,0
hashtags,hashtag:imhonest,16.0,,,0.0,0.000810145396976888,8
hashtags,hashtag:immigrationhelp,16.0,,,0.0,0.004993598619449174,23
hashtags,hashtag:immigrationlawyer,16.0,,,0.0,0.004993598619449174,23
hashtags,hashtag:imontero,12.0,,,0.0,0.005351801456832249,1
hashtags,hashtag:imonterodimision,12.0,,,0.0,0.005351801456832249,1
hashtags,hashtag:imonteroprision,12.0,,,0.0,0.005351801456832249,1
hashtags,hashtag:imparcialidad,14.0,,,0.0,0.004798465439891462,1
hashtags,hashtag:impedimentodecontacto,28.0,,,1.3563319952435714e-05,0.0054326938908300934,1
hashtags,hashtag:imperioalfa,5.0,,,0.0,0.000546273052609811,2
hashtags,hashtag:implacable,7.0,,,0.0,0.0008824444601974013,0
hashtags,hashtag:impostersyndrome,9.0,,,0.0,3.713652007067306e-05,8
hashtags,hashtag:impostos,4.0,,,0.0,0.0023580079999307915,4
hashtags,hashtag:imputado,13.0,,,0.0,0.0006675454152084491,4
hashtags,hashtag:incel,76.0,,,0.002114946862837246,0.020291040331982986,2
hashtags,hashtag:incels,13.0,,,0.00018728255832173,0.005836285434032089,2
hashtags,hashtag:inclus,4.0,,,0.0,0.0012170447322779013,3
hashtags,hashtag:inclusi,20.0,,,0.0,0.013104022960057046,1
hashtags,hashtag:inclusion,47.0,,,0.00010011136512871964,0.02037871209885316,1
hashtags,hashtag:incontinencianomas,6.0,,,0.0,0.0008842546972326765,48
hashtags,hashtag:indefensi,14.0,,,0.0,0.004798465439891462,1
hashtags,hashtag:independenciaemocional,19.0,,,0.0,0.008725189717706548,0
hashtags,hashtag:independiente,4.0,,,0.0,0.0012876921618710279,0
hashtags,hashtag:india,4.0,,,0.0,0.0034446298479077183,1
hashtags,hashtag:indica,21.0,,,0.0,0.004768598764886373,3
hashtags,hashtag:indiosolari,4.0,,,0.0,0.0032285612143946635,1
hashtags,hashtag:indiretasmasculinas,19.0,,,0.0,0.0008356462349161245,2
hashtags,hashtag:indubioproreo,4.0,,,0.0,0.0010299055590465137,4
hashtags,hashtag:inesquecivel,5.0,,,0.0,0.00048499043266629545,2
hashtags,hashtag:infancia,52.0,,,0.0007584028887572867,0.01580218057711273,1
hashtags,hashtag:infanciacompartida,17.0,,,0.0,0.00388987488259815,1
hashtags,hashtag:infanciafeliz,29.0,,,0.0,0.008643739604943008,1
hashtags,hashtag:infanciasinmaltratos,14.0,,,0.0,0.0022665130931418874,1
hashtags,hashtag:infidelidad,9.0,,,0.0,0.006270676990137518,2
hashtags,hashtag:influencer,29.0,,,0.0,0.010932546935428578,5
hashtags,hashtag:informaci,11.0,,,0.0,0.0043169325869069275,4
hashtags,hashtag:informacion,3.0,,,0.0,0.0009993244121664865,1
hashtags,hashtag:ingenieriadelser,18.0,,,0.0,0.0015978474948075776,0
hashtags,hashtag:inimputable,3.0,,,0.0,0.001086264614498205,3
hashtags,hashtag:injusticia,12.0,,,0.0,0.008292757720587497,1
hashtags,hashtag:injustucias,4.0,,,0.0,0.0005220621069712348,1
hashtags,hashtag:inmigraci,16.0,,,0.0,0.004993598619449174,23
hashtags,hashtag:inmigracion,12.0,,,0.0,0.001459759038167514,4
hashtags,hashtag:inmigrantesunidos,16.0,,,0.0,0.004993598619449174,23
hashtags,hashtag:innerpeace,4.0,,,0.0,0.0020401832416272266,1
hashtags,hashtag:innerwork,14.0,,,0.0,0.0028262192699850153,7
hashtags,hashtag:inocenciarespetada,12.0,,,0.0,0.003605988470255895,1
hashtags,hashtag:inocente,25.0,,,0.0,0.003022461225922478,15
hashtags,hashtag:inocentehastaquesedemuestre,27.0,,,0.0,0.005106123386349361,18
hashtags,hashtag:inocentescondenados,27.0,,,0.0,0.006196224240590878,1
hashtags,hashtag:inquisici,13.0,,,0.0,0.0019330768981563426,3
hashtags,hashtag:inseguridades,17.0,,,0.0,0.006016534975103179,0
hashtags,hashtag:inseguridadmasculina,19.0,,,0.0,0.004319598470167964,2
hashtags,hashtag:inspiraatushermanos,26.0,,,0.0,0.003634176635571606,9
hashtags,hashtag:inspiraci,32.0,,,0.0002562753715239037,0.004358351290745513,9
hashtags,hashtag:inspiracion,47.0,,,0.0009274326315236704,0.02465276363517901,0
hashtags,hashtag:inspiracionmasculina,13.0,,,8.603935017758213e-05,0.005218473212629431,0
hashtags,hashtag:inspiracionparahombre,29.0,,,0.0,0.014871641971113308,0
hashtags,hashtag:insta,4.0,,,0.0,0.0020401832416272266,1
hashtags,hashtag:instacuba,11.0,,,0.0,0.0013090598238143186,28
hashtags,hashtag:instadaily,26.0,,,0.00027462819400892114,0.006998806089403415,5
hashtags,hashtag:instafamous,22.0,,,0.0,0.004773118116429363,5
hashtags,hashtag:instagood,83.0,,,0.004558812998366775,0.017249556186589864,5
hashtags,hashtag:instagram,20.0,,,1.0813441776341444e-05,0.0028132345703076036,5
hashtags,hashtag:instagramhub,4.0,,,0.0,0.001175780482457537,57
hashtags,hashtag:instagrampost,2.0,,,0.0,0.0011655956693617602,5
hashtags,hashtag:instaindia,4.0,,,0.0,0.001175780482457537,71
hashtags,hashtag:instamood,4.0,,,0.0,0.0013571754170771124,5
hashtags,hashtag:instaperfume,18.0,,,0.0,0.00022765996402525633,13
hashtags,hashtag:instapost,4.0,,,0.0,0.0021135390961390436,1
hashtags,hashtag:instaroyals,4.0,,,0.0,0.001175780482457537,57
hashtags,hashtag:instavibes,4.0,,,0.0,0.0014181265433252659,5
hashtags,hashtag:instgram,4.0,,,0.0,0.001175780482457537,71
hashtags,hashtag:instintoyencanto,5.0,,,8.008070221583047e-07,0.00218951675213838,0
hashtags,hashtag:instituto,16.0,,,0.0,0.0005852067064686101,4
hashtags,hashtag:instrumentalizaci,5.0,,,0.0,0.0012603484527116463,1
hashtags,hashtag:integridad,19.0,,,0.0,0.005446289746599712,0
hashtags,hashtag:integrity,22.0,,,1.135759655152707e-05,0.0064115114731127165,7
hashtags,hashtag:inteligencia,18.0,,,0.0,0.0017670106243526805,4
hashtags,hashtag:inteligenciaemocional,106.0,,,0.005818206959228049,0.04108810878709221,0
hashtags,hashtag:inteligenciaoperativa,16.0,,,0.0,0.0005852067064686101,4
hashtags,hashtag:intellimensudam,2.0,,,0.0,1.2030272809049363e-05,0
hashtags,hashtag:intellimensudamerica,1.0,,,0.0,1.1858652475751948e-05,0
hashtags,hashtag:interdisciplina,17.0,,,0.0,0.00388987488259815,1
hashtags,hashtag:interessuperiordelni,19.0,,,0.0,0.0031219301240658737,1
hashtags,hashtag:internacional,28.0,,,3.70708875032768e-05,0.028738214111739796,1
hashtags,hashtag:internationalmensday,14.0,,,0.0,0.01570577905944675,1
hashtags,hashtag:internet,4.0,,,0.0,0.001886725000996386,2
hashtags,hashtag:interracial,20.0,,,7.216425488566614e-05,0.005753300536892807,7
hashtags,hashtag:interseccionalidade,8.0,,,0.0,0.0013390071082016852,2
hashtags,hashtag:intimidad,4.0,,,0.0,0.0010746901891175685,0
hashtags,hashtag:intimidadcapturada,13.0,,,0.0,0.000449091063067712,26
hashtags,hashtag:intimidademocional,4.0,,,0.0,0.0006436603930289373,2
hashtags,hashtag:intimidadereal,19.0,,,0.0,0.001180046404754835,2
hashtags,hashtag:introvert,8.0,,,3.473210704949951e-05,0.004396689490879504,1
hashtags,hashtag:inversi,10.0,,,0.0,0.0036993691094859785,1
hashtags,hashtag:investigaci,13.0,,,0.0,0.0006675454152084491,4
hashtags,hashtag:investigacion,31.0,,,4.762705814754487e-05,0.0006802178433572605,4
hashtags,hashtag:investigaciondisciplinaria,19.0,,,0.0,0.001693421732041801,4
hashtags,hashtag:investigado,3.0,,,0.0,0.0006185163822045289,15
hashtags,hashtag:irenemontero,13.0,,,0.0,0.008507318340994266,1
hashtags,hashtag:irenemonterodimision,40.0,,,0.0002619659865880286,0.04080541243387853,1
hashtags,hashtag:ironiasocial,3.0,,,0.0,0.00041935547509432716,6
hashtags,hashtag:isdei,15.0,,,1.0995392034277958e-05,0.0016754897637469787,4
hashtags,hashtag:islamofobiadeg,4.0,,,0.0,0.0014596577911771286,3
hashtags,hashtag:islamofobiadegenero,4.0,,,0.0,0.0014596577911771286,3
hashtags,hashtag:issoaglobonaomostra,4.0,,,0.0,0.0009844430581441399,2
hashtags,hashtag:italian,4.0,,,0.0,0.00259081400442417,2
hashtags,hashtag:itiswhatitis,16.0,,,0.0,0.000810145396976888,8
hashtags,hashtag:itspalomabitch,4.0,,,0.0,3.4369850946267235e-05,8
hashtags,hashtag:ivanamacias,2.0,,,0.0,0.0012295242418909715,0
hashtags,hashtag:j,36.0,,,0.0005197014813415191,0.006529685874568264,2
hashtags,hashtag:jacquieblaze,29.0,,,0.0,0.010932546935428578,5
hashtags,hashtag:jajaja,18.0,,,7.139790682970022e-05,0.004962469830881443,5
hashtags,hashtag:japannews,16.0,,,0.0,0.00045050941568459984,4
hashtags,hashtag:japon,16.0,,,0.0,0.00045050941568459984,4
hashtags,hashtag:jazz,2.0,,,0.0,0.0023197309051741903,1
hashtags,hashtag:jeffbezoswedding,9.0,,,0.0,3.713652007067306e-05,8
hashtags,hashtag:jeffersonfarf,14.0,,,1.63746547994995e-05,0.00531252646504809,3
hashtags,hashtag:jerez,10.0,,,0.0,0.001340015962515795,4
hashtags,hashtag:jhonwick,5.0,,,0.0,0.0023279600290894323,5
hashtags,hashtag:jimmyfallon,4.0,,,0.0,0.0017766300327361874,3
hashtags,hashtag:jo,4.0,,,0.0,0.0016834136286060892,6
hashtags,hashtag:joegoldberg,14.0,,,0.0,0.01804195252224747,1
hashtags,hashtag:jogo,4.0,,,0.0,0.0015066637620293683,3
hashtags,hashtag:jogodaatra,9.0,,,0.0,0.0007346968106599586,2
hashtags,hashtag:jogodaconquista,27.0,,,4.504511334688032e-05,0.003058114328980933,2
hashtags,hashtag:jogodasedu,4.0,,,0.0,0.0005069721595902395,2
hashtags,hashtag:jogodaseducao,5.0,,,0.0,0.00048499043266629545,2
hashtags,hashtag:jogomasculino,9.0,,,0.0,0.0008160618282362651,2
hashtags,hashtag:jogosedutor,19.0,,,0.0,0.0008356462349161245,2
hashtags,hashtag:jogossedu,19.0,,,0.0,0.0008356462349161245,2
hashtags,hashtag:johnnydepp,18.0,,,0.0,0.026782906157146482,1
hashtags,hashtag:jona_1189,23.0,,,0.0,0.006190230292524389,11
hashtags,hashtag:jonasgnana,2.0,,,0.0,0.000589573322745624,0
hashtags,hashtag:jordanpeterson,59.0,,,4.4333975353636104e-05,0.017513077087335727,5
hashtags,hashtag:jorgevaldivia,25.0,,,0.0,0.003022461225922478,15
hashtags,hashtag:jornalismoindependente,4.0,,,0.0,0.003606371187057887,3
hashtags,hashtag:joseivangonzalezjuarez,2.0,,,0.0,0.0003893547383015619,6
hashtags,hashtag:josesaid,9.0,,,0.0,0.0008400451048883602,34
hashtags,hashtag:jotacamacho,27.0,,,0.0,0.005106123386349361,18
hashtags,hashtag:journalism,17.0,,,0.0,0.003383799656707563,7
hashtags,hashtag:jovenessanos,9.0,,,0.0,0.00034625735960219474,3
hashtags,hashtag:jovensantifeministas,8.0,,,0.0,0.0011662293549355757,2
hashtags,hashtag:jpfragance,4.0,,,0.0,0.0001798372260177484,0
hashtags,hashtag:juanarivas,14.0,,,0.0,0.005251204139780656,1
hashtags,hashtag:juecesdefamilia,29.0,,,0.0,0.008643739604943008,1
hashtags,hashtag:juegodemanipulacion,21.0,,,1.948900188351991e-06,0.0014495292963733926,19
hashtags,hashtag:juegos,15.0,,,0.0,0.004898145520281152,2
hashtags,hashtag:juicioparalelo,4.0,,,0.0,0.0007627905782867907,4
hashtags,hashtag:juiciopenal,15.0,,,0.0,0.0011408961846148455,4
hashtags,hashtag:juicioporjurado,6.0,,,0.0,0.00043760468734338915,4
hashtags,hashtag:juiciosreales,27.0,,,0.0,0.005106123386349361,18
hashtags,hashtag:julianaguerrero,18.0,,,0.0,0.0017670106243526805,4
hashtags,hashtag:juniomasculino,4.0,,,0.0,0.0013423683251500354,2
hashtags,hashtag:juntosesmejor,11.0,,,1.6351307384060367e-05,0.004046173661058728,33
hashtags,hashtag:juntossomosmasfuertes,11.0,,,0.0,0.004932204582862262,36
hashtags,hashtag:junts,13.0,,,0.0,0.005725717667115687,1
hashtags,hashtag:juradopopular,4.0,,,0.0,0.00036654908117766916,4
hashtags,hashtag:jurisprudencia,21.0,,,7.912326387430671e-07,0.002812806461281195,4
hashtags,hashtag:jurisprudenciachile,13.0,,,0.0,0.0006314891326085328,4
hashtags,hashtag:jurisprudenciaperu,12.0,,,0.0,0.0006322967190862024,4
hashtags,hashtag:justi,14.0,,,0.0,0.00205797905363505,4
hashtags,hashtag:justicareprodutiva,19.0,,,0.0,0.00557805947686861,3
hashtags,hashtag:justicia,259.0,,,0.021140820212382453,0.045316959989693324,1
hashtags,hashtag:justiciac,19.0,,,0.0,0.0031219301240658737,1
hashtags,hashtag:justiciachile,9.0,,,1.8664136429745417e-05,0.0015228778784848393,4
hashtags,hashtag:justiciacolombia,3.0,,,0.0,0.0005148547215372355,4
hashtags,hashtag:justiciaconequilibrio,4.0,,,0.0,0.0005399114727675614,4
hashtags,hashtag:justiciaequitativa,5.0,,,0.0,0.004356932121713359,1
hashtags,hashtag:justiciaespaña,27.0,,,0.0,0.006196224240590878,1
hashtags,hashtag:justiciafamiliar,5.0,,,0.0,0.003268316914627019,3
hashtags,hashtag:justiciafeminista,7.0,,,0.0,0.0057358693561186625,1
hashtags,hashtag:justiciaigualitaria,11.0,,,6.34498287654269e-06,0.0024903397502256523,1
hashtags,hashtag:justicialenta,10.0,,,0.0,0.001340015962515795,4
hashtags,hashtag:justicialentanoesjusticia,25.0,,,0.00018191454146998398,0.007452003954381084,1
hashtags,hashtag:justicianoviolencia,4.0,,,0.0,0.00036654908117766916,4
hashtags,hashtag:justiciaparaelpadre,10.0,,,0.0,0.004292438486276847,31
hashtags,hashtag:justiciaparaemma,9.0,,,0.0,0.0008400451048883602,34
hashtags,hashtag:justiciaparakane,7.0,,,1.4987044919457301e-05,0.002573278899241462,52
hashtags,hashtag:justiciaparaloshijos,14.0,,,0.0,0.005251204139780656,1
hashtags,hashtag:justiciaparalosni,4.0,,,0.0,0.0020247397591102684,1
hashtags,hashtag:justiciaparapadres,4.0,,,0.0,0.0023188925754556106,1
hashtags,hashtag:justiciaparapap,4.0,,,0.0,0.0016610881617469514,1
hashtags,hashtag:justiciaparatodos,89.0,,,0.0015144803195947616,0.02423773505950667,1
hashtags,hashtag:justiciard,29.0,,,1.2572957557094606e-06,0.0007696479103639803,4
hashtags,hashtag:justiciareal,91.0,,,0.0018845077142724063,0.016962804047433215,1
hashtags,hashtag:justiciasocial,35.0,,,7.694300413208588e-05,0.017767899292515932,1
hashtags,hashtag:justiciayreparaci,14.0,,,0.0,0.002555674077892905,1
hashtags,hashtag:justme,4.0,,,0.0,3.4369850946267235e-05,8
hashtags,hashtag:jutmay,10.0,,,0.0,0.006486151767010858,1
hashtags,hashtag:juventud,9.0,,,0.0,0.0046404729123906965,1
hashtags,hashtag:juzgado,31.0,,,3.729884594600799e-05,0.0019870952108870742,4
hashtags,hashtag:k,4.0,,,0.0,0.00259081400442417,2
hashtags,hashtag:kad,4.0,,,0.0,0.00259081400442417,2
hashtags,hashtag:kamalaharrismemes,28.0,,,0.0,0.005106888786422563,10
hashtags,hashtag:kamalaharrissucks,28.0,,,0.0,0.005106888786422563,10
hashtags,hashtag:kaneesinocente,5.0,,,0.0,0.0010525474479488185,52
hashtags,hashtag:kansascity,4.0,,,0.0,0.0023888512544513857,69
hashtags,hashtag:kardashians,9.0,,,0.0,3.713652007067306e-05,8
hashtags,hashtag:katemillett,4.0,,,0.0,0.0013658688019083198,3
hashtags,hashtag:kdrama,4.0,,,0.0,0.0034962819241585764,3
hashtags,hashtag:keepingitreal,16.0,,,0.0,0.000810145396976888,8
hashtags,hashtag:keepitreal,3.0,,,0.0,3.388655424161336e-05,8
hashtags,hashtag:ketanagarwal,4.0,,,0.0,0.00225516445394873,1
hashtags,hashtag:kevinsamuels,10.0,,,0.0,0.002671622407986138,4
hashtags,hashtag:king,4.0,,,0.0,0.0012642711360695434,5
hashtags,hashtag:kingmindset,4.0,,,0.0,0.001412538137908592,5
hashtags,hashtag:kings,3.0,,,0.0,0.002328973004029585,5
hashtags,hashtag:kingvibes,7.0,,,3.2070119820381673e-07,0.0012886982042578613,5
hashtags,hashtag:kirche,18.0,,,0.0,0.002054793708970469,3
hashtags,hashtag:kitcampeon,4.0,,,0.0,0.00040095851077941457,6
hashtags,hashtag:knowthesigns,19.0,,,0.0,0.003490090842055938,5
hashtags,hashtag:kpop,4.0,,,0.0,0.0034962819241585764,3
hashtags,hashtag:krrish,4.0,,,0.0,0.0019499157477817835,5
hashtags,hashtag:kswap,6.0,,,9.502257724557533e-08,3.542470724577115e-05,8
hashtags,hashtag:l,52.0,,,0.003555091765715936,0.010138125665195372,2
hashtags,hashtag:laalienaci,8.0,,,3.090275637030304e-07,0.001002574563497781,1
hashtags,hashtag:laalienacionparentalesmaltratoinfantil,4.0,,,0.0,0.0009489430973939275,1
hashtags,hashtag:labandadesafinadaoficial,6.0,,,0.0,3.986167342901836e-05,42
hashtags,hashtag:laberintojudicial,4.0,,,0.0,0.0023188925754556106,1
hashtags,hashtag:labiaextrema,9.0,,,0.0,0.0008395988809653016,2
hashtags,hashtag:lacasitanatural,6.0,,,0.0,0.00122187167731887,56
hashtags,hashtag:lacodavana,4.0,,,0.0,0.0013052609219118454,3
hashtags,hashtag:ladyfenix,4.0,,,0.0,0.0015676338420763946,0
hashtags,hashtag:lafamiliaimporta,18.0,,,8.048020478837437e-06,0.0089820164226392,1
hashtags,hashtag:laforjamasculina,9.0,,,1.4591078002557562e-06,0.0026494489488858974,2
hashtags,hashtag:lafriendzone,11.0,,,0.0,0.0008863593807998695,0
hashtags,hashtag:lagargantapoderosa,3.0,,,0.0,0.001714080267227694,3
hashtags,hashtag:lajusticiaesparatodos,4.0,,,0.0,0.0024223713936181975,4
hashtags,hashtag:laleyesparatodos,8.0,,,3.7316542888510723e-05,0.002683110379636338,4
hashtags,hashtag:lalienaci,4.0,,,0.0,0.0008599313402989681,1
hashtags,hashtag:lamadrinaneurotica,4.0,,,0.0,0.0004425240968234761,4
hashtags,hashtag:lamujeralquimista,3.0,,,0.0,0.0008294628188252311,0
hashtags,hashtag:laotracara,27.0,,,0.0,0.005106123386349361,18
hashtags,hashtag:larebeli,10.0,,,0.0,0.0029873476900162807,2
hashtags,hashtag:larissakostromina,14.0,,,0.0,0.0028262192699850153,7
hashtags,hashtag:las100nochesdeldeseo,4.0,,,0.0,0.0019667667962288394,3
hashtags,hashtag:lasacusacionesfalsasdestruyenvidas,6.0,,,2.3706230430868035e-07,0.0011471839639021519,1
hashtags,hashtag:lasacusasionesfalsasdestruyenvidas,4.0,,,0.0,0.0005220621069712348,1
hashtags,hashtag:lasciencedabord,3.0,,,3.563346646709075e-08,5.117887326166561e-36,67
hashtags,hashtag:lasdenunciasfalsassiexisten,1.0,,,0.0,0.0009708232193681271,1
hashtags,hashtag:lasededetodos,7.0,,,0.0,0.0028539665738278436,33
hashtags,hashtag:laseduccion,11.0,,,0.0,0.0008863593807998695,0
hashtags,hashtag:lasfalsasacusacionesdestruyenvidas,5.0,,,1.7816733233545374e-08,0.000874027308994213,1
hashtags,hashtag:lasfalsasdenunciasdestruyenvidas,6.0,,,5.3450199700636126e-08,0.0009763810124710805,1
hashtags,hashtag:lasmadrestambienmaltratan,4.0,,,0.0,0.0005683346184830251,1
hashtags,hashtag:lasmujeres,4.0,,,0.0,0.002021403962607961,3
hashtags,hashtag:lasmujerestambi,4.0,,,0.0,0.0005683346184830251,1
hashtags,hashtag:lasplumasblancas,21.0,,,0.0,0.020386600093056772,1
hashtags,hashtag:lassufragistas,21.0,,,0.0,0.020386600093056772,1
hashtags,hashtag:latiaricachona,4.0,,,0.0,0.0013033282887341816,0
hashtags,hashtag:latinaenusa,4.0,,,0.0,0.0025919943135761974,0
hashtags,hashtag:latinoam,4.0,,,0.0,0.0012155946991382934,1
hashtags,hashtag:lationam,4.0,,,0.0,0.00110244835934339,3
hashtags,hashtag:lavadodeactivos,9.0,,,5.545333191665116e-07,0.0006230143602127649,4
hashtags,hashtag:laverdadduele,3.0,,,0.0,0.003952137281883561,0
hashtags,hashtag:laverdadimporta,27.0,,,0.0,0.005106123386349361,18
hashtags,hashtag:laverdadsolotieneuncamino,4.0,,,0.0,0.0010209860787402,1
hashtags,hashtag:laverg,9.0,,,0.0,0.00278465067465931,3
hashtags,hashtag:lavidaesmaravillosa,4.0,,,0.0,0.001014630758601906,47
hashtags,hashtag:laviolencianotieneg,149.0,,,0.015144405942704622,0.02855078002727003,1
hashtags,hashtag:laviolencianotienegenero,27.0,,,0.00035017479014010414,0.013482997263401861,1
hashtags,hashtag:laviolencianotienegénero,0.0,,,0.0,2.101736988012748e-50,81
hashtags,hashtag:laviolencianotienesexo,17.0,,,5.96588010194376e-06,0.009126986587988984,1
hashtags,hashtag:lavishluxurybd,4.0,,,0.0,3.4369850946267235e-05,8
hashtags,hashtag:lavozdejotacamacho,27.0,,,0.0,0.005106123386349361,18
hashtags,hashtag:laws,29.0,,,0.0,0.01230709768653994,5
hashtags,hashtag:lawsofhumannature,29.0,,,0.0,0.01257269272367216,5
hashtags,hashtag:lawsofpower,73.0,,,0.00034835107648070426,0.02199301644296803,5
hashtags,hashtag:lds,6.0,,,0.0,0.0011417989853095224,3
hashtags,hashtag:leadclean,3.0,,,0.0,0.001196683742938987,5
hashtags,hashtag:leadership,15.0,,,0.00015220501543589652,0.006400801118407597,7
hashtags,hashtag:lealdade,2.0,,,0.0,0.0007210884883510526,1
hashtags,hashtag:lealtad,4.0,,,0.0,0.000208277372896964,0
hashtags,hashtag:leathermodel,4.0,,,0.0,3.073010807949907e-30,40
hashtags,hashtag:lebanon,11.0,,,0.0,0.001485626643091797,3
hashtags,hashtag:leccionesdevida,15.0,,,0.0,0.009231185029280796,0
hashtags,hashtag:lecrim,13.0,,,0.0,0.0006675454152084491,4
hashtags,hashtag:lecturamujeres,7.0,,,0.0,0.0015659073889058035,0
hashtags,hashtag:legadodelguerrero,6.0,,,0.0,0.004363303115376961,0
hashtags,hashtag:legadomasculino,5.0,,,0.0,0.0014473468611178933,0
hashtags,hashtag:legal,11.0,,,0.0,0.0043169325869069275,4
hashtags,hashtag:legalidad,29.0,,,0.0,0.008643739604943008,1
hashtags,hashtag:legalidaduniversitaria,4.0,,,0.0,0.0013240870688856282,4
hashtags,hashtag:legalstatus,16.0,,,0.0,0.004993598619449174,23
hashtags,hashtag:legaltech,4.0,,,0.0,0.0004282606879455911,4
hashtags,hashtag:legiondecaballeros1,36.0,,,4.503304283006712e-05,0.014718039245006455,0
hashtags,hashtag:legitcheckpassed,17.0,,,0.0,4.262662288912499e-05,8
hashtags,hashtag:legos,4.0,,,0.0,0.0023888512544513857,58
hashtags,hashtag:leicalove,4.0,,,0.0,0.0023954996434123956,7
hashtags,hashtag:leimariadapenha,14.0,,,0.0,0.00205797905363505,4
hashtags,hashtag:leitora,21.0,,,0.0,0.004768598764886373,3
hashtags,hashtag:leitura,8.0,,,0.0,0.0013390071082016852,2
hashtags,hashtag:leituradodia,21.0,,,0.0,0.004768598764886373,3
hashtags,hashtag:leiturafeminina,21.0,,,0.0,0.004768598764886373,3
hashtags,hashtag:leiturarecomendada,17.0,,,0.0,0.0014349044918028685,2
hashtags,hashtag:lencer,19.0,,,0.0,0.0012963095226286245,6
hashtags,hashtag:lenceriamasculina,19.0,,,0.0,0.0012963095226286245,6
hashtags,hashtag:lenguajecorporal,46.0,,,0.0002541700073272284,0.016276241861743628,0
hashtags,hashtag:lenguajenoverbal,19.0,,,0.0,0.004270595091589306,0
hashtags,hashtag:lentejas,11.0,,,0.0,0.004932204582862262,36
hashtags,hashtag:leonel,19.0,,,0.0,0.0006034092771935408,4
hashtags,hashtag:leonelfernandez,29.0,,,1.2572957557094606e-06,0.0007696479103639803,4
hashtags,hashtag:lesserafim,12.0,,,0.0,0.0010833842559587544,0
hashtags,hashtag:letrascoloresyvidas,13.0,,,0.0,0.006524945572132704,1
hashtags,hashtag:letsplay,17.0,,,0.0,9.986825658988697e-05,8
hashtags,hashtag:levantamoslavoz,23.0,,,0.0,0.002866868624303509,1
hashtags,hashtag:levelup,19.0,,,0.0,0.0027968446924803176,5
hashtags,hashtag:levelupmindset,4.0,,,0.0,3.4369850946267235e-05,8
hashtags,hashtag:ley,11.0,,,0.0,0.0043169325869069275,4
hashtags,hashtag:ley17798,13.0,,,0.0,0.0006314891326085328,4
hashtags,hashtag:ley20000,13.0,,,0.0,0.0006314891326085328,4
hashtags,hashtag:ley21675,25.0,,,0.0,0.003022461225922478,15
hashtags,hashtag:leyalejo,18.0,,,1.0958901569629444e-05,0.004504319579523705,1
hashtags,hashtag:leydeigualdad,24.0,,,0.0,0.010149805316501262,1
hashtags,hashtag:leydeviolencia,27.0,,,0.0,0.006196224240590878,1
hashtags,hashtag:leyes,11.0,,,0.0,0.0043169325869069275,4
hashtags,hashtag:leyesigulitarias,29.0,,,1.4253386586836302e-07,0.006712454774005588,11
hashtags,hashtag:leyfalsasdenuncias,13.0,,,0.0,0.0019112266825293998,1
hashtags,hashtag:leyfunahombres,25.0,,,0.0,0.003022461225922478,15
hashtags,hashtag:leyigualdadhombres,11.0,,,6.942489568734129e-05,0.0033017382803365723,4
hashtags,hashtag:leyintegral,27.0,,,0.0,0.006196224240590878,1
hashtags,hashtag:leylucio,14.0,,,0.0,0.0022665130931418874,1
hashtags,hashtag:leyvicaria,12.0,,,0.0,0.011447870860774572,1
hashtags,hashtag:lgbt,30.0,,,0.0003131957982600788,0.011832849792166597,1
hashtags,hashtag:lgbti,22.0,,,0.0,0.023213650445376526,1
hashtags,hashtag:lgbtiq,2.0,,,0.0,0.0013302164509380666,3
hashtags,hashtag:lgbtpride,4.0,,,0.0,0.0007425743389739816,60
hashtags,hashtag:lgbtq,11.0,,,0.0,5.885827025558957e-05,8
hashtags,hashtag:lgbtqdeutschland,11.0,,,0.0,5.885827025558957e-05,8
hashtags,hashtag:lgtb,4.0,,,0.0,0.0019667667962288394,3
hashtags,hashtag:lgtbi,15.0,,,0.0,0.007078661318558111,1
hashtags,hashtag:liberacionfemenina,11.0,,,0.0,0.002929269798068679,5
hashtags,hashtag:liberales,15.0,,,0.0,0.00036138611157992374,3
hashtags,hashtag:liberalismisamentaldisorder,28.0,,,0.0,0.005106888786422563,10
hashtags,hashtag:liberalmemes,29.0,,,0.0,0.005411935865336084,10
hashtags,hashtag:liberalsnowflakes,28.0,,,0.0,0.005106888786422563,10
hashtags,hashtag:liberalssuck,28.0,,,0.0,0.005106888786422563,10
hashtags,hashtag:liberatumente,28.0,,,0.0,0.0056091645620098786,9
hashtags,hashtag:liberdade,4.0,,,0.0,0.002460530325771407,2
hashtags,hashtag:liberdadeaovolante,5.0,,,0.0,0.0004842451019978793,2
hashtags,hashtag:libertad,60.0,,,0.001511401410106318,0.02061464548915655,1
hashtags,hashtag:libertaddeexpresion,16.0,,,0.0002969345799475123,0.002270831371270347,4
hashtags,hashtag:libertaddeexpresión,27.0,,,0.0,0.006196224240590878,1
hashtags,hashtag:libertadfemenina,19.0,,,4.854264579766038e-05,0.0018304606941328756,4
hashtags,hashtag:libertadfinanciera,56.0,,,0.0008265369743367105,0.021167504128780535,0
hashtags,hashtag:libertadmasculina,275.0,,,0.03020658531524288,0.05756677826580577,0
hashtags,hashtag:libertadyverdad,27.0,,,0.0,0.005106123386349361,18
hashtags,hashtag:libertarios,15.0,,,0.0,0.00036138611157992374,3
hashtags,hashtag:libertesuamente,4.0,,,0.0,0.001975299279319912,2
hashtags,hashtag:libia,24.0,,,0.0,0.026085000324322923,1
hashtags,hashtag:libido,26.0,,,1.82731605751419e-05,0.0010811943297689775,6
hashtags,hashtag:librer,24.0,,,0.0003924764107679443,0.002654366132527017,21
hashtags,hashtag:libreria,6.0,,,0.0,0.0007854829844959333,9
hashtags,hashtag:libro,20.0,,,0.00019972306883735336,0.00975951296565512,0
hashtags,hashtag:libroautoayuda,7.0,,,0.0,0.0015659073889058035,0
hashtags,hashtag:libroautoestima,7.0,,,0.0,0.0015659073889058035,0
hashtags,hashtag:libroempoderamiento,7.0,,,0.0,0.0015659073889058035,0
hashtags,hashtag:librorecomendado,16.0,,,0.0,0.005973991470208949,0
hashtags,hashtag:libros,42.0,,,0.0008452361266954201,0.013472061406895237,1
hashtags,hashtag:librosdigitalesenpdf,4.0,,,0.0,0.0017046616228962143,0
hashtags,hashtag:librosenespa,9.0,,,0.0,0.004086242891738347,0
hashtags,hashtag:librosrecomendados,24.0,,,0.0005862360340677482,0.010034433794213421,1
hashtags,hashtag:liburankejepang,7.0,,,0.0,0.0012307947418456222,45
hashtags,hashtag:lider,32.0,,,1.0436703253370697e-06,0.001891081663786306,6
hashtags,hashtag:lideran,89.0,,,0.0004334408983830392,0.007934677515038865,2
hashtags,hashtag:lideranc,26.0,,,0.0,0.002208318808576678,2
hashtags,hashtag:lideratuvida,36.0,,,0.00013313754471999017,0.012830713181946552,0
hashtags,hashtag:liderazgo,94.0,,,0.002888906888778513,0.034478064304700407,0
hashtags,hashtag:liderazgoconsciente,23.0,,,0.00012377853335504612,0.0038546477994341887,0
hashtags,hashtag:liderazgodominante,19.0,,,0.0,0.011285515162252756,0
hashtags,hashtag:liderazgofemenino,63.0,,,0.0007301758210584834,0.017425832587738978,0
hashtags,hashtag:liderazgomasculino,80.0,,,0.0003039968215926184,0.034313813794032554,0
hashtags,hashtag:liderazgopersonal,63.0,,,0.00048164140469338914,0.027198322281394214,0
hashtags,hashtag:lideres,7.0,,,0.0,0.0019358865635461819,33
hashtags,hashtag:lifeisshort,4.0,,,0.0,0.0023888512544513857,59
hashtags,hashtag:lifelessons,59.0,,,1.4337288469573807e-05,0.018009673252692256,5
hashtags,hashtag:lifeprogramming,14.0,,,0.0,0.0028262192699850153,7
hashtags,hashtag:lifestruggle,4.0,,,0.0,0.0013012453889187049,7
hashtags,hashtag:lifestruggles,4.0,,,0.0,0.001274835933850421,7
hashtags,hashtag:lifestyle,83.0,,,0.003656652207746548,0.026166075554653626,5
hashtags,hashtag:lifestylerd,4.0,,,0.0,0.0013080797591039446,0
hashtags,hashtag:ligamujeres,28.0,,,0.0,0.012811568554774718,0
hashtags,hashtag:ligar,56.0,,,0.0009910930741897292,0.020051149520507027,0
hashtags,hashtag:ligarconchicas,10.0,,,0.0,0.0034815206350228417,0
hashtags,hashtag:like,18.0,,,0.0,0.005189216812161583,4
hashtags,hashtag:likesforlike,18.0,,,0.0,0.005189216812161583,4
hashtags,hashtag:limaperu,8.0,,,0.0,0.0006728690493714175,4
hashtags,hashtag:limites,4.0,,,0.0,0.0027567902772780116,0
hashtags,hashtag:linajemasculino,4.0,,,0.0,0.0007522291143599648,0
hashtags,hashtag:linajepaterno,4.0,,,0.0,0.0008416433235348578,0
hashtags,hashtag:linajereal,4.0,,,0.0,0.0020179089316350696,0
hashtags,hashtag:literatura,33.0,,,0.000460696052286113,0.007800678589549352,3
hashtags,hashtag:literaturabrasileira,21.0,,,0.0,0.004768598764886373,3
hashtags,hashtag:literaturacontempor,12.0,,,0.0,0.00076277592856839,21
hashtags,hashtag:literaturafemenista,3.0,,,0.0,0.0035502807162363557,3
hashtags,hashtag:literatural,6.0,,,0.0,0.0011363069268552723,3
hashtags,hashtag:literaturanegra,21.0,,,0.0,0.004768598764886373,3
hashtags,hashtag:literaturauniversal,12.0,,,0.0,0.00076277592856839,21
hashtags,hashtag:litigio,6.0,,,0.0,0.00043760468734338915,4
hashtags,hashtag:liveinstagram,14.0,,,0.0,0.0028262192699850153,7
hashtags,hashtag:livg,57.0,,,0.0015147894032616416,0.022604024032822845,1
hashtags,hashtag:livrodigital,17.0,,,0.0,0.0014349044918028685,2
hashtags,hashtag:livronovo,17.0,,,0.0,0.0014349044918028685,2
hashtags,hashtag:livros,29.0,,,0.0,0.004103743162719225,7
hashtags,hashtag:livrosprof,29.0,,,0.0,0.004103743162719225,7
hashtags,hashtag:livrosprofeticos,29.0,,,0.0,0.004103743162719225,7
hashtags,hashtag:livrosproibidos,29.0,,,0.0,0.004103743162719225,7
hashtags,hashtag:livrosquetransformam,21.0,,,0.0,0.004768598764886373,3
hashtags,hashtag:llamasgemelas,3.0,,,0.0,0.0006221297876340815,0
hashtags,hashtag:llefia,12.0,,,0.0,0.001459759038167514,4
hashtags,hashtag:logicoveremotions,17.0,,,1.0601144556050683e-06,0.006299698358329134,7
hashtags,hashtag:logros,11.0,,,0.0,0.005393490305740552,0
hashtags,hashtag:logrosmasculinos,26.0,,,0.0,0.003634176635571606,9
hashtags,hashtag:lol,22.0,,,0.0,0.004773118116429363,5
hashtags,hashtag:lomitos,32.0,,,1.0436703253370697e-06,0.001891081663786306,6
hashtags,hashtag:lonerlife,4.0,,,0.0,0.0024183266162760802,1
hashtags,hashtag:lonewolf,9.0,,,1.547915355271501e-05,0.0025430760394675195,5
hashtags,hashtag:longadura,8.0,,,0.0,0.0008880709917785036,2
hashtags,hashtag:longevidad,29.0,,,0.0,0.010968569465788723,0
hashtags,hashtag:lookdepoder,4.0,,,0.0,3.4369850946267235e-05,8
hashtags,hashtag:lookism,4.0,,,0.0,0.0024430805754189454,7
hashtags,hashtag:lopersonalespolitico,7.0,,,0.0,0.004985330006626911,1
hashtags,hashtag:lopezyasoc,9.0,,,0.0,0.0006890940902538127,4
hashtags,hashtag:lopivi,14.0,,,0.0,0.005251204139780656,1
hashtags,hashtag:loquecallanloshombres,17.0,,,0.0,0.006016534975103179,0
hashtags,hashtag:losangeles,2.0,,,0.0,3.3375268509752726e-05,8
hashtags,hashtag:losbuenossomosmas,11.0,,,0.0,0.002929269798068679,5
hashtags,hashtag:losderechosnotieneng,3.0,,,0.0,0.0009993244121664865,1
hashtags,hashtag:losni,46.0,,,0.0009474353214721118,0.01397415641544055,1
hashtags,hashtag:lospadrestambi,4.0,,,0.0,0.0008656597839380808,1
hashtags,hashtag:love,4.0,,,0.0,0.0024430805754189454,7
hashtags,hashtag:loverforever,11.0,,,0.0,0.0013090598238143186,28
hashtags,hashtag:lovestory,8.0,,,0.0,0.0025514242316857258,7
hashtags,hashtag:loveunraveled,29.0,,,0.0,0.010932546935428578,5
hashtags,hashtag:loveyourself,16.0,,,0.00014121902351884797,0.00857862988073022,1
hashtags,hashtag:lovg,24.0,,,0.0,0.010149805316501262,1
hashtags,hashtag:loyaltyovereverything,4.0,,,0.0,3.4369850946267235e-05,8
hashtags,hashtag:luchafeminista,31.0,,,8.71487377483809e-05,0.019297474261696944,1
hashtags,hashtag:lugardeencuentro,9.0,,,0.0,0.0016141306219334657,37
hashtags,hashtag:luisdelafuente,4.0,,,0.0,0.0008416433235348578,0
hashtags,hashtag:luisren,3.0,,,0.0,0.00014127274427172375,0
hashtags,hashtag:lujoconprop,4.0,,,0.0,0.0019157566231963572,0
hashtags,hashtag:lujoenestadopuro,15.0,,,0.0,0.0005768915918664897,12
hashtags,hashtag:lujoenmivenas,14.0,,,0.0,0.0006489787209430508,12
hashtags,hashtag:lujointenso,18.0,,,0.0,0.00022765996402525633,13
hashtags,hashtag:lujoitaliano,27.0,,,9.89973364398919e-06,0.0007544549472715512,12
hashtags,hashtag:lujomediterr,4.0,,,0.0,0.00014337824123401982,0
hashtags,hashtag:lujoresidencial,4.0,,,0.0,0.00014337824123401982,0
hashtags,hashtag:lujoypoder,4.0,,,0.0,0.0013300621974510326,2
hashtags,hashtag:luna,13.0,,,0.0,0.0019330768981563426,3
hashtags,hashtag:luna112,4.0,,,0.0,0.0017782769805120065,1
hashtags,hashtag:luxurybagresale,17.0,,,0.0,4.262662288912499e-05,8
hashtags,hashtag:luxurybrand,4.0,,,0.0,3.4369850946267235e-05,8
hashtags,hashtag:luxuryconsignment,17.0,,,0.0,4.262662288912499e-05,8
hashtags,hashtag:luxuryforsale,17.0,,,0.0,4.262662288912499e-05,8
hashtags,hashtag:luxuryfragance,4.0,,,0.0,0.0001798372260177484,0
hashtags,hashtag:luxuryinbd,4.0,,,0.0,3.4369850946267235e-05,8
hashtags,hashtag:luxurylifestyle,9.0,,,0.0011243183588769995,0.0013370695518408861,8
hashtags,hashtag:luxurystyle,4.0,,,0.0,0.0012674107366863624,0
hashtags,hashtag:luzysombra,13.0,,,0.0,0.000449091063067712,26
hashtags,hashtag:lvg,24.0,,,0.0,0.010149805316501262,1
hashtags,hashtag:m,51.0,,,0.0010605372481896497,0.037456041244402494,1
hashtags,hashtag:maa,5.0,,,5.940046149489468e-07,0.002353540942136767,1
hashtags,hashtag:macanegra,8.0,,,0.0,0.0004363167232321041,6
hashtags,hashtag:machismo,91.0,,,0.00651089546774132,0.04028784233094979,1
hashtags,hashtag:machismoestrutural,3.0,,,0.0,0.001086264614498205,3
hashtags,hashtag:machismonosdejasolos,14.0,,,0.0,0.0019052939707934083,27
hashtags,hashtag:machismos,4.0,,,0.0,0.002105052096415373,3
hashtags,hashtag:machista,26.0,,,0.0,0.010970178532807436,1
hashtags,hashtag:machistas,3.0,,,0.0,0.001086264614498205,3
hashtags,hashtag:macho,28.0,,,6.778669294684197e-07,0.0012496235786019186,6
hashtags,hashtag:machoalfa,223.0,,,0.03882390961104614,0.02690809625057685,6
hashtags,hashtag:machoalfalomoplateado,50.0,,,0.00037243552692583256,0.005703065582787914,0
hashtags,hashtag:machoalfaseductor,19.0,,,0.0,0.004270595091589306,0
hashtags,hashtag:machoempresario,26.0,,,0.0,0.003634176635571606,9
hashtags,hashtag:machosfera,21.0,,,0.0001541569926314058,0.008461380577454799,2
hashtags,hashtag:machosgay,28.0,,,6.778669294684197e-07,0.0012496235786019184,6
hashtags,hashtag:madreaut,3.0,,,0.0,0.001183274202226578,3
hashtags,hashtag:madremala,25.0,,,0.0,0.003022461225922478,15
hashtags,hashtag:madrescanallas,3.0,,,3.563346646709075e-08,0.0009991182201901988,1
hashtags,hashtag:madrid,65.0,,,0.0001968558623155904,0.015960393956424724,1
hashtags,hashtag:madridespaña,29.0,,,0.0,0.008643739604943008,1
hashtags,hashtag:maestrodelenga,21.0,,,1.948900188351991e-06,0.0014495292963733926,19
hashtags,hashtag:maestrodelorgasmo,2.0,,,0.0,0.00040722224733144753,6
hashtags,hashtag:maestroseductor,8.0,,,0.0,0.0015853453473635196,0
hashtags,hashtag:mafiamedi,7.0,,,0.0,0.0014014888294616003,3
hashtags,hashtag:mafiamediatica,7.0,,,0.0,0.0014014888294616003,3
hashtags,hashtag:mafiaromance,3.0,,,0.0,3.390807616649585e-05,8
hashtags,hashtag:maga,13.0,,,9.470009945769155e-05,0.00572860935233817,7
hashtags,hashtag:magnetismo,4.0,,,0.0,0.0007735547298933412,0
hashtags,hashtag:magnetismoembotellado,15.0,,,0.0,0.0005768915918664897,12
hashtags,hashtag:magnetismofemenino,4.0,,,0.0,0.002008011380466472,0
hashtags,hashtag:magnetismomasculino,25.0,,,9.034087492014913e-06,0.0013688755765960748,2
hashtags,hashtag:maharashtra,19.0,,,0.0,0.0027968446924803176,5
hashtags,hashtag:mahaschekaiban,6.0,,,6.776514258288399e-07,0.0024497464211767628,3
hashtags,hashtag:maincharacter,9.0,,,0.0,0.001617500033262051,5
hashtags,hashtag:majestymasculine,4.0,,,0.0,0.004216888915477333,1
hashtags,hashtag:makeamericagreatagain,3.0,,,0.0,0.0024503951689579303,7
hashtags,hashtag:malamadre,16.0,,,7.641302335453387e-06,0.0068028713882303865,1
hashtags,hashtag:maleego,3.0,,,0.0,0.001218609790069181,5
hashtags,hashtag:malefertility,17.0,,,0.0,0.0014845228483459918,6
hashtags,hashtag:maleinfertility,17.0,,,0.0,0.0014845228483459918,6
hashtags,hashtag:malelingerie,19.0,,,0.0,0.0012963095226286245,6
hashtags,hashtag:maleloneliness,3.0,,,0.0,0.0026627802107208392,7
hashtags,hashtag:malelonelinessepidemic,2.0,,,0.0,0.0022597636934074154,1
hashtags,hashtag:malestaresdeg,8.0,,,0.0,0.003783027597036679,3
hashtags,hashtag:malesuicideprevention,4.0,,,0.0,0.0005813118911807423,7
hashtags,hashtag:malleusmaleficarum,13.0,,,0.0,0.0019330768981563426,3
hashtags,hashtag:mallorca,16.0,,,0.0,0.0005852067064686101,4
hashtags,hashtag:malostratosfalsos,18.0,,,5.837699929498206e-05,0.008228922336284776,1
hashtags,hashtag:malostratosfalsostv,13.0,,,1.3693777164448291e-06,0.004045609601009289,1
hashtags,hashtag:maltrato,6.0,,,0.0,0.005662465530836669,1
hashtags,hashtag:maltratoalhombre,14.0,,,0.0,0.006131282242545242,1
hashtags,hashtag:maltratoaloshombres,18.0,,,0.0,0.023152525853182615,1
hashtags,hashtag:maltratoenpareja,17.0,,,0.0,0.023141103881784687,1
hashtags,hashtag:maltratohombre,33.0,,,1.2580264556443763e-05,0.00604517539984703,1
hashtags,hashtag:maltratoinfantil,28.0,,,1.3563319952435714e-05,0.005432693890830093,1
hashtags,hashtag:maltratomujer,33.0,,,1.2580264556443763e-05,0.00604517539984703,1
hashtags,hashtag:maltratopsicol,33.0,,,1.2580264556443763e-05,0.00604517539984703,1
hashtags,hashtag:mam,25.0,,,0.0012771118605913688,0.0101644507329617,1
hashtags,hashtag:mama,8.0,,,0.0,0.0047116061195182374,1
hashtags,hashtag:mamafit,4.0,,,0.0,0.001356962977033872,5
hashtags,hashtag:man,33.0,,,0.00015824009541661393,0.027507492999915475,1
hashtags,hashtag:manadaalfa,6.0,,,0.0,0.00047475590190294403,55
hashtags,hashtag:manandwoman,18.0,,,0.0,0.002054793708970469,3
hashtags,hashtag:mandatos,4.0,,,0.0,0.003702895368174866,3
hashtags,hashtag:mandatosdeg,8.0,,,0.0,0.003783027597036679,3
hashtags,hashtag:manejodedificultades,15.0,,,0.0,0.00984791366305881,0
hashtags,hashtag:manejodelestres,15.0,,,0.0,0.009186655801223373,0
hashtags,hashtag:manfulness,14.0,,,0.0,0.009571587164453589,0
hashtags,hashtag:mangina,4.0,,,0.0,0.001267952799210683,1
hashtags,hashtag:manhood,19.0,,,1.6380549860647212e-06,0.006532698589592723,5
hashtags,hashtag:manifestaci,4.0,,,0.0,0.0005220621069712348,1
hashtags,hashtag:manifestacionabundante,4.0,,,0.0,0.0013742633611382442,0
hashtags,hashtag:manifestacionmadrid,19.0,,,0.0,0.005561757948636211,1
hashtags,hashtag:manifestaramor,4.0,,,0.0,0.0009676868649800503,0
hashtags,hashtag:manipulacionemocional,21.0,,,1.948900188351991e-06,0.0014495292963733926,19
hashtags,hashtag:manipulacionjudicial,27.0,,,0.0,0.005106123386349361,18
hashtags,hashtag:manipulacionpsicologica,21.0,,,1.948900188351991e-06,0.0014495292963733926,19
hashtags,hashtag:manipulaciónjudicial,27.0,,,0.0,0.006196224240590878,1
hashtags,hashtag:manipulationawareness,19.0,,,0.0,0.003490090842055938,5
hashtags,hashtag:manipulationtactics,19.0,,,0.0,0.003490090842055938,5
hashtags,hashtag:mankeeping,9.0,,,0.0,0.0015475674688728432,2
hashtags,hashtag:manliness,17.0,,,1.5429856590829136e-07,0.005706991603713634,5
hashtags,hashtag:mann,34.0,,,0.00022786419716682292,0.009108938281388831,11
hashtags,hashtag:mannundfrau,18.0,,,0.0,0.002054793708970469,3
hashtags,hashtag:manofgod,14.0,,,0.0,0.008114484751477271,1
hashtags,hashtag:manojitodeclaveles,3.0,,,0.0,0.0034456998708672615,3
hashtags,hashtag:manosfera,75.0,,,0.0003985749108328605,0.060471923324095705,1
hashtags,hashtag:manosphere,121.0,,,0.003869010411687731,0.054106856812829056,1
hashtags,hashtag:mantenteactivo,19.0,,,0.0,0.004278221161241839,0
hashtags,hashtag:manualconquistar,8.0,,,4.27601597605089e-07,0.0005342559732549344,2
hashtags,hashtag:manualdeunadiosa,1.0,,,0.0,0.0012119866418313695,0
hashtags,hashtag:manualdohomem,9.0,,,0.0,0.0007346968106599586,2
hashtags,hashtag:manuelaramos,3.0,,,0.0,0.0018351440788475178,1
hashtags,hashtag:manunited,4.0,,,0.0,0.0009489430973939275,1
hashtags,hashtag:maos_que_calam,14.0,,,0.0,0.00205797905363505,4
hashtags,hashtag:maquillaje,26.0,,,0.0,0.010970178532807436,1
hashtags,hashtag:maquillajehombre,26.0,,,0.0,0.010970178532807436,1
hashtags,hashtag:maquillajeparahombres,26.0,,,0.0,0.010970178532807436,1
hashtags,hashtag:marcacionmandibular,4.0,,,0.0,0.0006071457062017672,0
hashtags,hashtag:marcapersonal,7.0,,,7.671944604996497e-06,0.0013235658642310514,8
hashtags,hashtag:marcha,4.0,,,0.0,0.0014853523298129178,1
hashtags,hashtag:marchamosjuntas,3.0,,,0.0,0.0014529006568915,3
hashtags,hashtag:marchamostodas,3.0,,,0.0,0.0014529006568915,3
hashtags,hashtag:marchanacional,5.0,,,0.0,0.0008264981812978617,7
hashtags,hashtag:marcion,10.0,,,0.0,0.0025579670246815064,7
hashtags,hashtag:marcusaurelius,47.0,,,3.056972261488771e-05,0.015151774787383181,5
hashtags,hashtag:mareaverde,29.0,,,0.0,0.019259517887252185,1
hashtags,hashtag:maresdodesterro,2.0,,,0.0,0.0010705491342617277,3
hashtags,hashtag:mariaelenawalsh,4.0,,,0.0,0.0017204162528428157,3
hashtags,hashtag:mariamadalena,4.0,,,0.0,0.0012283500547513254,3
hashtags,hashtag:marianne,9.0,,,0.0,0.0008400451048883601,34
hashtags,hashtag:mariannegonzaga,9.0,,,0.0,0.0008400451048883601,34
hashtags,hashtag:marieta,8.0,,,0.0,0.0017013159215319654,1
hashtags,hashtag:marketingdigital,4.0,,,0.0,0.0016026959026648262,0
hashtags,hashtag:marketingstrategy,4.0,,,0.0,0.003533025464047755,1
hashtags,hashtag:marriage,4.0,,,0.0,0.0034446298479077183,1
hashtags,hashtag:marriagegoals,8.0,,,0.0,0.0024745679589170955,35
hashtags,hashtag:marriagelife,4.0,,,0.0,0.0034446298479077183,1
hashtags,hashtag:marriagemindset,4.0,,,0.0,0.002337514291925053,29
hashtags,hashtag:martes,3.0,,,0.0,0.002637669467681168,0
hashtags,hashtag:marxismo,4.0,,,0.0,0.0033929768333980457,1
hashtags,hashtag:maryatelocuenta,2.0,,,0.0,0.0025121564687861533,0
hashtags,hashtag:masajecdmx,22.0,,,0.0,0.001825321740391951,20
hashtags,hashtag:masajeparahombres,22.0,,,0.0,0.001825321740391951,20
hashtags,hashtag:masajeprofesional,22.0,,,0.0,0.001825321740391951,20
hashtags,hashtag:masajerelajante,22.0,,,0.0,0.001825321740391951,20
hashtags,hashtag:masajes,4.0,,,0.0,0.001032548255362773,0
hashtags,hashtag:masamuscular,7.0,,,0.0,0.0013517471994518332,3
hashtags,hashtag:mascercadelarte,13.0,,,0.0,0.006524945572132704,1
hashtags,hashtag:maschi,26.0,,,0.0,0.007591111378626351,6
hashtags,hashtag:masculine,4.0,,,0.0,0.0028319579530404195,3
hashtags,hashtag:masculine_empire,16.0,,,0.0,0.005476698057000226,5
hashtags,hashtag:masculinemindset,11.0,,,1.0710401920965561e-06,0.0027199118287280465,29
hashtags,hashtag:masculinidad,407.0,,,0.05405139450361446,0.18694540562921502,1
hashtags,hashtag:masculinidadactual,26.0,,,0.0,0.014959570888893518,1
hashtags,hashtag:masculinidadancestral,23.0,,,0.0001700931108394375,0.0030232557572755594,0
hashtags,hashtag:masculinidadautentica,172.0,,,0.014885318904759302,0.04074221730114359,0
hashtags,hashtag:masculinidadautista,11.0,,,0.0,0.0018868279476051868,2
hashtags,hashtag:masculinidadauténtica,19.0,,,0.0,0.002274614306889274,0
hashtags,hashtag:masculinidadconsciente,113.0,,,0.005537672473575233,0.028207127507029486,0
hashtags,hashtag:masculinidadcritica,14.0,,,0.0,0.0019052939707934083,27
hashtags,hashtag:masculinidade,165.0,,,0.012648567389901033,0.024934329280844044,2
hashtags,hashtag:masculinidadealpha,19.0,,,0.0,0.0008356462349161245,2
hashtags,hashtag:masculinidadeconsciente,41.0,,,3.255846742049082e-05,0.003741730426074695,2
hashtags,hashtag:masculinidadeemalta,28.0,,,0.0,0.0024344948045167316,2
hashtags,hashtag:masculinidadeesistemapatriarcal,20.0,,,0.0,0.0038796869927010987,2
hashtags,hashtag:masculinidadeforte,41.0,,,3.255846742049082e-05,0.003741730426074695,2
hashtags,hashtag:masculinidademoderna,28.0,,,0.0,0.0024344948045167316,2
hashtags,hashtag:masculinidadepositiva,28.0,,,0.0,0.0024344948045167316,2
hashtags,hashtag:masculinidades,146.0,,,0.008177286798924733,0.06598172442528354,1
hashtags,hashtag:masculinidadesdiversas,1.0,,,0.0,0.0006161185709983174,2
hashtags,hashtag:masculinidadespositivas,60.0,,,0.000509507744935289,0.04404331205307193,1
hashtags,hashtag:masculinidadessanas,6.0,,,0.0,0.0026042807575676215,1
hashtags,hashtag:masculinidadet,7.0,,,0.000297284258112751,0.0020736120357238916,6
hashtags,hashtag:masculinidadmoderna,29.0,,,0.0,0.010968569465788723,0
hashtags,hashtag:masculinidadoriginal,14.0,,,0.0,0.008114484751477271,1
hashtags,hashtag:masculinidadpositiva,56.0,,,0.0011426120301423416,0.043464032805604944,1
hashtags,hashtag:masculinidadreal,94.0,,,0.009065978220851176,0.0096207360461799,0
hashtags,hashtag:masculinidadsana,37.0,,,0.00037275438377470585,0.014325237071907105,0
hashtags,hashtag:masculinidadsegura,22.0,,,0.0,0.001825321740391951,20
hashtags,hashtag:masculinidadt,2.0,,,0.0,0.003396560493374148,3
hashtags,hashtag:masculinidadtoxica,3.0,,,0.0,0.0037676635354339746,1
hashtags,hashtag:masculinidadverdadera,17.0,,,3.1563857348524026e-05,0.009997675722323787,1
hashtags,hashtag:masculinidadysistemapatriarcal,20.0,,,0.0,0.0038796869927010987,2
hashtags,hashtag:masculinism,130.0,,,0.0007620730942178614,0.08109531893653246,1
hashtags,hashtag:masculinisme,8.0,,,1.1351854621712994e-05,0.005050284011132756,1
hashtags,hashtag:masculinismo,294.0,,,0.009932084480798747,0.1598705185354458,1
hashtags,hashtag:masculinismointernacional,15.0,,,0.0,0.02353372314974334,1
hashtags,hashtag:masculinismom,48.0,,,0.00011459795688120139,0.044795008638643975,1
hashtags,hashtag:masculinista,16.0,,,0.0,0.021766748873073533,1
hashtags,hashtag:masculinistas,105.0,,,0.000688216116443571,0.07129101224132504,1
hashtags,hashtag:masculinit,5.0,,,0.0,0.0026649509873707244,1
hashtags,hashtag:masculinity,154.0,,,0.004907371190703859,0.07845265932714865,1
hashtags,hashtag:masculino,71.0,,,0.005926081713816041,0.044296966236786896,1
hashtags,hashtag:masculism,4.0,,,0.0,0.005414311255002607,1
hashtags,hashtag:masenergia,19.0,,,0.0,0.004278221161241839,0
hashtags,hashtag:maspelos,2.0,,,0.0,0.0003893547383015619,6
hashtags,hashtag:mastery,41.0,,,1.2435930400952508e-06,0.014933995023624712,5
hashtags,hashtag:materialismo,2.0,,,0.0,0.0007210884883510526,1
hashtags,hashtag:maternidad,43.0,,,0.0004788380547749531,0.020052478246020022,1
hashtags,hashtag:maternidadconsiente,4.0,,,0.0,0.0020179089316350696,0
hashtags,hashtag:maternidadebiblica,2.0,,,0.0,0.0007210884883510526,1
hashtags,hashtag:maternidadereal,2.0,,,0.0,0.0007210884883510526,1
hashtags,hashtag:matriarcado,29.0,,,0.0,0.008643739604943008,1
hashtags,hashtag:matrimonionatural,12.0,,,0.0,0.007787076706956315,1
hashtags,hashtag:matrimonios,6.0,,,0.0,3.986167342901836e-05,42
hashtags,hashtag:matrix,48.0,,,0.000378576440140793,0.0057809616247995795,7
hashtags,hashtag:matrixbrasil,29.0,,,0.0,0.004103743162719225,7
hashtags,hashtag:matrixmovie,14.0,,,0.0,0.0028262192699850153,7
hashtags,hashtag:mav,4.0,,,0.0,0.004269029698551237,0
hashtags,hashtag:maxformen,6.0,,,8.683341332295698e-06,0.0012857578663055984,0
hashtags,hashtag:mayafit,4.0,,,0.0,0.0005233766455999488,0
hashtags,hashtag:me,22.0,,,0.0,0.004773118116429363,5
hashtags,hashtag:medellin,7.0,,,0.0,0.0028539665738278436,33
hashtags,hashtag:medicinachina,4.0,,,0.0,0.0006814580160703784,0
hashtags,hashtag:medicinaconprop,4.0,,,0.0,0.0018030227691372335,0
hashtags,hashtag:medicinainterna,4.0,,,0.0,0.0006766836690794176,0
hashtags,hashtag:medicinamasculina,20.0,,,0.0,0.000974078637967859,6
hashtags,hashtag:medidacautelar,19.0,,,0.0,0.001693421732041801,4
hashtags,hashtag:medidascautelares,4.0,,,0.0,0.0005399114727675614,4
hashtags,hashtag:mediosdigitales,29.0,,,0.0,0.019259517887252185,1
hashtags,hashtag:meditacion,9.0,,,4.7511288622787665e-08,0.0008479140764512819,0
hashtags,hashtag:meditation,48.0,,,9.875669394488759e-06,0.015882152452471814,5
hashtags,hashtag:mehorespostagem,25.0,,,0.0,0.0007976069945091548,14
hashtags,hashtag:mejoraautoestima,15.0,,,0.0,0.010162456787188632,0
hashtags,hashtag:mejoracontinua,46.0,,,1.935202026973656e-05,0.023573265592831565,0
hashtags,hashtag:mejoradiaria,11.0,,,0.0,0.008143847732681453,0
hashtags,hashtag:mejorapersonal,29.0,,,0.0,0.010968569465788723,0
hashtags,hashtag:mejorarconfianza,15.0,,,0.0,0.010348463760912661,0
hashtags,hashtag:mejorarconlasmujeres,9.0,,,0.0,0.0030022192616860413,0
hashtags,hashtag:mejorlibro,16.0,,,0.0,0.005973991470208949,0
hashtags,hashtag:mejorlibrodela,16.0,,,0.0,0.005973991470208949,0
hashtags,hashtag:mejorversion,13.0,,,1.7733620522914787e-07,0.0072254606650005515,0
hashtags,hashtag:mejorversiondeti,11.0,,,0.0,0.008143847732681453,0
hashtags,hashtag:melancol,12.0,,,0.0,0.00076277592856839,21
hashtags,hashtag:melbourne,3.0,,,0.0,0.0012488717919796552,8
hashtags,hashtag:melhore,26.0,,,0.0,0.0026837790701737725,2
hashtags,hashtag:melhorepublicaanim,25.0,,,0.0,0.0007976069945091548,14
hashtags,hashtag:melhoresmemes2019,25.0,,,0.0,0.0007976069945091548,14
hashtags,hashtag:melhorespostagens,25.0,,,0.0,0.0007976069945091548,14
hashtags,hashtag:melhorte,39.0,,,2.8496997079329715e-05,0.003666240801269379,2
hashtags,hashtag:melhorvers,40.0,,,5.602510852154551e-05,0.004969221325251965,2
hashtags,hashtag:meme,42.0,,,0.002817511416408093,0.01077802715094688,2
hashtags,hashtag:memeapositivos,25.0,,,0.0,0.0007976069945091548,14
hashtags,hashtag:memedaily,4.0,,,0.0,0.001175780482457537,68
hashtags,hashtag:memepage,4.0,,,0.0,0.0012529683125038114,7
hashtags,hashtag:memepositivo,25.0,,,0.0,0.0007976069945091548,14
hashtags,hashtag:memes,19.0,,,0.0004929217106145135,0.007010881866200691,7
hashtags,hashtag:memesdahora1001,25.0,,,0.0,0.0007976069945091548,14
hashtags,hashtag:memesespa,4.0,,,0.0,0.0007425743389739816,60
hashtags,hashtag:memeslgbt,4.0,,,0.0,0.0007425743389739816,60
hashtags,hashtag:memesmotivadores,25.0,,,0.0,0.0007976069945091548,14
hashtags,hashtag:memespositivos,25.0,,,0.0,0.0007976069945091548,14
hashtags,hashtag:memoriafeminina,4.0,,,0.0,0.0035366002995052435,3
hashtags,hashtag:men,135.0,,,0.006173634762858605,0.057703231962289867,1
hashtags,hashtag:menarehere,73.0,,,0.00016262812189352647,0.0567535765606126,1
hashtags,hashtag:menaretheprize,9.0,,,0.0,0.005215097975229047,7
hashtags,hashtag:mendeservetobehappytoo,25.0,,,1.8205291645243975e-05,0.006642106294908829,7
hashtags,hashtag:menfacts,35.0,,,9.647440361425551e-07,0.024921829178611243,1
hashtags,hashtag:menfitness,16.0,,,0.0,0.005476698057000226,5
hashtags,hashtag:menhelpingmen,16.0,,,0.0,0.005476698057000226,5
hashtags,hashtag:menissues,16.0,,,0.0,0.005476698057000226,5
hashtags,hashtag:menlifestyle,14.0,,,0.0,0.008114484751477271,1
hashtags,hashtag:menmattertoo,13.0,,,0.0,0.00936166478605681,1
hashtags,hashtag:menores,16.0,,,0.0,0.0005852067064686101,4
hashtags,hashtag:menrighsactivist,34.0,,,1.0072270666473405e-05,0.03745435625502907,1
hashtags,hashtag:menrighst,15.0,,,0.0,0.017735879467011183,1
hashtags,hashtag:menrighstmovement,15.0,,,0.0,0.020027368411706818,1
hashtags,hashtag:menright,13.0,,,0.0,0.01726569709297216,1
hashtags,hashtag:menrights,100.0,,,0.00040996097280719457,0.07112661752131809,1
hashtags,hashtag:menrightsactivist,105.0,,,0.0005017338391819919,0.0719148707866445,1
hashtags,hashtag:menrightsmatter,13.0,,,0.0,0.016676580246042995,1
hashtags,hashtag:menrightsmovement,75.0,,,0.00023128596789226627,0.05880013755572211,1
hashtags,hashtag:mens,4.0,,,0.0,0.0034468714835102473,1
hashtags,hashtag:mensday,20.0,,,1.263909399028693e-05,0.017853534495944793,1
hashtags,hashtag:mensfashion,22.0,,,1.5501072775522106e-05,0.0029142511764067122,5
hashtags,hashtag:menshealth,17.0,,,0.0,0.0014845228483459918,6
hashtags,hashtag:mensissues,4.0,,,0.0,0.0005813118911807423,7
hashtags,hashtag:mensliberation,4.0,,,0.0,0.0033765279745340496,1
hashtags,hashtag:mensmentalhealth,4.0,,,0.0,0.003533025464047755,1
hashtags,hashtag:mensrights,102.0,,,0.003383135078606648,0.06966790102027526,1
hashtags,hashtag:mensrightsactivist,4.0,,,0.0,0.0033765279745340496,1
hashtags,hashtag:mensrightsmovement,4.0,,,0.0,0.0034468714835102473,1
hashtags,hashtag:menstyle,19.0,,,0.0,0.0012963095226286245,6
hashtags,hashtag:menswelfare,4.0,,,0.0,0.0033765279745340496,1
hashtags,hashtag:mentalhealth,4.0,,,0.0,0.005414311255002607,1
hashtags,hashtag:mentalidad,86.0,,,0.0026812818764691227,0.031065687448356524,0
hashtags,hashtag:mentalidadalfa,146.0,,,0.010417193869229482,0.03511606052734367,0
hashtags,hashtag:mentalidadalpha,25.0,,,0.00020921718971241354,0.004535652543938542,0
hashtags,hashtag:mentalidadarrolladora,27.0,,,2.819083337701212e-07,0.016531917288711593,0
hashtags,hashtag:mentalidadbravo,11.0,,,0.0,0.00491311888720126,0
hashtags,hashtag:mentalidadde,34.0,,,8.722470313967617e-05,0.0174758739004615,0
hashtags,hashtag:mentalidaddeabundancia,25.0,,,0.00010154665573994693,0.013911060230239082,0
hashtags,hashtag:mentalidaddeacero,23.0,,,8.269437355613968e-05,0.011017729115803752,0
hashtags,hashtag:mentalidaddecrecimiento,45.0,,,3.129967658861979e-05,0.022548109235147586,0
hashtags,hashtag:mentalidaddediosa,4.0,,,0.0,0.0024826482973477953,0
hashtags,hashtag:mentalidaddeexito,90.0,,,0.00040251982147361027,0.035354805226957116,0
hashtags,hashtag:mentalidaddeganador,9.0,,,0.0,0.007879564339259966,0
hashtags,hashtag:mentalidaddehierro,15.0,,,0.0,0.00893796197009447,0
hashtags,hashtag:mentalidaddehombre,19.0,,,0.0,0.008725189717706548,0
hashtags,hashtag:mentalidadderiqueza,8.0,,,9.873653516941095e-05,0.001882822462567895,0
hashtags,hashtag:mentalidaddetitan,8.0,,,0.0,0.003014389288543087,0
hashtags,hashtag:mentalidadealpha,34.0,,,5.1805374493471074e-05,0.0020757906265089217,2
hashtags,hashtag:mentalidadedeforte,16.0,,,0.0,0.0024766368396782644,2
hashtags,hashtag:mentalidadedesucesso,21.0,,,0.0,0.0017937342915913827,2
hashtags,hashtag:mentalidadefeminina,20.0,,,0.0,0.0028099638933050735,2
hashtags,hashtag:mentalidadeforte,46.0,,,3.6816270420726455e-05,0.0034523115062485557,2
hashtags,hashtag:mentalidademasculina,38.0,,,0.0001125098912014523,0.006114151900810444,2
hashtags,hashtag:mentalidademprendedora,21.0,,,0.0,0.0063827726223059395,0
hashtags,hashtag:mentalidadempresarial,4.0,,,0.0,0.0012690976993722947,8
hashtags,hashtag:mentalidadestoica,19.0,,,0.0,0.00858825103319815,0
hashtags,hashtag:mentalidadfemenina,5.0,,,0.0,0.0021208568972614647,0
hashtags,hashtag:mentalidadfuerte,188.0,,,0.00205397381650992,0.0571203718973735,0
hashtags,hashtag:mentalidadganadora,93.0,,,0.0010580237949881512,0.03524015795035587,0
hashtags,hashtag:mentalidadindomable,4.0,,,0.0,0.0009165610404419438,0
hashtags,hashtag:mentalidadinquebrantable,14.0,,,2.767227724369677e-05,0.0037544395848069408,0
hashtags,hashtag:mentalidadmasculina,62.0,,,0.0045138723736522085,0.02721050149080295,0
hashtags,hashtag:mentalidadpoderosa,6.0,,,2.937292760166589e-07,0.002472817521768036,0
hashtags,hashtag:mentalidadponk,21.0,,,1.948900188351991e-06,0.0014495292963733926,19
hashtags,hashtag:mentalidadpositiva,88.0,,,0.000555040826856007,0.0364617575418022,0
hashtags,hashtag:mentalidadpositivasiempre,29.0,,,0.0,0.014871641971113308,0
hashtags,hashtag:mentalidadseductora,28.0,,,3.461621061144221e-05,0.011267557678451518,0
hashtags,hashtag:mentalstrength,10.0,,,0.0,0.0011566889996977392,5
hashtags,hashtag:mente,28.0,,,0.0,0.0056091645620098786,9
hashtags,hashtag:mentedeguerrero,19.0,,,0.0,0.008725189717706548,0
hashtags,hashtag:mentedel,26.0,,,0.0,0.003634176635571606,9
hashtags,hashtag:mentefeminina,4.0,,,0.0,0.0005696383181002425,2
hashtags,hashtag:menteforte,35.0,,,5.362224815489137e-07,0.0029937867875534374,2
hashtags,hashtag:mentefria,9.0,,,0.0,0.0062343341446940105,0
hashtags,hashtag:mentefuerte,50.0,,,8.489894960401559e-05,0.02298779155964816,0
hashtags,hashtag:mentemasculina,49.0,,,0.0001557526319331138,0.003970395641258576,2
hashtags,hashtag:mentemasculinaativa,35.0,,,5.362224815489137e-07,0.0029937867875534374,2
hashtags,hashtag:mentepersuasiva,21.0,,,1.948900188351991e-06,0.0014495292963733926,19
hashtags,hashtag:mentesana,45.0,,,0.00027274211473420654,0.019058567708501842,0
hashtags,hashtag:mentesedutora,19.0,,,0.0,0.0008356462349161245,2
hashtags,hashtag:mentir,7.0,,,0.0,0.0005077361085548723,4
hashtags,hashtag:mentiras,14.0,,,0.0,0.00205797905363505,4
hashtags,hashtag:mentirasreveladas,21.0,,,1.948900188351991e-06,0.0014495292963733926,19
hashtags,hashtag:mentirosa,10.0,,,5.067952567591008e-06,0.00693340691238507,1
hashtags,hashtag:mentoo,10.0,,,8.72939257944735e-05,0.008238866876761916,1
hashtags,hashtag:mentoomoviment,6.0,,,0.0,0.004907836771492982,1
hashtags,hashtag:mentor,13.0,,,0.0,0.01015682578547256,0
hashtags,hashtag:mentora,28.0,,,0.0,0.0056091645620098786,9
hashtags,hashtag:menunderwear,19.0,,,0.0,0.0012963095226286245,6
hashtags,hashtag:menwithclass,4.0,,,0.0,0.0012998724737979892,5
hashtags,hashtag:merecesloqueofreces,4.0,,,0.0,0.0019157566231963572,0
hashtags,hashtag:mesdelhombre,65.0,,,0.0002951403666204187,0.027663515869973967,1
hashtags,hashtag:metafisica,9.0,,,0.0,0.001653249958409619,0
hashtags,hashtag:metasclaras,38.0,,,7.786032338047082e-06,0.022263288084710505,0
hashtags,hashtag:metasdevida,26.0,,,0.0,0.003634176635571606,9
hashtags,hashtag:metasfinancieras,20.0,,,0.0,0.0006263866220906295,16
hashtags,hashtag:metaspersonales,15.0,,,0.0,0.00803343350061178,0
hashtags,hashtag:metasylogros,11.0,,,0.0,0.007174022271938309,0
hashtags,hashtag:metepec,18.0,,,0.0,0.00413600993287865,2
hashtags,hashtag:metododeseduccion,11.0,,,0.0,0.0008863593807998695,0
hashtags,hashtag:metodopantera,12.0,,,0.0,0.003976271382485984,1
hashtags,hashtag:metodosanticonceptivos,14.0,,,0.0,0.018307875410866627,1
hashtags,hashtag:metro,26.0,,,0.0,0.003634176635571606,9
hashtags,hashtag:mexico,35.0,,,0.0001449624002941193,0.024699395443720868,1
hashtags,hashtag:mgtow,495.0,,,0.07025837471550431,0.16033990771510412,1
hashtags,hashtag:mgtow101,29.0,,,0.0,0.005411935865336083,10
hashtags,hashtag:mgtowbrasil,4.0,,,0.0,0.002460685452012419,2
hashtags,hashtag:mgtowfrance,4.0,,,0.0,0.004652559038481487,1
hashtags,hashtag:mgtowfreedom,12.0,,,2.298640536478638e-05,0.0028948925213102055,2
hashtags,hashtag:mgtowisfreedom,13.0,,,2.4767364711998956e-05,0.0032073405489196367,2
hashtags,hashtag:mgtowisthefuture,32.0,,,4.698776660065194e-06,0.005540227411682748,10
hashtags,hashtag:mgtowlatino,18.0,,,0.0,0.023152525853182615,1
hashtags,hashtag:mgtowm,31.0,,,2.4166632431962553e-06,0.03127816580881537,1
hashtags,hashtag:mgtowmexico,18.0,,,0.0,0.023152525853182615,1
hashtags,hashtag:mgtowportugal,15.0,,,5.364421363021018e-05,0.0034561175147829865,2
hashtags,hashtag:mgtowredpill,29.0,,,0.0,0.005411935865336083,10
hashtags,hashtag:mh13_solapurkar,3.0,,,0.0,0.0012186097900691811,5
hashtags,hashtag:miami,17.0,,,0.0,0.003383799656707563,7
hashtags,hashtag:miasistentelegalia,4.0,,,0.0,0.0004282606879455911,4
hashtags,hashtag:midecision,26.0,,,0.0,0.010970178532807436,1
hashtags,hashtag:miedo,25.0,,,0.0,0.012079522828123652,2
hashtags,hashtag:miedoalrechazo,11.0,,,0.0,0.0008863593807998695,0
hashtags,hashtag:miedomasculino,9.0,,,2.6267142861975055e-05,0.0041177450384268675,0
hashtags,hashtag:miedosilencioso,18.0,,,0.0,0.0030618562473943268,24
hashtags,hashtag:mifirmalatienes,5.0,,,0.0,0.002040556607337218,1
hashtags,hashtag:migrantes,10.0,,,0.0,0.0036993691094859785,1
hashtags,hashtag:miguellorente,7.0,,,0.0,0.0057358693561186625,1
hashtags,hashtag:miinvierno,32.0,,,1.0436703253370697e-06,0.001891081663786306,6
hashtags,hashtag:mileipresidente,12.0,,,0.0,0.002799423021331456,1
hashtags,hashtag:millenials,17.0,,,0.0,0.003383799656707563,7
hashtags,hashtag:millionairementor,0.0,,,0.0,2.101736988012748e-50,82
hashtags,hashtag:millionairemindset,4.0,,,0.0,0.0014478737478002472,5
hashtags,hashtag:millonariosj,26.0,,,0.0,0.003634176635571606,9
hashtags,hashtag:mimejorversi,4.0,,,0.0,0.0012661674830273496,0
hashtags,hashtag:mimejorversion,6.0,,,2.937292760166589e-07,0.002472817521768036,0
hashtags,hashtag:mindandbody,12.0,,,0.0,0.003976271382485984,1
hashtags,hashtag:mindcontrol,14.0,,,0.0,0.0028262192699850153,7
hashtags,hashtag:mindfulness,45.0,,,0.0021605179964377347,0.01258341770303398,0
hashtags,hashtag:mindofman,4.0,,,0.0,0.002765446111902567,5
hashtags,hashtag:mindset,69.0,,,0.0028948389772478758,0.017529746571422887,5
hashtags,hashtag:mindsetiseverything,4.0,,,0.0,0.0026618081421439206,5
hashtags,hashtag:mindsetmasculino,19.0,,,0.0,0.0008356462349161245,2
hashtags,hashtag:mindsetmatters,25.0,,,6.0322116592908894e-05,0.006635941403156583,5
hashtags,hashtag:mindsetshift,9.0,,,0.0,0.0025630684276999184,5
hashtags,hashtag:mindsetwow,16.0,,,0.0,0.005680240609278582,9
hashtags,hashtag:ministeriodedesigualdad,23.0,,,0.0,0.006190230292524388,11
hashtags,hashtag:ministeriodeigualdad,50.0,,,0.0004950441887567242,0.020643652367774074,1
hashtags,hashtag:ministeriodejusticia,33.0,,,7.347619153765217e-05,0.01916507610422218,1
hashtags,hashtag:ministeriodelhombre,14.0,,,1.63746547994995e-05,0.00531252646504809,3
hashtags,hashtag:ministerioigualdad,29.0,,,6.133187663249356e-05,0.017938273356260068,1
hashtags,hashtag:ministeriopublico,16.0,,,4.751128862278766e-09,0.0006174723871294468,4
hashtags,hashtag:minneapolis,4.0,,,0.0,0.0023888512544513857,62
hashtags,hashtag:minneapolisinternationalairport,4.0,,,0.0,0.0023888512544513857,62
hashtags,hashtag:minor,4.0,,,0.0,0.0005233766455999488,0
hashtags,hashtag:minoxidilmexico,4.0,,,0.0,0.0004009585107794145,6
hashtags,hashtag:mira,6.0,,,0.0,0.00048320964049395194,0
hashtags,hashtag:misandria,62.0,,,0.0014538308471402624,0.035493898740044216,1
hashtags,hashtag:misandry,19.0,,,0.0,0.014936728452534517,1
hashtags,hashtag:misinformation,17.0,,,0.0,0.003383799656707563,7
hashtags,hashtag:misogenia,4.0,,,0.0,0.002401968123832487,3
hashtags,hashtag:misoginia,77.0,,,0.002536655502986847,0.025435113470745112,2
hashtags,hashtag:misoginiamata,3.0,,,0.0,0.0026277547642020523,2
hashtags,hashtag:mispekes,11.0,,,1.7104063904203561e-07,0.0017720251499446415,1
hashtags,hashtag:misterio,31.0,,,0.0003647777831189885,0.014201519362971895,0
hashtags,hashtag:mitos,27.0,,,0.0,0.022626891877341963,1
hashtags,hashtag:mochileiro,17.0,,,0.0,0.000670970732735285,2
hashtags,hashtag:moda,4.0,,,0.0,0.0012661674830273496,0
hashtags,hashtag:modadeluxo,4.0,,,0.0,0.0005536639283557363,6
hashtags,hashtag:modafemenina,7.0,,,1.4279164018883716e-06,0.0013508384588317274,0
hashtags,hashtag:modahombres,3.0,,,0.0,0.00039507143657026186,6
hashtags,hashtag:modainfantil,26.0,,,0.0,0.0016669569693717077,6
hashtags,hashtag:modamasculina,55.0,,,0.0016138957497624752,0.010768858641828857,0
hashtags,hashtag:modapremium,7.0,,,1.6035059910190837e-07,0.0005777133674225009,6
hashtags,hashtag:modapy,18.0,,,0.0,0.00022765996402525633,13
hashtags,hashtag:model,4.0,,,0.0,0.001175780482457537,61
hashtags,hashtag:modelosmasculinos,26.0,,,1.9585847814453584e-06,0.01691534159449208,1
hashtags,hashtag:modelyjuniper,4.0,,,0.0,0.001175780482457537,65
hashtags,hashtag:modeparfume,4.0,,,0.0,3.444285738063328e-05,8
hashtags,hashtag:modeparfumejapan,4.0,,,0.0,3.444285738063328e-05,8
hashtags,hashtag:moderman,27.0,,,0.0,0.035851220057984565,1
hashtags,hashtag:moderndating,10.0,,,0.0,0.005362974741197612,7
hashtags,hashtag:modernwomen,8.0,,,0.0,0.004443644910325132,1
hashtags,hashtag:modimemes,4.0,,,0.0,0.001175780482457537,68
hashtags,hashtag:modoguerra,90.0,,,0.001031185712067952,0.07305889851069156,1
hashtags,hashtag:modohombre360,33.0,,,0.0001247892219071305,0.005387812881647218,0
hashtags,hashtag:modolibre,15.0,,,0.0,0.0016346725603620137,0
hashtags,hashtag:molwax,18.0,,,1.3362549925159032e-08,0.0015714466323830585,22
hashtags,hashtag:molwaxindustries,18.0,,,1.3362549925159032e-08,0.0015714466323830585,22
hashtags,hashtag:momentosfelices,4.0,,,0.0,0.0012661674830273494,0
hashtags,hashtag:mondaymotivation,17.0,,,0.0,9.986825658988697e-05,8
hashtags,hashtag:mondayvibes,16.0,,,0.0,0.0015284624220459964,22
hashtags,hashtag:moneychangeseverything,6.0,,,0.0,0.003127859013771428,5
hashtags,hashtag:monitized,16.0,,,0.0,0.000810145396976888,8
hashtags,hashtag:montadinha_que_fala_n,20.0,,,0.0,0.0006263866220906295,16
hashtags,hashtag:montadinhadaquebrada,20.0,,,0.0,0.0006263866220906295,16
hashtags,hashtag:montadinhadequebrada,20.0,,,0.0,0.0006263866220906295,16
hashtags,hashtag:montadinhas_brasil,20.0,,,0.0,0.0006263866220906295,16
hashtags,hashtag:montadinhas_hrc,20.0,,,0.0,0.0006263866220906295,16
hashtags,hashtag:montadinhasdaquebrada,20.0,,,0.0,0.0006263866220906295,16
hashtags,hashtag:monteolimpo,4.0,,,0.0,0.00110244835934339,3
hashtags,hashtag:monterrey,8.0,,,0.0,0.003113732186021174,46
hashtags,hashtag:monterreynl,14.0,,,0.0,0.006131282242545242,1
hashtags,hashtag:mood,3.0,,,0.0,0.0006662051547236351,4
hashtags,hashtag:morezabogados,7.0,,,7.12669329341815e-08,0.0005732423986678514,4
hashtags,hashtag:mormonchurchisacult,6.0,,,0.0,0.0011417989853095224,3
hashtags,hashtag:morpheus,4.0,,,0.0,0.002377802392978628,7
hashtags,hashtag:morras,12.0,,,1.0239768995750248e-05,0.00486803512146353,0
hashtags,hashtag:motiva,46.0,,,0.00015389931028789681,0.0021697582051569044,2
hashtags,hashtag:motivacao,25.0,,,0.0,0.0007976069945091548,14
hashtags,hashtag:motivacaomasculina,16.0,,,0.0,0.0024766368396782644,2
hashtags,hashtag:motivaci,60.0,,,0.0004903839287633772,0.016941643333817365,0
hashtags,hashtag:motivacion,179.0,,,0.008396423091668492,0.10591628117842726,1
hashtags,hashtag:motivaciondeconfianza,15.0,,,0.0,0.00810295716721476,0
hashtags,hashtag:motivaciondeexito,15.0,,,0.0,0.009607057353812612,0
hashtags,hashtag:motivaciondiaria,179.0,,,0.002929277623306015,0.057888318008845197,0
hashtags,hashtag:motivacionhombre,9.0,,,0.0,0.0045738190625448675,0
hashtags,hashtag:motivacionhombres,36.0,,,0.00012083776349857043,0.010224401261166244,0
hashtags,hashtag:motivacionmasculina,81.0,,,0.0003187141449905952,0.035342269428312645,0
hashtags,hashtag:motivacionpersonal,8.0,,,0.0,0.004813093354032539,0
hashtags,hashtag:motivation,111.0,,,0.008472758378005986,0.0282412169191329,5
hashtags,hashtag:motivationalreels,29.0,,,0.0,0.006437785019358633,5
hashtags,hashtag:motivationquotes,3.0,,,0.0,0.0012377656541660174,5
hashtags,hashtag:motorcyclelife,9.0,,,0.0,0.001617500033262051,5
hashtags,hashtag:moustachemood,4.0,,,0.0,0.0012764914747362879,5
hashtags,hashtag:movember,67.0,,,0.00023239972053355515,0.06474021418181757,1
hashtags,hashtag:movember2021,65.0,,,0.00019168932988165,0.04751173414360954,1
hashtags,hashtag:movimento4b,8.0,,,0.0,0.0011662293549355755,2
hashtags,hashtag:movimiento4b,9.0,,,0.0,0.006270676990137518,2
hashtags,hashtag:movimientobajofuego,3.0,,,0.0,0.0006342102042143082,2
hashtags,hashtag:movimientosistemico,5.0,,,0.0,0.0014473468611178935,0
hashtags,hashtag:movimientosocial,25.0,,,0.0,0.003022461225922478,15
hashtags,hashtag:mozambiquefitness,4.0,,,0.0,0.0006290045061881772,6
hashtags,hashtag:mra,208.0,,,0.005031186616891036,0.12305181255204238,1
hashtags,hashtag:mrleatherswitzerland2020,6.0,,,9.502257724557533e-08,4.097347743933209e-30,40
hashtags,hashtag:mu,26.0,,,0.0,0.0016669569693717077,6
hashtags,hashtag:muertesmasculinas,21.0,,,0.0,0.025786262284153597,1
hashtags,hashtag:mujer,76.0,,,0.004435559189631514,0.03258157342875345,0
hashtags,hashtag:mujeralfa,11.0,,,1.1767812486834936e-06,0.004511650428364786,0
hashtags,hashtag:mujerambiciosa,5.0,,,4.7511288622787665e-08,0.0020350763698504496,0
hashtags,hashtag:mujerasesina,4.0,,,0.0,0.0006170301896877259,1
hashtags,hashtag:mujerautentica,19.0,,,0.0,0.005140422313732876,0
hashtags,hashtag:mujerbella,4.0,,,0.0,0.0016026959026648262,0
hashtags,hashtag:mujerconclase,4.0,,,0.0,0.0012876921618710279,0
hashtags,hashtag:mujerconsciente,27.0,,,0.0002088929008522076,0.0064944993363828165,0
hashtags,hashtag:mujerdealtovalor,329.0,,,0.0643242162690556,0.08497125347506423,0
hashtags,hashtag:mujerdedios,4.0,,,0.0,0.0012990502719438242,0
hashtags,hashtag:mujerdefe,4.0,,,0.0,0.0014971839467113335,0
hashtags,hashtag:mujerdeprop,4.0,,,0.0,0.0012661674830273496,0
hashtags,hashtag:mujerdevalor,4.0,,,0.0,0.002266462940747195,0
hashtags,hashtag:mujerempoderada,55.0,,,0.0011757674410029213,0.016979227701827523,0
hashtags,hashtag:mujeremprendedora,5.0,,,7.709421021148649e-07,0.001514532110811353,0
hashtags,hashtag:mujerempresaria,10.0,,,2.455276291211622e-05,0.0031016106931213965,0
hashtags,hashtag:mujeres,174.0,,,0.015935459207442205,0.059977566614505665,1
hashtags,hashtag:mujeresalderecho,4.0,,,0.0,0.0005794811680712403,4
hashtags,hashtag:mujeresatrevidas,2.0,,,0.0,0.000513346133960526,1
hashtags,hashtag:mujerescapaces,4.0,,,0.0,0.00110244835934339,3
hashtags,hashtag:mujeresconpoder,12.0,,,0.0,0.003976271382485984,1
hashtags,hashtag:mujeresemprendedoras,74.0,,,0.0007609844025421448,0.021793973335014986,0
hashtags,hashtag:mujeresenelpoder,26.0,,,0.0,0.014959570888893518,1
hashtags,hashtag:mujeresenpol,3.0,,,0.0,0.0012629750670075626,1
hashtags,hashtag:mujeresfuertes,32.0,,,2.8922351336198116e-05,0.0161482852129775,0
hashtags,hashtag:mujeresfuertesautodefensa,12.0,,,0.0,0.001949424387950765,3
hashtags,hashtag:mujeresfuertescostarica,12.0,,,0.0,0.001949424387950765,3
hashtags,hashtag:mujereslibres,4.0,,,0.0,0.0019909950107905253,3
hashtags,hashtag:mujeresmalas,8.0,,,0.0,0.003113732186021174,46
hashtags,hashtag:mujeresmalignas,1.0,,,0.0,0.0005060255786137496,1
hashtags,hashtag:mujerespoderosas,4.0,,,0.0,0.0021655650296061235,0
hashtags,hashtag:mujeresquecrecen,21.0,,,0.0,0.006382772622305939,0
hashtags,hashtag:mujeresqueemprenden,21.0,,,0.0,0.006382772622305939,0
hashtags,hashtag:mujeresqueinspiran,51.0,,,0.0002478471694805281,0.017996867369385428,0
hashtags,hashtag:mujeresquemienten,25.0,,,0.0,0.003022461225922478,15
hashtags,hashtag:mujeresquesanan,9.0,,,1.2648307097648551e-05,0.0035759193815943645,3
hashtags,hashtag:mujeresqueseeligen,5.0,,,1.1427978598472274e-06,0.0014257511422583352,0
hashtags,hashtag:mujeresred,28.0,,,0.0,0.0056091645620098786,9
hashtags,hashtag:mujeressalvajes,2.0,,,0.0,0.0005133461339605261,1
hashtags,hashtag:mujerestrabajadoras,4.0,,,0.0,0.00110244835934339,3
hashtags,hashtag:mujeresunidas,4.0,,,0.0,0.001981970791674479,0
hashtags,hashtag:mujeresvalientes,16.0,,,0.00026770388610226404,0.00778937060634828,0
hashtags,hashtag:mujeresyhombres,26.0,,,0.0,0.014959570888893518,1
hashtags,hashtag:mujerexitosa,18.0,,,0.0,0.00022765996402525633,13
hashtags,hashtag:mujerfuerte,7.0,,,0.0,0.0013517471994518332,3
hashtags,hashtag:mujeriego,3.0,,,0.0,0.0016534128918133239,3
hashtags,hashtag:mujerimparable,2.0,,,0.0,0.0012335905103740032,0
hashtags,hashtag:mujerirresistible,2.0,,,0.0,0.0003716418531012606,0
hashtags,hashtag:mujerl,4.0,,,0.0,0.0012931177348659878,0
hashtags,hashtag:mujerlatina,10.0,,,0.0022508948097931885,0.002595357790451772,42
hashtags,hashtag:mujerlatinausa,4.0,,,0.0,0.001267229750523494,49
hashtags,hashtag:mujerlibre,29.0,,,0.0,0.015406552770243047,0
hashtags,hashtag:mujerlibrelatam,21.0,,,0.0,0.006382772622305939,0
hashtags,hashtag:mujermagn,7.0,,,4.731327391707325e-06,0.0038100368831402993,0
hashtags,hashtag:mujermagnetica,12.0,,,2.6398757830884136e-05,0.0035066363060158347,0
hashtags,hashtag:mujermillonaria,5.0,,,1.7816733233545374e-08,0.0001824810700106032,51
hashtags,hashtag:mujermoderna,34.0,,,0.00016697528664570818,0.039909305539805186,1
hashtags,hashtag:mujernarcisista,29.0,,,0.0,0.03489291142231954,1
hashtags,hashtag:mujerpoderosa,26.0,,,4.846151439524342e-06,0.0002496204254633118,13
hashtags,hashtag:mujerqueseseeleva,5.0,,,0.0,0.0021208568972614647,0
hashtags,hashtag:mujerreal,4.0,,,0.0,0.0033062398032200034,0
hashtags,hashtag:mujerrise,4.0,,,0.0,0.0016936221737076658,0
hashtags,hashtag:mujersegura,8.0,,,2.237188643084506e-05,0.002043860509839946,0
hashtags,hashtag:mujersinmiedo,4.0,,,0.0,0.0018334941747465993,0
hashtags,hashtag:mujervaliente,4.0,,,0.0,0.0012661674830273496,0
hashtags,hashtag:mujervaliosa,4.0,,,0.0,0.002837641674280995,0
hashtags,hashtag:mujervirtuosa,4.0,,,0.0,0.0013747056615865513,0
hashtags,hashtag:mujervisionaria,4.0,,,0.0,0.001981970791674479,0
hashtags,hashtag:mujerwow,39.0,,,3.918630518864537e-05,0.009523481109263453,9
hashtags,hashtag:mujeryg,1.0,,,0.0,0.0010552818856434036,3
hashtags,hashtag:mulher,6.0,,,3.6961363982482976e-05,0.0032904652031820426,2
hashtags,hashtag:mulhercrist,4.0,,,0.0,0.0009526961614595448,3
hashtags,hashtag:mulherdecente,4.0,,,0.0,0.0007425743389739816,72
hashtags,hashtag:mulherdevalor,42.0,,,0.0008250826134774788,0.003942775727584351,2
hashtags,hashtag:mulheres,24.0,,,4.39099713306744e-05,0.006589995990870488,3
hashtags,hashtag:mulheresconservadoras,4.0,,,0.0,0.0008332052580908831,1
hashtags,hashtag:mulheresdedireita,4.0,,,0.0,0.0008332052580908831,1
hashtags,hashtag:mulheresefam,2.0,,,0.0,0.001185284448701721,1
hashtags,hashtag:mulheresfortes,24.0,,,0.0005027089008072097,0.006262144426427858,2
hashtags,hashtag:mulheresnegras,4.0,,,0.0,0.00110244835934339,3
hashtags,hashtag:mulheresqueencantam,19.0,,,0.0,0.001180046404754835,2
hashtags,hashtag:mulheresqueleem,21.0,,,0.0,0.004768598764886373,3
hashtags,hashtag:mulheresqueresistem,3.0,,,0.0,0.0034456998708672615,3
hashtags,hashtag:mulherhonrada,4.0,,,0.0,0.0007425743389739816,72
hashtags,hashtag:mulherirresist,9.0,,,0.0,0.0008297025791246145,32
hashtags,hashtag:mulherleal,2.0,,,0.0,0.0007210884883510526,1
hashtags,hashtag:mulhermagnetica,20.0,,,0.0,0.0028099638933050735,2
hashtags,hashtag:mulherpoderosa,19.0,,,0.0,0.001180046404754835,2
hashtags,hashtag:mulhersegura,20.0,,,0.0,0.0028099638933050735,2
hashtags,hashtag:mulhervirtuosa,12.0,,,0.00013942635048917967,0.005636659248425344,1
hashtags,hashtag:multiculturalismo,4.0,,,0.0,0.0008870134343251138,1
hashtags,hashtag:mundial,20.0,,,6.358262989437082e-05,0.006244494358534697,3
hashtags,hashtag:mundial2026,12.0,,,0.0,0.002370476573597174,3
hashtags,hashtag:mundialista,9.0,,,0.0,0.0019338465725406628,3
hashtags,hashtag:mundointerior,19.0,,,0.0,0.005140422313732876,0
hashtags,hashtag:mundorural,8.0,,,0.0,0.004672105553110154,3
hashtags,hashtag:murakamistyle,12.0,,,0.0,0.00076277592856839,21
hashtags,hashtag:musclebear,23.0,,,0.0,0.0011742899453032903,6
hashtags,hashtag:muscleworship,4.0,,,0.0,0.002432696803884356,5
hashtags,hashtag:musicproducer,18.0,,,1.3362549925159032e-08,0.0015714466323830585,22
hashtags,hashtag:mustache,4.0,,,0.0,0.001175780482457537,61
hashtags,hashtag:musulmanas,4.0,,,0.0,0.0014596577911771286,3
hashtags,hashtag:mycoachandrea,28.0,,,0.0,0.0056091645620098786,9
hashtags,hashtag:mylifeavideogame,1.0,,,0.0,1.6068557010621184e-40,74
hashtags,hashtag:métodopantera,12.0,,,0.0,0.003976271382485984,1
hashtags,hashtag:n,3.0,,,0.0,0.0034456998708672615,3
hashtags,hashtag:nacholevy,3.0,,,0.0,0.001714080267227694,3
hashtags,hashtag:nacionales,19.0,,,0.0,0.0006034092771935408,4
hashtags,hashtag:nacisteparavolar,18.0,,,0.0,0.003061856247394327,24
hashtags,hashtag:nadiemenos,7.0,,,0.0,0.005994664474095844,1
hashtags,hashtag:nakahi,19.0,,,0.0,0.0012963095226286245,6
hashtags,hashtag:nakahimen,19.0,,,0.0,0.0012963095226286245,6
hashtags,hashtag:nakedyoga,9.0,,,0.0,0.0016141306219334657,37
hashtags,hashtag:names,4.0,,,0.0,0.0011024483593433901,3
hashtags,hashtag:namoro,25.0,,,3.415912987037864e-05,0.004193188251373978,2
hashtags,hashtag:naofoisocomvoce,3.0,,,0.0,0.0016871668490960744,3
hashtags,hashtag:naoviolenciacontrahomem,4.0,,,0.0,0.0024888163345521807,2
hashtags,hashtag:narcisismo,36.0,,,1.3806276033440428e-06,0.04583509172104177,1
hashtags,hashtag:narcisistas,29.0,,,0.0,0.03489291142231954,1
hashtags,hashtag:narrativamoderna,12.0,,,0.0,0.00076277592856839,21
hashtags,hashtag:nascimento,4.0,,,0.0,0.00110244835934339,3
hashtags,hashtag:natural,6.0,,,0.0,0.0007539810662175623,2
hashtags,hashtag:naturalezaconsciente,9.0,,,2.901552265989011e-06,0.0009638829499943268,0
hashtags,hashtag:nature,4.0,,,0.0,3.4369850946267235e-05,8
hashtags,hashtag:natursweetfarma,6.0,,,0.0,0.0007539810662175623,2
hashtags,hashtag:nautilus,8.0,,,1.0180990419168785e-08,0.0005184438268045307,6
hashtags,hashtag:nava,6.0,,,1.4922115773802118e-05,0.00011000820817891761,8
hashtags,hashtag:navarra,5.0,,,0.0,0.0010525474479488185,52
hashtags,hashtag:navidadsinpapa,24.0,,,0.0,0.010149805316501262,1
hashtags,hashtag:negocio,16.0,,,0.0,0.005973991470208949,0
hashtags,hashtag:negociodegenero,3.0,,,3.563346646709075e-08,0.0009991182201901988,1
hashtags,hashtag:negocios,41.0,,,0.0014450197228027966,0.01674328368559757,0
hashtags,hashtag:negociosconproposito,21.0,,,0.0,0.006382772622305939,0
hashtags,hashtag:negociosonline,29.0,,,0.0,0.015406552770243047,0
hashtags,hashtag:negociossinviolencia,19.0,,,0.0,0.00627462581546569,9
hashtags,hashtag:negotiation,48.0,,,9.875669394488759e-06,0.015882152452471814,5
hashtags,hashtag:neilstrauss,9.0,,,0.0,0.004119485930268396,0
hashtags,hashtag:neon,18.0,,,1.3362549925159032e-08,0.0015714466323830585,22
hashtags,hashtag:nepobaby,29.0,,,0.0,0.005411935865336083,10
hashtags,hashtag:netflixyou,14.0,,,0.0,0.018041952522247474,1
hashtags,hashtag:neuralquer,9.0,,,0.0,0.001247017137286834,2
hashtags,hashtag:neurociencia,9.0,,,0.0,0.001247017137286834,2
hashtags,hashtag:neurodiversidad,11.0,,,0.0,0.0018868279476051868,2
hashtags,hashtag:neuropsicolog,5.0,,,0.0,0.0009165074473078884,0
hashtags,hashtag:neverfake,16.0,,,0.0,0.000810145396976888,8
hashtags,hashtag:newbook,9.0,,,0.0,0.0025630684276999184,5
hashtags,hashtag:newburgian,3.0,,,0.0,0.0022929367221573185,1
hashtags,hashtag:newera,4.0,,,0.0,0.0013059414599704464,0
hashtags,hashtag:newmusucsoon,3.0,,,0.0,0.0022929367221573185,1
hashtags,hashtag:news,28.0,,,0.0006208123358149765,0.0048019078561892786,7
hashtags,hashtag:newsupdate,11.0,,,0.0,0.001485626643091797,3
hashtags,hashtag:newyork,17.0,,,0.0,0.003383799656707563,7
hashtags,hashtag:nexocivico,4.0,,,0.0,0.001026388300430372,4
hashtags,hashtag:ni,48.0,,,0.0015185741391187046,0.025826998469714302,1
hashtags,hashtag:niccolomachiavelli,47.0,,,3.056972261488771e-05,0.01515177478738318,5
hashtags,hashtag:niceguysfinishlast,3.0,,,0.0,0.0023943923606928423,3
hashtags,hashtag:nietzsche,29.0,,,0.0,0.008368770534187489,5
hashtags,hashtag:nigeriajapon,16.0,,,0.0,0.00045050941568459984,4
hashtags,hashtag:nightchanges,4.0,,,0.0,0.001226533183579329,2
hashtags,hashtag:nightout,3.0,,,0.0,0.0012475768476206846,0
hashtags,hashtag:nightvibes,4.0,,,0.0,0.0014181265433252659,5
hashtags,hashtag:nihongoflash,7.0,,,0.0,0.0012307947418456222,45
hashtags,hashtag:nihongojouzu,7.0,,,0.0,0.0012307947418456222,45
hashtags,hashtag:nilda,13.0,,,0.0,0.00490461607066073,0
hashtags,hashtag:nildachiaraviglio,13.0,,,0.0,0.00490461607066073,0
hashtags,hashtag:niunamas,29.0,,,0.0,0.019259517887252185,1
hashtags,hashtag:niunamenos,49.0,,,0.0004857373537539697,0.026428003538816965,1
hashtags,hashtag:niunamigajamas,4.0,,,0.0,0.003570452144447267,0
hashtags,hashtag:niunavictimamas,4.0,,,0.0,0.0031372531753027454,70
hashtags,hashtag:niunomas,66.0,,,0.0006519139497649655,0.021774583499325602,1
hashtags,hashtag:niunomenos,29.0,,,1.4253386586836302e-07,0.006712454774005588,11
hashtags,hashtag:nivial,3.0,,,0.0,0.001679641253126247,0
hashtags,hashtag:noaceptesmenos,4.0,,,0.0,0.0019157566231963576,0
hashtags,hashtag:noalaagendadeg,12.0,,,0.0,0.007787076706956315,1
hashtags,hashtag:noaladesigualdad,29.0,,,1.4253386586836302e-07,0.006712454774005588,11
hashtags,hashtag:noaladiscriminaci,12.0,,,0.0,0.007787076706956315,1
hashtags,hashtag:noalainjusticia,5.0,,,0.0,0.0010525474479488185,52
hashtags,hashtag:noalalivg,39.0,,,0.00014161580820424853,0.020096325531010418,1
hashtags,hashtag:noalamentirafeminista,12.0,,,0.0,0.007787076706956315,1
hashtags,hashtag:noallinchamiento,4.0,,,0.0,0.00036654908117766916,4
hashtags,hashtag:noalmaltrato,33.0,,,1.2580264556443763e-05,0.00604517539984703,1
hashtags,hashtag:noalmaltratodeloshombres,4.0,,,0.0,0.0031372531753027454,70
hashtags,hashtag:noalmaltratoinfantil,4.0,,,0.0,0.0005683346184830251,1
hashtags,hashtag:noalsesgodeg,1.0,,,0.0,0.00040715647226926107,1
hashtags,hashtag:noalsuicidio,30.0,,,4.1835065939899513e-07,0.01766641154877803,1
hashtags,hashtag:nobodycaresworkharder,4.0,,,0.0,0.0013918794398163961,5
hashtags,hashtag:nocalles,33.0,,,1.2580264556443763e-05,0.00604517539984703,1
hashtags,hashtag:nocomparison,4.0,,,0.0,3.4384050916656445e-05,8
hashtags,hashtag:nodenunciasfalsas,11.0,,,0.0,0.004945947575688315,1
hashtags,hashtag:noesepidemiaesconsecuencia,14.0,,,0.0,0.0019052939707934083,27
hashtags,hashtag:noeslibertad,10.0,,,0.0,0.008170116447986332,1
hashtags,hashtag:noesnuestraculpa,3.0,,,0.0,0.0013811092393328833,1
hashtags,hashtag:noest,4.0,,,0.0,0.003941185052853005,1
hashtags,hashtag:noestassolo,37.0,,,0.0007274664310572733,0.01249422699730485,0
hashtags,hashtag:noesuntratoasksonnet,9.0,,,0.0,0.00034625735960219474,3
hashtags,hashtag:noexperienciaenamor,19.0,,,0.0,0.004319598470167964,2
hashtags,hashtag:nofakes,186.0,,,0.049256591882689056,0.0023067023141699603,8
hashtags,hashtag:nofakesact,3.0,,,0.0,3.386525887699783e-05,8
hashtags,hashtag:nofakesallowed,16.0,,,0.0,0.000810145396976888,8
hashtags,hashtag:nofakezone,4.0,,,0.0,0.00010898005614465828,8
hashtags,hashtag:nofalsasdenuncias,8.0,,,0.0,0.005099585608006196,1
hashtags,hashtag:nofap,31.0,,,8.09685353633044e-08,0.04278979261228676,1
hashtags,hashtag:nofearingear,4.0,,,0.0,3.073010807949907e-30,40
hashtags,hashtag:nofuepenal,8.0,,,0.0,0.003113732186021174,46
hashtags,hashtag:noideologiadegenero,8.0,,,0.0,0.003643231610661367,1
hashtags,hashtag:nolies,4.0,,,0.0,3.4369850946267235e-05,8
hashtags,hashtag:nolimites,4.0,,,0.0,0.0008897422183585543,0
hashtags,hashtag:nolt,4.0,,,0.0,0.0004009585107794145,6
hashtags,hashtag:nom,107.0,,,0.0047182342259992505,0.03000206745163166,1
hashtags,hashtag:nomanipulation,4.0,,,0.0,3.4369850946267235e-05,8
hashtags,hashtag:nomasabusos,29.0,,,0.0,0.008643739604943008,1
hashtags,hashtag:nomasdenunciasfalsas,96.0,,,0.001892506799483872,0.01926250050283075,1
hashtags,hashtag:nomasdenunciassinrazon,10.0,,,0.0,0.002871233837018702,1
hashtags,hashtag:nomasfalsasdenuncias,19.0,,,2.723572604247294e-05,0.005682345783483407,1
hashtags,hashtag:nomashijosderehenes,12.0,,,0.0,0.005351801456832249,1
hashtags,hashtag:nomashijosrehenes,47.0,,,0.0002613057857191319,0.010607974590275107,1
hashtags,hashtag:nomasmanipulaci,23.0,,,0.0,0.002866868624303509,1
hashtags,hashtag:nomasmentiras,23.0,,,0.0,0.002866868624303509,1
hashtags,hashtag:nomaspresosinocentes,4.0,,,0.0,0.0005220621069712348,1
hashtags,hashtag:nomassap,29.0,,,0.0,0.008643739604943008,1
hashtags,hashtag:nomasviolencia,33.0,,,1.2580264556443763e-05,0.00604517539984703,1
hashtags,hashtag:nomes,4.0,,,0.0,0.0011024483593433901,3
hashtags,hashtag:nomi,5.0,,,1.7816733233545374e-08,0.0024646444448096134,5
hashtags,hashtag:nomásvalidación,19.0,,,0.0,0.002274614306889274,0
hashtags,hashtag:noneed,4.0,,,0.0,0.0025771073434640197,7
hashtags,hashtag:nonflict,33.0,,,2.1412473224302603e-05,0.007913500330383025,9
hashtags,hashtag:nonflictbusiness,33.0,,,2.1412473224302603e-05,0.007913500330383025,9
hashtags,hashtag:nonoisejustsignals,16.0,,,0.0,0.0005852067064686101,4
hashtags,hashtag:noocultes,33.0,,,1.2580264556443763e-05,0.00604517539984703,1
hashtags,hashtag:nopainnogain,4.0,,,0.0,0.002827257228291951,5
hashtags,hashtag:noqueremosempat,14.0,,,0.0,0.0019052939707934083,27
hashtags,hashtag:nosestanmatando,29.0,,,0.0,0.019259517887252185,1
hashtags,hashtag:nosimping,26.0,,,0.0,0.007591111378626351,6
hashtags,hashtag:nosinmihija,25.0,,,2.35542684323894e-05,0.01695190454048382,1
hashtags,hashtag:nosinmihijo,83.0,,,0.0007944560299859576,0.027461539924129964,1
hashtags,hashtag:nosinmishijos,31.0,,,2.8302987720693593e-05,0.015016628558137443,1
hashtags,hashtag:nosomosiguales,6.0,,,0.0,0.004819259176503893,1
hashtags,hashtag:nosonmihijo,14.0,,,0.0,0.004726680046856806,1
hashtags,hashtag:nosonpiroposesacoso,8.0,,,0.0,0.003783027597036679,3
hashtags,hashtag:nosotras,4.0,,,0.0,0.002021403962607961,3
hashtags,hashtag:nosoyuncajero,31.0,,,1.3831069659916114e-05,0.01662439932344711,1
hashtags,hashtag:nossasenhora,4.0,,,0.0,0.0013922956433981535,2
hashtags,hashtag:notallmen,27.0,,,0.0,0.022626891877341963,1
hashtags,hashtag:notedetengas,18.0,,,0.0,0.003061856247394327,24
hashtags,hashtag:notengoqueelegir,19.0,,,0.0,0.005140422313732876,0
hashtags,hashtag:noticiajapon,16.0,,,0.0,0.00045050941568459984,4
hashtags,hashtag:noticiajudicial,19.0,,,0.0,0.001693421732041801,4
hashtags,hashtag:noticiamaculinista,15.0,,,0.0,0.020027368411706818,1
hashtags,hashtag:noticiamasculinista,34.0,,,1.6348224923064986e-05,0.03636846119876053,1
hashtags,hashtag:noticias,29.0,,,0.00153826523675585,0.004832122501466088,3
hashtags,hashtag:noticiascolombia,4.0,,,0.0,0.0010263883004303722,4
hashtags,hashtag:noticiasquilmes,15.0,,,0.0,0.00036138611157992374,3
hashtags,hashtag:noticiasrd,19.0,,,0.0,0.0006034092771935408,4
hashtags,hashtag:notijapon,16.0,,,0.0,0.00045050941568459984,4
hashtags,hashtag:notodossomosiguales,29.0,,,1.4253386586836302e-07,0.006712454774005588,11
hashtags,hashtag:novaautora,5.0,,,0.0,0.0005686478559902894,2
hashtags,hashtag:novanasepararnos,4.0,,,0.0,0.0012924280494963775,1
hashtags,hashtag:noviembre,28.0,,,7.428722942790392e-05,0.013889875807578783,1
hashtags,hashtag:noviembreazul,29.0,,,0.0,0.019259517887252185,1
hashtags,hashtag:novios,11.0,,,0.0,0.004368434176413973,44
hashtags,hashtag:novolawyers,4.0,,,0.0,0.0005492714409651924,4
hashtags,hashtag:nowhere,3.0,,,0.0,0.0022929367221573185,1
hashtags,hashtag:nsv,17.0,,,0.0,0.0014845228483459918,6
hashtags,hashtag:nudismocdmx,9.0,,,0.0,0.0016141306219334657,37
hashtags,hashtag:nuestracasa,11.0,,,1.6351307384060367e-05,0.004046173661058728,33
hashtags,hashtag:nuestravozesmasfuerte,5.0,,,1.0690039940127225e-07,0.001034843089767515,1
hashtags,hashtag:nuevacaballerosidad,19.0,,,0.0,0.005446289746599712,0
hashtags,hashtag:nuevaeninstagram,6.0,,,0.0,0.0007481661143702082,0
hashtags,hashtag:nuevamasculinidad,33.0,,,0.00090687102604472,0.019412811797868416,1
hashtags,hashtag:nuevasmasculinidades,74.0,,,0.0011714684506178709,0.05843751867626424,1
hashtags,hashtag:nuevasresponsabilidades,28.0,,,0.0,0.00610954442222753,2
hashtags,hashtag:nuevocomienzo,29.0,,,0.0,0.014871641971113308,0
hashtags,hashtag:nuevodia,28.0,,,0.0,0.0056091645620098786,9
hashtags,hashtag:nuevole,14.0,,,0.0,0.006131282242545242,1
hashtags,hashtag:nuevoleon,3.0,,,0.0,0.0005467895012001644,4
hashtags,hashtag:nuevosautores,4.0,,,0.0,0.000843000204388583,1
hashtags,hashtag:nuevosrumbos,28.0,,,0.0,0.0056091645620098786,9
hashtags,hashtag:numerologia,2.0,,,0.0,0.0008176298631923195,0
hashtags,hashtag:nuncarendirse,11.0,,,0.0,0.0075242447061055285,0
hashtags,hashtag:nutricioninteligente,6.0,,,0.0,0.0019052863193569415,0
hashtags,hashtag:nwo,12.0,,,0.0,0.004090898829666082,1
hashtags,hashtag:oaxaca,17.0,,,1.1940206949937546e-05,0.0030105220266243254,3
hashtags,hashtag:objetivocumprido,17.0,,,0.0,0.000670970732735285,2
hashtags,hashtag:observatoriopdvsacripto,11.0,,,1.5837096207595886e-08,0.0022071624706683076,4
hashtags,hashtag:obsesion,27.0,,,0.0,0.013809575269158004,0
hashtags,hashtag:obstrucci,17.0,,,0.0,0.00388987488259815,1
hashtags,hashtag:oceanfront,3.0,,,0.0,0.0012488717919796552,8
hashtags,hashtag:ocodigododominio,17.0,,,0.0,0.0014349044918028685,2
hashtags,hashtag:ocomunismonao,8.0,,,3.823216118192907e-05,0.0032850812037924673,2
hashtags,hashtag:odiohaciaelhombre,24.0,,,0.0,0.010149805316501262,1
hashtags,hashtag:ods,47.0,,,6.384649304103015e-05,0.010508027816811602,9
hashtags,hashtag:odsagenda2030,47.0,,,6.384649304103015e-05,0.010508027816811602,9
hashtags,hashtag:ofeminismo,4.0,,,0.0,0.0013538322249245732,3
hashtags,hashtag:ofertaespecial,27.0,,,0.0,0.001773875977352313,6
hashtags,hashtag:ohwell,16.0,,,0.0,0.000810145396976888,8
hashtags,hashtag:oldguardleatherman,6.0,,,9.502257724557533e-08,4.097347743933209e-30,40
hashtags,hashtag:oldmoneyaesthetic,4.0,,,0.0,0.0011796834487263024,5
hashtags,hashtag:oldmoneystyle,4.0,,,0.0,0.0012661674830273494,0
hashtags,hashtag:oldschool,4.0,,,0.0,3.4369850946267235e-05,8
hashtags,hashtag:olfatoganador,14.0,,,0.0,0.0006489787209430508,12
hashtags,hashtag:olfatovisionario,15.0,,,0.0,0.0005768915918664897,12
hashtags,hashtag:omega,4.0,,,0.0,0.0013518063511958195,0
hashtags,hashtag:oms,19.0,,,3.394506472476915e-05,0.004841415443138834,2
hashtags,hashtag:one32,23.0,,,0.0,0.006190230292524388,11
hashtags,hashtag:ong,24.0,,,0.0,0.02608500032432292,1
hashtags,hashtag:onlinedating,19.0,,,0.0,0.003490090842055938,5
hashtags,hashtag:onlygay,6.0,,,9.502257724557533e-08,4.097347743933209e-30,40
hashtags,hashtag:onlyguys,28.0,,,6.778669294684197e-07,0.0012496235786019184,6
hashtags,hashtag:onlymen,28.0,,,6.778669294684197e-07,0.0012496235786019184,6
hashtags,hashtag:onlyonelion,4.0,,,0.0,0.0014478737478002472,5
hashtags,hashtag:onlyoriginal,4.0,,,0.0,7.796579364751937e-05,8
hashtags,hashtag:onlythebest,4.0,,,0.0,3.4369850946267235e-05,8
hashtags,hashtag:onu,24.0,,,0.0,0.02608500032432292,1
hashtags,hashtag:onvres,9.0,,,0.0,0.006270676990137518,2
hashtags,hashtag:oops,14.0,,,0.0,0.0015190214234973365,3
hashtags,hashtag:opini,21.0,,,2.8506332715485006e-05,0.0024838680925962893,4
hashtags,hashtag:opiniones,3.0,,,0.0,0.0009993244121664865,1
hashtags,hashtag:opopolicia,21.0,,,0.0,0.0007781466895648228,17
hashtags,hashtag:oposiciones,21.0,,,0.0,0.0007781466895648228,17
hashtags,hashtag:oposiciones2026,21.0,,,0.0,0.0007781466895648228,17
hashtags,hashtag:oposicionescnp,21.0,,,0.0,0.0007781466895648228,17
hashtags,hashtag:oposicionpolicia,21.0,,,0.0,0.0007781466895648228,17
hashtags,hashtag:opositor,21.0,,,0.0,0.0007781466895648228,17
hashtags,hashtag:opositores,21.0,,,0.0,0.0007781466895648228,17
hashtags,hashtag:opositoresalfeminismo,26.0,,,0.0,0.014959570888893518,1
hashtags,hashtag:opositorpolicia,21.0,,,0.0,0.0007781466895648228,17
hashtags,hashtag:opuestos,4.0,,,0.0,0.0008783343014819566,0
hashtags,hashtag:opuestoscomplementarios,4.0,,,0.0,0.0008783343014819566,0
hashtags,hashtag:oran,40.0,,,2.2895862982796823e-05,0.004225062743704445,1
hashtags,hashtag:oratoriodebolso,3.0,,,0.0,0.001086264614498205,3
hashtags,hashtag:ordemdivina,18.0,,,0.0,0.002054793708970469,3
hashtags,hashtag:ordoliberales,15.0,,,0.0,0.00036138611157992374,3
hashtags,hashtag:orfeunegro,9.0,,,0.0,0.00468781180688532,2
hashtags,hashtag:orgulho,5.0,,,0.0,0.0005686478559902894,2
hashtags,hashtag:orgulloautista,11.0,,,0.0,0.0018868279476051868,2
hashtags,hashtag:orwell,29.0,,,0.0,0.004103743162719225,7
hashtags,hashtag:orwell1984,29.0,,,0.0,0.004103743162719225,7
hashtags,hashtag:osabugosadesconfia,4.0,,,0.0,0.003808302922412579,2
hashtags,hashtag:oscuridadinterior,21.0,,,1.948900188351991e-06,0.0014495292963733926,19
hashtags,hashtag:oscuropodermental,21.0,,,1.948900188351991e-06,0.0014495292963733926,19
hashtags,hashtag:osint,16.0,,,0.0,0.0005852067064686101,4
hashtags,hashtag:osocdmx,22.0,,,0.0,0.001825321740391951,20
hashtags,hashtag:outfitinspiration,4.0,,,0.0,0.0012674107366863622,0
hashtags,hashtag:ovejanegra,19.0,,,0.0,0.011231217699393366,0
hashtags,hashtag:ovni,4.0,,,0.0,3.1318321645449824e-32,54
hashtags,hashtag:pa,29.0,,,0.0,0.019259517887252185,1
hashtags,hashtag:pacienciayconstancia,15.0,,,0.0,0.009872033097714101,0
hashtags,hashtag:pacorabannepy,18.0,,,0.0,0.00022765996402525633,13
hashtags,hashtag:padel,17.0,,,0.0,9.986825658988697e-05,8
hashtags,hashtag:padelcommunity,17.0,,,0.0,9.986825658988697e-05,8
hashtags,hashtag:padelcourt,17.0,,,0.0,9.986825658988697e-05,8
hashtags,hashtag:padellife,17.0,,,0.0,9.986825658988697e-05,8
hashtags,hashtag:padelplayer,17.0,,,0.0,9.986825658988697e-05,8
hashtags,hashtag:padre,11.0,,,0.0004341789557462552,0.0030004657879397958,1
hashtags,hashtag:padreausente,3.0,,,0.0,0.001183274202226578,3
hashtags,hashtag:padredefamilia,13.0,,,0.0,0.016676580246042995,1
hashtags,hashtag:padreejemplar,29.0,,,0.0,0.009003900771292924,0
hashtags,hashtag:padreescoc,5.0,,,1.7816733233545374e-08,0.000874027308994213,1
hashtags,hashtag:padremodern,29.0,,,0.0,0.009003900771292924,0
hashtags,hashtag:padres,94.0,,,0.0050673906011447405,0.04276167251370791,1
hashtags,hashtag:padresconcetechos,10.0,,,0.0,0.004292438486276847,31
hashtags,hashtag:padresconderechochile,25.0,,,0.0,0.003022461225922478,15
hashtags,hashtag:padresdefamilia,25.0,,,1.0622470309747252e-05,0.026916935014633284,1
hashtags,hashtag:padresehijos,28.0,,,0.0,0.00610954442222753,2
hashtags,hashtag:padresmexicano,15.0,,,0.0,0.020027368411706818,1
hashtags,hashtag:padresmexicanos,4.0,,,0.0,0.0004134882967078665,6
hashtags,hashtag:padresol,4.0,,,0.0,0.001470382279020056,0
hashtags,hashtag:padrespresentes,18.0,,,0.0,0.0015978474948075778,0
hashtags,hashtag:padresseparados,14.0,,,0.0,0.005251204139780656,1
hashtags,hashtag:padresunidos,12.0,,,0.0001543719163283251,0.003372712280544236,1
hashtags,hashtag:padretotal,28.0,,,0.0,0.00610954442222753,2
hashtags,hashtag:pagafantas,27.0,,,0.0,0.035851220057984565,1
hashtags,hashtag:pagocontraentrega,9.0,,,0.0,0.0001943153505925278,30
hashtags,hashtag:pai,7.0,,,2.769017141559006e-05,0.004232629806443162,2
hashtags,hashtag:paidemenino,4.0,,,0.0,0.0006220963118201946,0
hashtags,hashtag:paisagensepensamentos,17.0,,,0.0,0.000670970732735285,2
hashtags,hashtag:paisefilhos,4.0,,,0.0,0.0006220963118201946,0
hashtags,hashtag:paix,4.0,,,0.0,0.0006927925656028582,2
hashtags,hashtag:palabrasdevida,3.0,,,0.0,0.0007337973084704729,0
hashtags,hashtag:palestrabenjamin,4.0,,,0.0,0.002349638812427428,3
hashtags,hashtag:pamelacastillosilva,19.0,,,0.0,0.005140422313732876,0
hashtags,hashtag:pamplona,5.0,,,0.0,0.0010525474479488185,52
hashtags,hashtag:panamaemprende,4.0,,,0.0,0.0015676338420763944,0
hashtags,hashtag:pandemiadegenero,2.0,,,0.0,0.0009855803089945214,1
hashtags,hashtag:panderbears,11.0,,,0.0,0.005411555715791948,7
hashtags,hashtag:pap,63.0,,,0.0036015660820018273,0.016323438593981224,1
hashtags,hashtag:papa,13.0,,,4.461191451424306e-05,0.005788495950393602,1
hashtags,hashtag:papaexiste,5.0,,,0.0,0.001261279123588193,1
hashtags,hashtag:papafuerte,3.0,,,0.0,0.0009999525914569812,47
hashtags,hashtag:papainoel,4.0,,,0.0,0.002349638812427428,3
hashtags,hashtag:papayositecreo,4.0,,,0.0,0.0010209860787402,1
hashtags,hashtag:paquera,14.0,,,0.0,0.0015853214606499715,2
hashtags,hashtag:parahombres,17.0,,,4.626388014083375e-05,0.010099249918689027,0
hashtags,hashtag:parati,72.0,,,0.004097963076577557,0.02336150941913083,0
hashtags,hashtag:pareja,52.0,,,0.0011239997822673623,0.02171070453298481,0
hashtags,hashtag:parejas,57.0,,,0.0017492525785042575,0.025104078346138176,0
hashtags,hashtag:parejasaludable,17.0,,,0.00014796247533172704,0.008975202193058425,0
hashtags,hashtag:parejasfelices,9.0,,,0.0,0.000609064941148411,6
hashtags,hashtag:parejasgoals,4.0,,,0.0,0.001003520501610094,0
hashtags,hashtag:parejatoxica,4.0,,,0.0,0.0018902726648536011,2
hashtags,hashtag:parendematarnos,6.0,,,5.729222962856781e-07,0.002067698044707061,3
hashtags,hashtag:parentalalenationischildabuse,4.0,,,0.0,0.0009632141210258313,1
hashtags,hashtag:parentalalienation,8.0,,,0.0,0.00170603193640162,1
hashtags,hashtag:parentalalienationawareness,13.0,,,5.3551642191968664e-06,0.0019572105542549506,1
hashtags,hashtag:parentalalienationischildabuse,6.0,,,2.6131208742533216e-08,0.0009922391391740193,1
hashtags,hashtag:parentalallienationawareness,9.0,,,1.5865527989417224e-06,0.001720315154357285,1
hashtags,hashtag:parentodo,4.0,,,0.0,0.0011927648585409137,0
hashtags,hashtag:parents,4.0,,,0.0,0.0024570293425675025,7
hashtags,hashtag:paridaddegenero,20.0,,,1.4585868947587825e-06,0.007242199134042275,1
hashtags,hashtag:parippportunit,26.0,,,0.0,0.007591111378626351,6
hashtags,hashtag:pasi,4.0,,,0.0,0.0004047161445792244,6
hashtags,hashtag:pasionenpareja,7.0,,,0.0,0.0006514968053509931,43
hashtags,hashtag:pasionporlapasteleria,20.0,,,0.0,0.006038895101432302,3
hashtags,hashtag:pasoshaciaelexito,15.0,,,0.0,0.009607057353812612,0
hashtags,hashtag:passionp,18.0,,,1.4524830263913287e-05,0.0035707732047226375,5
hashtags,hashtag:pasteleriaadomicilio,20.0,,,0.0,0.006038895101432302,3
hashtags,hashtag:pasteleritos,20.0,,,0.0,0.006038895101432302,3
hashtags,hashtag:patagoniaargentina,4.0,,,0.0,0.00324933164012764,1
hashtags,hashtag:pataniscasdebacalhau,4.0,,,0.0,0.0023993617242925582,2
hashtags,hashtag:paternidad,112.0,,,0.004352389974785888,0.05317248436410852,1
hashtags,hashtag:paternidadactiva,40.0,,,0.0002949630063720373,0.01349692826950807,1
hashtags,hashtag:paternidadconsciente,34.0,,,0.00026201156484930734,0.0069680116849491595,2
hashtags,hashtag:paternidadconsiente,29.0,,,0.0,0.019259517887252185,1
hashtags,hashtag:paternidaddeseada,15.0,,,0.0,0.017975972662301887,1
hashtags,hashtag:paternidade,13.0,,,0.0,0.004370145978356094,2
hashtags,hashtag:paternidadenm,15.0,,,0.0,0.020027368411706818,1
hashtags,hashtag:paternidades,4.0,,,0.0,0.0015746753411998388,3
hashtags,hashtag:paternidadforzada,15.0,,,0.0,0.017975972662301887,1
hashtags,hashtag:paternidadparamedellin,1.0,,,0.0,0.000581163147460818,0
hashtags,hashtag:paternidadreal,28.0,,,0.0,0.00610954442222753,2
hashtags,hashtag:paternidadresponsable,29.0,,,0.0,0.009003900771292924,0
hashtags,hashtag:paternidadtotal,28.0,,,0.0,0.00610954442222753,2
hashtags,hashtag:patr,5.0,,,0.0,0.0005686478559902894,2
hashtags,hashtag:patriarca,3.0,,,0.0,0.001086264614498205,3
hashtags,hashtag:patriarcado,493.0,,,0.08382500476678383,0.07399575617372858,3
hashtags,hashtag:patriarcadoencrisis,14.0,,,0.0,0.0019052939707934083,27
hashtags,hashtag:patriarchat,18.0,,,0.0,0.002054793708970469,3
hashtags,hashtag:patriarchy,28.0,,,0.0007093599368298218,0.005647994623961393,3
hashtags,hashtag:patricialove,6.0,,,7.675235074625969e-07,0.0007534585277758651,1
hashtags,hashtag:patriciamorillo,27.0,,,0.0,0.006196224240590878,1
hashtags,hashtag:patriciamorilloabogada,27.0,,,0.0,0.006196224240590878,1
hashtags,hashtag:patriotas,15.0,,,0.0,0.00036138611157992374,3
hashtags,hashtag:paz,19.0,,,0.0,0.00627462581546569,9
hashtags,hashtag:pazinterior,4.0,,,0.0,0.0020478268810322792,0
hashtags,hashtag:pazmental,7.0,,,2.6783092823785524e-05,0.0028254418638381878,0
hashtags,hashtag:pazsobretodo,4.0,,,0.0,0.0013160744589242386,0
hashtags,hashtag:pba,19.0,,,0.0,0.0031219301240658737,1
hashtags,hashtag:pdvsacripto,10.0,,,0.0,0.002166156540950257,4
hashtags,hashtag:peakyblinders,4.0,,,0.0,0.001175780482457537,66
hashtags,hashtag:pelasestradas,17.0,,,0.0,0.000670970732735285,2
hashtags,hashtag:pelos,2.0,,,0.0,0.0003893547383015619,6
hashtags,hashtag:penal,28.0,,,9.235065308582084e-05,0.003590496657744201,15
hashtags,hashtag:penalistas,4.0,,,0.0,0.0010530479776785203,4
hashtags,hashtag:penelopeppmn,4.0,,,0.0,0.001268023991067084,8
hashtags,hashtag:pensamentocr,3.0,,,0.0,0.00041935547509432716,6
hashtags,hashtag:pensamentocritico,4.0,,,0.0,0.003031397964358132,2
hashtags,hashtag:pensamientocr,20.0,,,5.618805773189265e-05,0.010534240331722374,1
hashtags,hashtag:pensandoenti,11.0,,,0.0,0.0013090598238143186,28
hashtags,hashtag:pensi,11.0,,,0.0,0.006036186802525622,1
hashtags,hashtag:pensionalimenticia,11.0,,,0.0,0.0043169325869069275,4
hashtags,hashtag:pensiones,11.0,,,0.0,0.0043169325869069275,4
hashtags,hashtag:pepca,16.0,,,4.751128862278766e-09,0.0006174723871294468,4
hashtags,hashtag:pepefarf,3.0,,,0.0,0.003096239224956587,1
hashtags,hashtag:perfectaradiotv,5.0,,,0.0,0.003268316914627019,3
hashtags,hashtag:performance,20.0,,,0.0,0.000974078637967859,6
hashtags,hashtag:performancemasculina,10.0,,,5.612433557690126e-06,0.0007494920073043324,6
hashtags,hashtag:perfumariafina,4.0,,,0.0,0.0004770286422260567,2
hashtags,hashtag:perfume,12.0,,,0.0004769681940120398,0.0010659280083321597,2
hashtags,hashtag:perfumede,27.0,,,9.89973364398919e-06,0.0007544549472715512,12
hashtags,hashtag:perfumedeldia,9.0,,,0.0,0.00019519176001668058,13
hashtags,hashtag:perfumelover,9.0,,,0.0,0.0001943153505925278,30
hashtags,hashtag:perfumes,9.0,,,0.0,0.00019519176001668058,13
hashtags,hashtag:perfumescolombia,9.0,,,0.0,0.0001943153505925278,30
hashtags,hashtag:perfumesdelujo,4.0,,,0.0,0.00017983722601774837,0
hashtags,hashtag:perfumesdemujer,18.0,,,0.0,0.00022765996402525633,13
hashtags,hashtag:perfumesmujer,9.0,,,0.0,0.0001943153505925278,30
hashtags,hashtag:perfumesnicaragua,4.0,,,0.0,0.00017983722601774837,0
hashtags,hashtag:perfumesoriginales,9.0,,,0.0,0.00019519176001668058,13
hashtags,hashtag:perfumesoriginalespy,18.0,,,0.0,0.00022765996402525633,13
hashtags,hashtag:perfumesparaguay,18.0,,,0.0,0.00022765996402525633,13
hashtags,hashtag:periodismo,3.0,,,0.0,0.003120995647545513,1
hashtags,hashtag:periodistasactivistas,7.0,,,0.0,0.0014014888294616003,3
hashtags,hashtag:perlaediciones,13.0,,,0.0,0.0019330768981563426,3
hashtags,hashtag:perropastor,9.0,,,0.0,0.0024782662263938115,1
hashtags,hashtag:perseuformen,8.0,,,0.0,0.0008880709917785036,2
hashtags,hashtag:personaldevelopment,29.0,,,8.099485304167494e-05,0.009031659456808727,5
hashtags,hashtag:personeria,19.0,,,0.0,0.001693421732041801,4
hashtags,hashtag:perspectivadeg,36.0,,,0.00011684480404124554,0.017777826113001792,1
hashtags,hashtag:perspectivadegenero,28.0,,,0.00026086611570775003,0.006083647495394044,15
hashtags,hashtag:perspectivadeinfancia,41.0,,,9.049646817275731e-05,0.007196594314606246,1
hashtags,hashtag:perspectivamasculina,26.0,,,0.0,0.014959570888893518,1
hashtags,hashtag:persuasion,8.0,,,0.0,0.0025949026643242146,0
hashtags,hashtag:pesquisaacad,15.0,,,7.134749485453847e-05,0.004883804857979342,2
hashtags,hashtag:pfac,7.0,,,0.0,0.0046684875630946384,3
hashtags,hashtag:philosophy,59.0,,,4.4333975353636104e-05,0.017513077087335724,5
hashtags,hashtag:philosophyoflife,29.0,,,0.0,0.012307097686539942,5
hashtags,hashtag:phoenixtransformation,6.0,,,0.0,0.0012903689436707983,7
hashtags,hashtag:photo,22.0,,,0.0,0.004773118116429363,5
hashtags,hashtag:photoftheday,22.0,,,0.0,0.004773118116429363,5
hashtags,hashtag:photooftheday,19.0,,,0.0,0.0027968446924803176,5
hashtags,hashtag:pickupartist,19.0,,,0.0,0.003490090842055938,5
hashtags,hashtag:picsart,29.0,,,0.0,0.006437785019358633,5
hashtags,hashtag:picsartedit,29.0,,,0.0,0.006437785019358633,5
hashtags,hashtag:picsartpartner,29.0,,,0.0,0.006437785019358633,5
hashtags,hashtag:piedebruja,13.0,,,0.0,0.0019330768981563426,3
hashtags,hashtag:pielj,4.0,,,0.0,0.00040095851077941457,6
hashtags,hashtag:piensadiferente,19.0,,,0.0,0.011231217699393366,0
hashtags,hashtag:pijamaaesthetic,4.0,,,0.0,0.001297367129202731,0
hashtags,hashtag:pildoraroja,122.0,,,0.0006243926016707707,0.10212323137110448,1
hashtags,hashtag:pillroja,0.0,,,0.0,2.101736988012748e-50,83
hashtags,hashtag:pilotohabilitado,5.0,,,0.0,0.0004842451019978793,2
hashtags,hashtag:placerprolongado,9.0,,,0.0,0.000609064941148411,6
hashtags,hashtag:plandemia,4.0,,,0.0,0.0008322300727406871,1
hashtags,hashtag:planeta,21.0,,,0.0,0.005708093639223287,9
hashtags,hashtag:planetatierra,21.0,,,0.0,0.005708093639223287,9
hashtags,hashtag:planificatudia,15.0,,,0.0,0.009231185029280796,0
hashtags,hashtag:playadeloslocos,6.0,,,0.0,0.001179228377118214,1
hashtags,hashtag:playaylibertad,19.0,,,2.5662841972993394e-06,0.002053164774866413,0
hashtags,hashtag:playerasinteriores,27.0,,,0.0,0.001773875977352313,6
hashtags,hashtag:pldoestupradorn,3.0,,,0.0,0.003096239224956587,1
hashtags,hashtag:pobrehombre,11.0,,,0.0,0.002929269798068679,5
hashtags,hashtag:pobresito,11.0,,,0.0,0.002929269798068679,5
hashtags,hashtag:pocohombre,11.0,,,0.0,0.0008863593807998695,0
hashtags,hashtag:podcast,21.0,,,0.001320200196803798,0.004467107893802622,4
hashtags,hashtag:podcastmasculino,18.0,,,0.0,0.003061856247394327,24
hashtags,hashtag:podcastmx,7.0,,,0.0,0.0013416226181462742,4
hashtags,hashtag:poderd,15.0,,,0.0,0.0005768915918664897,12
hashtags,hashtag:poderdesedu,18.0,,,0.0,0.0011372225496390457,2
hashtags,hashtag:poderfemenino,11.0,,,0.00018703669913257577,0.0027322387823733424,0
hashtags,hashtag:poderfeminino,9.0,,,0.0,0.0008297025791246145,32
hashtags,hashtag:poderferrari,14.0,,,0.0,0.0006489787209430508,12
hashtags,hashtag:poderinterior,56.0,,,0.0016587256644484726,0.02204273999419839,0
hashtags,hashtag:poderjudicial,19.0,,,0.0,0.0006034092771935408,4
hashtags,hashtag:poderjudicialrd,16.0,,,4.751128862278766e-09,0.0006174723871294468,4
hashtags,hashtag:podermasculino,5.0,,,0.0,0.003549534327024016,0
hashtags,hashtag:poderpersonal,16.0,,,0.00021636230271153826,0.0058016824341038,0
hashtags,hashtag:poderpessoal,17.0,,,0.0,0.0014349044918028685,2
hashtags,hashtag:poedagar,8.0,,,1.0180990419168785e-08,0.0005184438268045307,6
hashtags,hashtag:poempm,11.0,,,0.0,0.0013090598238143186,28
hashtags,hashtag:poesia,5.0,,,4.7511288622787665e-08,0.0012842503746298426,0
hashtags,hashtag:poesiaerotica,8.0,,,2.1225529527956013e-05,0.0011675649227422,39
hashtags,hashtag:pol,9.0,,,6.1004799953821955e-05,0.0047087727848289344,3
hashtags,hashtag:polaridade,4.0,,,0.0,0.0005279168786209598,2
hashtags,hashtag:polaridades,6.0,,,1.2658006567731058e-05,0.0012466183308827404,0
hashtags,hashtag:polaridadfemenina,17.0,,,0.0,0.0011604940604247997,25
hashtags,hashtag:polic,27.0,,,1.4296777151718225e-05,0.005134268383650135,1
hashtags,hashtag:policemen,4.0,,,0.0,0.0018190215945725707,6
hashtags,hashtag:policia,21.0,,,0.0,0.0007781466895648228,17
hashtags,hashtag:policianacional,21.0,,,0.0,0.0007781466895648228,17
hashtags,hashtag:policianacionalespa,21.0,,,0.0,0.0007781466895648228,17
hashtags,hashtag:polishman,4.0,,,0.0,0.0047229858794637335,1
hashtags,hashtag:polisminos,7.0,,,1.6805545645682143e-05,0.0021287456367258904,0
hashtags,hashtag:politica,10.0,,,0.0007957643504035045,0.004432767468613678,4
hashtags,hashtag:politicabrasileira,19.0,,,0.0,0.00557805947686861,3
hashtags,hashtag:politicaespa,12.0,,,0.0,0.001459759038167514,4
hashtags,hashtag:politicaexterior,18.0,,,0.0,0.0017670106243526805,4
hashtags,hashtag:politicaitaliana,26.0,,,0.0,0.007591111378626351,6
hashtags,hashtag:politicallyincorrect,50.0,,,8.805280719501274e-06,0.006919804250781152,10
hashtags,hashtag:politicalmemes,28.0,,,0.0,0.005106888786422563,10
hashtags,hashtag:politicalsatire,2.0,,,0.0,0.0023218882322053984,7
hashtags,hashtag:politicamenteincorrecto,5.0,,,0.0,0.0008264981812978617,7
hashtags,hashtag:politicamenteincorreto,4.0,,,0.0,0.000834594810100615,7
hashtags,hashtag:politicard,19.0,,,0.0,0.0006034092771935408,4
hashtags,hashtag:polopremium,6.0,,,6.755394755889436e-07,0.0005835946258835132,6
hashtags,hashtag:poly,10.0,,,0.0,0.002671622407986138,4
hashtags,hashtag:pontebonitaparati,4.0,,,0.0,0.0019363297176915582,0
hashtags,hashtag:poolday,4.0,,,0.0,0.0019115880094636546,0
hashtags,hashtag:popgirly,5.0,,,1.7562208473066152e-07,0.0024710064442381163,7
hashtags,hashtag:porjusticia,23.0,,,0.0,0.002866868624303509,1
hashtags,hashtag:porlaigualdad,20.0,,,0.0,0.006038895101432302,3
hashtags,hashtag:porlajusticia,10.0,,,0.0,0.004292438486276847,31
hashtags,hashtag:porlaverdad,23.0,,,0.0,0.002866868624303509,1
hashtags,hashtag:pornuestroshijos,19.0,,,0.0,0.005561757948636211,1
hashtags,hashtag:portrait,2.0,,,0.0,0.0011529083979918283,14
hashtags,hashtag:portraitphotography,23.0,,,0.000706721019952046,0.0029399381253256162,5
hashtags,hashtag:portugal,4.0,,,0.0,0.001365208855170006,0
hashtags,hashtag:porunainfanciafeliz,23.0,,,0.0,0.002866868624303509,1
hashtags,hashtag:porunsistemajudicialjusto,23.0,,,0.0,0.002866868624303509,1
hashtags,hashtag:porunsistemajudicialmejor,23.0,,,0.0,0.002866868624303509,1
hashtags,hashtag:porvosotras,6.0,,,6.104724284382874e-08,0.0012907757674959102,1
hashtags,hashtag:posicionamento,4.0,,,0.0,0.003738608316953829,2
hashtags,hashtag:positivemasculinity,16.0,,,0.0,0.005476698057000226,5
hashtags,hashtag:positivevibes,19.0,,,0.0,0.0027968446924803176,5
hashtags,hashtag:positividade,25.0,,,0.0,0.0007976069945091548,14
hashtags,hashtag:post,27.0,,,0.0006261141502406625,0.0019234666257582946,14
hashtags,hashtag:posters,4.0,,,0.0,0.002386436518438776,7
hashtags,hashtag:postestilohq,9.0,,,0.0,0.0009054954736238733,2
hashtags,hashtag:posthq,9.0,,,0.0,0.0008160618282362651,2
hashtags,hashtag:posturacorrecta,15.0,,,0.0,0.010348463760912661,0
hashtags,hashtag:posturafeminina,20.0,,,0.0,0.0028099638933050735,2
hashtags,hashtag:posturamasculina,23.0,,,0.0,0.0041737011620494304,2
hashtags,hashtag:postviral,25.0,,,0.0,0.0007976069945091548,14
hashtags,hashtag:potenciadormasculino,8.0,,,0.0,0.00043631672323210416,6
hashtags,hashtag:power,55.0,,,0.00013870975706040023,0.019413934379257015,5
hashtags,hashtag:powerbook,29.0,,,0.0,0.012307097686539942,5
hashtags,hashtag:pp,13.0,,,0.0,0.005725717667115687,1
hashtags,hashtag:ppgs,7.0,,,0.0,0.003613466452993473,2
hashtags,hashtag:ppgsuff,7.0,,,0.0,0.003613466452993473,2
hashtags,hashtag:ppsoe,8.0,,,0.0,0.003643231610661367,1
hashtags,hashtag:pr,20.0,,,0.0,0.000974078637967859,6
hashtags,hashtag:pratododia,4.0,,,0.0,0.0023993617242925582,2
hashtags,hashtag:precariedade,8.0,,,0.0,0.0011662293549355755,2
hashtags,hashtag:precisionispower,3.0,,,0.0,0.001196683742938987,5
hashtags,hashtag:preference,8.0,,,0.0,0.004443644910325132,1
hashtags,hashtag:preguntas,16.0,,,0.0,0.005973991470208948,0
hashtags,hashtag:prelovedluxury,17.0,,,0.0,4.262662288912499e-05,8
hashtags,hashtag:prensacapital,18.0,,,0.0,0.0017670106243526805,4
hashtags,hashtag:prensadigital,18.0,,,0.0,0.0017670106243526805,4
hashtags,hashtag:prensanacional,3.0,,,0.0,0.0005726916346233652,4
hashtags,hashtag:preocupaciones,28.0,,,0.0,0.00610954442222753,2
hashtags,hashtag:preparaoposiciones,21.0,,,0.0,0.0007781466895648228,17
hashtags,hashtag:presencaalpha,5.0,,,0.0,0.00048499043266629545,2
hashtags,hashtag:presencia,45.0,,,0.00030515202968913895,0.01608363335774126,0
hashtags,hashtag:presenciafuerte,9.0,,,0.0,0.005776023408671179,0
hashtags,hashtag:presenciamagnetica,6.0,,,0.0,0.00048320964049395194,0
hashtags,hashtag:presenciamasculina,19.0,,,0.0,0.002274614306889274,0
hashtags,hashtag:presenciareal,19.0,,,0.0,0.002274614306889274,0
hashtags,hashtag:presionsocial,17.0,,,0.0,0.006016534975103179,0
hashtags,hashtag:presunci,33.0,,,0.0002060943766090868,0.012892019077255913,1
hashtags,hashtag:presuncio,8.0,,,0.0,0.00717740154014736,1
hashtags,hashtag:presunciondeinocencia,389.0,,,0.07637130045554216,0.024603687152305567,4
hashtags,hashtag:prevenci,27.0,,,0.00017454841466800264,0.02838201707714491,1
hashtags,hashtag:pride,18.0,,,0.0,0.005189216812161583,4
hashtags,hashtag:pride2026,11.0,,,0.0,5.885827025558957e-05,8
hashtags,hashtag:pridecolombia,18.0,,,0.0,0.005189216812161583,4
hashtags,hashtag:primeperform,4.0,,,0.0,0.0011126845013248567,0
hashtags,hashtag:primeraimpresi,9.0,,,0.0,0.0010153052432572405,6
hashtags,hashtag:primerolosni,3.0,,,0.0,0.0005145096034295365,1
hashtags,hashtag:princ,9.0,,,0.0,0.0007346968106599585,2
hashtags,hashtag:princesadepapi,4.0,,,0.0,0.001014630758601906,47
hashtags,hashtag:princesas,4.0,,,0.0,0.0040285636284188575,3
hashtags,hashtag:principios,2.0,,,0.0,0.001185284448701721,1
hashtags,hashtag:principiosdepareja,4.0,,,0.0,0.003167751465932631,0
hashtags,hashtag:principiosdevida,19.0,,,0.0,0.005446289746599712,0
hashtags,hashtag:prioridad,4.0,,,0.0,0.0027246662810880835,0
hashtags,hashtag:prisionpreventiva,16.0,,,4.7578450031097875e-05,0.0022864069331391674,4
hashtags,hashtag:privilegio,10.0,,,0.0,0.0036993691094859785,1
hashtags,hashtag:privilegios,12.0,,,0.0,0.011508387175722138,1
hashtags,hashtag:problemadeparejas,15.0,,,0.0,0.004898145520281152,2
hashtags,hashtag:problemasdepareja,19.0,,,0.0,0.004319598470167964,2
hashtags,hashtag:procesojudicial,42.0,,,0.0001829602039827544,0.0029165824742724104,4
hashtags,hashtag:procesopenal,61.0,,,0.0002802885259849025,0.002869290384450216,4
hashtags,hashtag:procesoterapeutico,11.0,,,0.0,0.003596514032189802,0
hashtags,hashtag:procuraduriard,19.0,,,0.0,0.0006034092771935406,4
hashtags,hashtag:productoshombres,4.0,,,0.0,0.00040095851077941457,6
hashtags,hashtag:produtosnaturais,6.0,,,0.0,0.0007958127526568995,6
hashtags,hashtag:profitandpurpose,12.0,,,0.0,0.0033545432706420988,5
hashtags,hashtag:progres,8.0,,,1.581998656177876e-05,0.004641484019222818,1
hashtags,hashtag:progresoconstante,44.0,,,5.6664403077662785e-05,0.018746836787500446,0
hashtags,hashtag:progresodiario,52.0,,,2.7461376100794033e-05,0.02324667742391476,0
hashtags,hashtag:progresoimparable,9.0,,,0.0,0.004720117868351249,0
hashtags,hashtag:progresointerior,28.0,,,0.0,0.013358774519492857,0
hashtags,hashtag:progresomasculino,157.0,,,0.0009334713088076512,0.04958358120928354,0
hashtags,hashtag:progresopersonal,46.0,,,1.0673507341922289e-05,0.02259573479343249,0
hashtags,hashtag:progressive,21.0,,,0.0,0.006382772622305939,0
hashtags,hashtag:progressointelectual,41.0,,,3.255846742049082e-05,0.003741730426074695,2
hashtags,hashtag:proletariadodelmundounidos,2.0,,,0.0,0.0007210884883510526,1
hashtags,hashtag:promoci,27.0,,,0.0,0.001773875977352313,6
hashtags,hashtag:promocion,6.0,,,0.0,0.00122187167731887,56
hashtags,hashtag:promociondemodelosmasculinos,20.0,,,0.0,0.013104022960057046,1
hashtags,hashtag:promotoradeigualdaddeg,4.0,,,0.0,0.00403095184591112,3
hashtags,hashtag:promptdock,9.0,,,0.0,0.001617500033262051,5
hashtags,hashtag:promptengineering,9.0,,,0.0,0.001617500033262051,5
hashtags,hashtag:proofofauthenticity,17.0,,,0.0,4.262662288912499e-05,8
hashtags,hashtag:prop,25.0,,,0.0006069720438097056,0.009159433114008898,0
hashtags,hashtag:proposito,15.0,,,0.0005800550792374191,0.008474774034031499,0
hashtags,hashtag:propositodehombre,19.0,,,0.0,0.008725189717706548,0
hashtags,hashtag:propositodevida,14.0,,,1.3554048174394686e-06,0.00707531239238312,0
hashtags,hashtag:propositomasculino,18.0,,,0.0,0.0015978474948075778,0
hashtags,hashtag:prospera,12.0,,,0.0,0.0010833842559587544,0
hashtags,hashtag:prostata,20.0,,,0.0,0.000974078637967859,6
hashtags,hashtag:prostituci,10.0,,,0.0,0.008170116447986332,1
hashtags,hashtag:protecci,25.0,,,9.570646589810644e-05,0.009164072076205506,1
hashtags,hashtag:proteccion,4.0,,,0.0,0.0018479171873954916,1
hashtags,hashtag:proteccionalmenor,18.0,,,6.490872304981913e-06,0.00664588136738078,1
hashtags,hashtag:proteccionalmenorya,10.0,,,0.0,0.002871233837018702,1
hashtags,hashtag:protecciondelmenor,16.0,,,0.0,0.00058520670646861,4
hashtags,hashtag:protecciondemenores,16.0,,,0.0,0.0022279635750243497,4
hashtags,hashtag:proteccioninocentes,12.0,,,0.0,0.003605988470255895,1
hashtags,hashtag:proteccionmujer,8.0,,,0.0,0.006728534795641265,1
hashtags,hashtag:protectchildren,9.0,,,0.0,0.0008400451048883601,34
hashtags,hashtag:protectourvoices,3.0,,,0.0,3.386525887699783e-05,8
hashtags,hashtag:protegerservirinformarcomunicar,19.0,,,7.821069932591856e-06,0.004478723098237305,1
hashtags,hashtag:provida,16.0,,,0.00012042093530328614,0.00861076999087211,1
hashtags,hashtag:proyectosigma,6.0,,,0.0,0.0014039118348871092,0
hashtags,hashtag:prueba,10.0,,,0.00028462207563887385,0.0008040670747952597,4
hashtags,hashtag:pruebadactiloscopica,12.0,,,0.0,0.0006322967190862024,4
hashtags,hashtag:pruebadiabolica,9.0,,,0.0,0.0023081727815675696,1
hashtags,hashtag:pruebaindiciaria,16.0,,,6.31504211277886e-07,0.0007224961809366615,4
hashtags,hashtag:pruebapreconstituida,16.0,,,0.0,0.0022279635750243497,4
hashtags,hashtag:psican,4.0,,,0.0,0.0009148622771850447,2
hashtags,hashtag:psicanalise,29.0,,,0.00034187540006689335,0.007303029917002368,2
hashtags,hashtag:psicanalista,13.0,,,0.0,0.004370145978356094,2
hashtags,hashtag:psicoan,10.0,,,0.0,0.0029873476900162807,2
hashtags,hashtag:psicobaires,4.0,,,0.0,0.004563579071513388,3
hashtags,hashtag:psicolog,89.0,,,0.005412507624964532,0.027394337000778667,2
hashtags,hashtag:psicologas,28.0,,,0.0,0.00610954442222753,2
hashtags,hashtag:psicologia,143.0,,,0.011849005713869277,0.041180439582536234,0
hashtags,hashtag:psicologiaclinica,17.0,,,0.0,0.0064498333144806935,2
hashtags,hashtag:psicologiaconsciente,28.0,,,0.0,0.00610954442222753,2
hashtags,hashtag:psicologiadaatra,4.0,,,0.0,0.0005279168786209598,2
hashtags,hashtag:psicologiadaconquista,9.0,,,0.0,0.0007346968106599585,2
hashtags,hashtag:psicologiadasmulheres,19.0,,,0.0,0.0008356462349161245,2
hashtags,hashtag:psicologiadelamentira,21.0,,,1.948900188351991e-06,0.0014495292963733926,19
hashtags,hashtag:psicologiadelaseduccion,9.0,,,0.0,0.004119485930268396,0
hashtags,hashtag:psicologiadoamor,19.0,,,0.0,0.001180046404754835,2
hashtags,hashtag:psicologiaenergetica,9.0,,,0.0,0.001653249958409619,0
hashtags,hashtag:psicologiafemenina,61.0,,,0.0008284396562479162,0.02566260271785075,0
hashtags,hashtag:psicologiafeminina,4.0,,,0.0,0.0005696383181002425,2
hashtags,hashtag:psicologiaholistica,9.0,,,0.0,0.001653249958409619,0
hashtags,hashtag:psicologiajuvenil,28.0,,,0.0,0.00610954442222753,2
hashtags,hashtag:psicologiamasculina,67.0,,,0.0026477958609718738,0.012076742852395482,0
hashtags,hashtag:psicologiaoscura,51.0,,,0.001042285497992974,0.01589794400174961,0
hashtags,hashtag:psicologiaparahombres,19.0,,,0.0,0.004319598470167964,2
hashtags,hashtag:psicologiaseductora,13.0,,,0.0,0.0053964699785186,0
hashtags,hashtag:psicologiasociale,4.0,,,0.0,0.0026677136515044137,2
hashtags,hashtag:psicologoeugenio,4.0,,,0.0,0.0006436603930289373,2
hashtags,hashtag:psicologos,28.0,,,0.0,0.00610954442222753,2
hashtags,hashtag:psicologosonline,28.0,,,0.0,0.00610954442222753,2
hashtags,hashtag:psicomagia,4.0,,,0.0,0.0008838873387381623,0
hashtags,hashtag:psicopatas,29.0,,,0.0,0.03489291142231954,1
hashtags,hashtag:psicoterapia,62.0,,,0.000838371220299002,0.022658000203107306,2
hashtags,hashtag:psicoterapiaparahombres,4.0,,,0.0,0.0023233362721051566,1
hashtags,hashtag:psicólogo,29.0,,,0.0,0.008643739604943008,1
hashtags,hashtag:psiquiatria,4.0,,,0.0,0.0015289345022165982,2
hashtags,hashtag:psoe,13.0,,,0.0,0.005725717667115687,1
hashtags,hashtag:psy,20.0,,,0.0,0.0038796869927010987,2
hashtags,hashtag:psychologia,8.0,,,2.910066428145745e-07,0.0024630573990029885,38
hashtags,hashtag:psychology,55.0,,,0.00013870975706040023,0.019413934379257015,5
hashtags,hashtag:puaexposed,19.0,,,0.0,0.003490090842055938,5
hashtags,hashtag:puedocontodo,3.0,,,0.0,0.0006129604047668246,0
hashtags,hashtag:puentedevallecas,20.0,,,0.0,0.004172052129055469,1
hashtags,hashtag:puertodepajares,20.0,,,0.0,0.004172052129055469,1
hashtags,hashtag:puertorico,6.0,,,0.0,0.00043760468734338915,4
hashtags,hashtag:pulseras,7.0,,,0.0,0.002036649590754998,1
hashtags,hashtag:purexsforher,18.0,,,0.0,0.00022765996402525633,13
hashtags,hashtag:purposedriven,12.0,,,0.0,0.0033545432706420988,5
hashtags,hashtag:puxadeinteresse,19.0,,,0.0,0.0008356462349161245,2
hashtags,hashtag:qu,19.0,,,0.0,0.001180046404754835,2
hashtags,hashtag:qualidadedevida,24.0,,,0.00011370213748442985,0.0013957704753456098,6
hashtags,hashtag:qualitymatters,3.0,,,0.0,5.2722818598436284e-05,8
hashtags,hashtag:quebragelecriativo,9.0,,,0.0,0.0008395988809653016,2
hashtags,hashtag:quedapoquitomuypoquito,6.0,,,2.138007988025445e-07,0.0010427489080506555,47
hashtags,hashtag:queer,11.0,,,0.0,5.885827025558957e-05,8
hashtags,hashtag:queercommunity,11.0,,,0.0,5.885827025558957e-05,8
hashtags,hashtag:quehablen,4.0,,,0.0,0.0013300621974510326,2
hashtags,hashtag:quenadatedetenga,19.0,,,0.0,0.0012963095226286245,6
hashtags,hashtag:questionemaschile,26.0,,,0.0,0.007591111378626351,6
hashtags,hashtag:quietluxury,4.0,,,0.0,0.0011796834487263024,5
hashtags,hashtag:quietquittingrelaciones,9.0,,,0.0,0.0015475674688728432,2
hashtags,hashtag:quilmes,15.0,,,0.0,0.00036138611157992374,3
hashtags,hashtag:quotedigenere,26.0,,,0.0,0.007591111378626351,6
hashtags,hashtag:quotes,45.0,,,0.0001159464753684933,0.01620659589551876,5
hashtags,hashtag:ra,11.0,,,0.0,0.003596514032189802,0
hashtags,hashtag:racismo,12.0,,,0.0,0.001459759038167514,4
hashtags,hashtag:racismoestrutural,21.0,,,0.0,0.004768598764886373,3
hashtags,hashtag:radfem,18.0,,,0.0,0.027331525413195012,1
hashtags,hashtag:radfems,12.0,,,0.0,0.01144787086077457,1
hashtags,hashtag:rafaelaires,4.0,,,0.0,0.0024634398565561355,2
hashtags,hashtag:raisingkanan,29.0,,,0.0,0.012307097686539942,5
hashtags,hashtag:ralfportraits,4.0,,,0.0,0.00018443328827017115,5
hashtags,hashtag:rapeculture,4.0,,,0.0,0.0017766300327361874,3
hashtags,hashtag:rationalmale,43.0,,,4.5166681858304764e-05,0.01239383643818084,5
hashtags,hashtag:raybanoriginal,4.0,,,0.0,3.4369850946267235e-05,8
hashtags,hashtag:rd,4.0,,,0.0,0.001069418495727085,4
hashtags,hashtag:real,5.0,,,1.0690039940127225e-07,3.4846463041097745e-05,8
hashtags,hashtag:realconnections,18.0,,,1.4101438501826883e-05,0.00010035100542802706,8
hashtags,hashtag:realidad,16.0,,,7.18136662398366e-06,0.009609164064696514,0
hashtags,hashtag:realidadebrasileira,2.0,,,0.0,0.0011446509994514893,3
hashtags,hashtag:realidadjudicial,27.0,,,0.0,0.005106123386349361,18
hashtags,hashtag:realidadmasculina,26.0,,,0.0,0.014959570888893518,1
hashtags,hashtag:realitycheck,35.0,,,0.0002803543642731135,0.007752338883621807,7
hashtags,hashtag:realitymemes,4.0,,,0.0,0.0025771073434640197,7
hashtags,hashtag:realize,16.0,,,0.0,0.0024766368396782644,2
hashtags,hashtag:realtalk,2.0,,,0.0,3.339625135924089e-05,8
hashtags,hashtag:reborn,4.0,,,0.0,7.796579364751937e-05,8
hashtags,hashtag:receiptavailable,17.0,,,0.0,4.262662288912499e-05,8
hashtags,hashtag:receitas,4.0,,,0.0,0.002534169203494174,2
hashtags,hashtag:recetas,12.0,,,0.0,0.0010833842559587544,0
hashtags,hashtag:rechazoporfemenino,19.0,,,0.0,0.004319598470167964,2
hashtags,hashtag:reclamarderechos,11.0,,,0.0,0.006036186802525622,1
hashtags,hashtag:recomendaci,14.0,,,0.0,0.018041952522247474,1
hashtags,hashtag:recomendacionelmundo,12.0,,,0.0,0.001928918875273023,21
hashtags,hashtag:recomendacionlibro,7.0,,,0.0,0.0015659073889058032,0
hashtags,hashtag:reconexi,9.0,,,0.0,0.0017151205965123594,53
hashtags,hashtag:reconquistaamorosa,9.0,,,0.0,0.0008297025791246145,32
hashtags,hashtag:reconstruccionemocional,19.0,,,0.0,0.004319598470167964,2
hashtags,hashtag:reconstruir,4.0,,,0.0,0.0028232803708487498,0
hashtags,hashtag:recuperatupoder,4.0,,,0.0,0.0034684097462282398,0
hashtags,hashtag:recursopenal,5.0,,,0.0,0.0005575641590383607,4
hashtags,hashtag:redchtayna,1.0,,,0.0,0.00222753681631029,1
hashtags,hashtag:redefiniendolamasculinidad,29.0,,,0.0,0.014871641971113308,0
hashtags,hashtag:redesdemercadeo,4.0,,,0.0,0.000857898014621761,0
hashtags,hashtag:redessociales,4.0,,,0.0,0.003494246353641193,1
hashtags,hashtag:redflagalert,19.0,,,0.0,0.003490090842055938,5
hashtags,hashtag:redflags,22.0,,,0.0008880369186960426,0.004098666909247596,5
hashtags,hashtag:redpill,613.0,,,0.10928295834099275,0.15619320982543372,1
hashtags,hashtag:redpillbrasil,19.0,,,0.0,0.0008356462349161245,2
hashtags,hashtag:redpilled,39.0,,,0.00023510442560856521,0.007971477422549436,4
hashtags,hashtag:redpiller,36.0,,,1.7284147863283035e-05,0.03654673207750137,1
hashtags,hashtag:redpillers,29.0,,,0.0,0.03786853416820616,1
hashtags,hashtag:redpillfrance,4.0,,,0.0,0.004652559038481487,1
hashtags,hashtag:redpillmindset,27.0,,,0.0,0.035851220057984565,1
hashtags,hashtag:redpillrevolution,4.0,,,0.0,0.0062793768251321715,1
hashtags,hashtag:redpills,4.0,,,0.0,0.004096670231199259,3
hashtags,hashtag:redpilltruth,8.0,,,0.0,0.0024745679589170955,35
hashtags,hashtag:redpillwomen,8.0,,,0.0,0.0024745679589170955,35
hashtags,hashtag:redsangue,3.0,,,0.0,0.0026277547642020523,2
hashtags,hashtag:reelitfeelit,29.0,,,0.0,0.006437785019358633,5
hashtags,hashtag:reelkarofeelkaro,3.0,,,0.0,0.0012946765837527126,5
hashtags,hashtag:reelmeme,25.0,,,0.0,0.0007976069945091548,14
hashtags,hashtag:reelmotivadores,25.0,,,0.0,0.0007976069945091548,14
hashtags,hashtag:reels,58.0,,,0.00306014086237929,0.014405892138214235,2
hashtags,hashtag:reelsdeanimac,25.0,,,0.0,0.0007976069945091548,14
hashtags,hashtag:reelsindia,19.0,,,0.0,0.0027968446924803176,5
hashtags,hashtag:reelsinstagram,9.0,,,0.0,0.004591782402417298,5
hashtags,hashtag:reelsrd,4.0,,,0.0,0.0013080797591039446,0
hashtags,hashtag:reelstrending,4.0,,,0.0,0.0022574307865587413,1
hashtags,hashtag:reelsviral,29.0,,,0.0,0.006437785019358633,5
hashtags,hashtag:reflex,28.0,,,0.00027781887157796306,0.008242506036796287,3
hashtags,hashtag:reflexi,92.0,,,0.0025699154676458932,0.060512575499645775,1
hashtags,hashtag:reflexion,13.0,,,0.0002545953772841918,0.00496835075476889,0
hashtags,hashtag:reflexiondiaria,9.0,,,0.0,0.0045738190625448675,0
hashtags,hashtag:reflexiones,37.0,,,6.696994657850213e-05,0.018030059504353574,0
hashtags,hashtag:reflexionesdeexperto,2.0,,,0.0,0.003046477816787238,1
hashtags,hashtag:reflexionesdevida,24.0,,,9.684228729380485e-05,0.010672435406229638,0
hashtags,hashtag:reflexionesjur,15.0,,,0.0,0.004516416371008142,3
hashtags,hashtag:reflexionesjuridicas,15.0,,,0.0,0.004516416371008142,3
hashtags,hashtag:reflexionesmasculinas,29.0,,,0.0,0.009003900771292924,0
hashtags,hashtag:reflexionmasculinista,44.0,,,4.3457441859019995e-05,0.04057484293378223,1
hashtags,hashtag:reformapenal,9.0,,,0.0,0.0023081727815675696,1
hashtags,hashtag:refresh,4.0,,,0.0,7.55160084962871e-05,8
hashtags,hashtag:refugio,5.0,,,0.0,0.0028833082940971423,2
hashtags,hashtag:refugioemocional,9.0,,,1.5788555575781278e-05,0.003737596093587587,2
hashtags,hashtag:refugiointerior,9.0,,,1.9216821412593604e-05,0.003636521623932362,2
hashtags,hashtag:regaloparapapa,4.0,,,0.0,0.0004134882967078665,6
hashtags,hashtag:regalos,4.0,,,0.0,0.0017319013613031654,0
hashtags,hashtag:regulaci,9.0,,,0.0,0.001247017137286834,2
hashtags,hashtag:rehacernoshombres,7.0,,,4.840977807554622e-06,0.0012123565199867598,2
hashtags,hashtag:reia,4.0,,,0.0,0.00110244835934339,3
hashtags,hashtag:reiki,18.0,,,0.0,0.00413600993287865,2
hashtags,hashtag:reinounido,22.0,,,0.0,0.02321365044537653,1
hashtags,hashtag:reinvencionfemenina,21.0,,,0.0,0.006382772622305939,0
hashtags,hashtag:reinventarse,29.0,,,0.0,0.015406552770243047,0
hashtags,hashtag:rel,8.0,,,1.0180990419168785e-08,0.0005184438268045307,6
hashtags,hashtag:rela,4.0,,,0.0,0.001848126683834279,2
hashtags,hashtag:relacionamemtos,4.0,,,0.0,0.0035278342092573164,3
hashtags,hashtag:relacionamento,42.0,,,0.0019497060020900493,0.011148420572191555,2
hashtags,hashtag:relacionamentoabusivo,10.0,,,0.0,0.002422610524477237,2
hashtags,hashtag:relacionamentofamiliar,3.0,,,0.0,0.0011612111609373996,3
hashtags,hashtag:relacionamentofeliz,9.0,,,0.0,0.0008297025791246145,32
hashtags,hashtag:relacionamentomoderno,9.0,,,0.0,0.0009054954736238733,2
hashtags,hashtag:relacionamentoreal,19.0,,,0.0,0.001180046404754835,2
hashtags,hashtag:relacionamentos,68.0,,,0.0012253700553410765,0.009899974529776027,2
hashtags,hashtag:relacionamentosaud,19.0,,,0.0,0.001180046404754835,2
hashtags,hashtag:relacionamentosaudavel,43.0,,,0.0003168503535683908,0.0069491565035047324,2
hashtags,hashtag:relacionamentosreais,4.0,,,0.0,0.0005279168786209598,2
hashtags,hashtag:relacionamentossaud,14.0,,,0.0,0.001824269146430348,2
hashtags,hashtag:relacionamentossaudaveis,17.0,,,0.0,0.0064498333144806935,2
hashtags,hashtag:relacionamentot,13.0,,,0.0003772309429494282,0.0040282686390793335,2
hashtags,hashtag:relacionamentotoxico,10.0,,,0.0,0.002422610524477237,2
hashtags,hashtag:relaciones,144.0,,,0.006819874509689711,0.08463824873372704,1
hashtags,hashtag:relacionesalfa,17.0,,,0.0,0.0011604940604247997,25
hashtags,hashtag:relacionesaut,19.0,,,0.0,0.0035953798256476025,0
hashtags,hashtag:relacionesconscientes,27.0,,,0.00011462237326328419,0.007232265358749324,0
hashtags,hashtag:relacionescristianas,4.0,,,0.0,0.0020830016582136126,0
hashtags,hashtag:relacionesdepareja,84.0,,,0.0051548790031038915,0.06113305298527608,1
hashtags,hashtag:relacionesdificiles,13.0,,,0.0,0.00490461607066073,0
hashtags,hashtag:relacionesfallidas,19.0,,,0.0,0.004319598470167964,2
hashtags,hashtag:relacionesinteligentes,4.0,,,0.0,0.002482648297347795,0
hashtags,hashtag:relacioneslibres,14.0,,,0.0,0.0015190214234973365,3
hashtags,hashtag:relacionesmodernas,9.0,,,0.0,0.0015475674688728432,2
hashtags,hashtag:relacionespositivas,28.0,,,0.0,0.013358774519492857,0
hashtags,hashtag:relacionesreales,4.0,,,0.0,0.0011927648585409137,0
hashtags,hashtag:relacionessanas,38.0,,,0.0024384322994078673,0.008258573005698884,0
hashtags,hashtag:relacionreal,4.0,,,0.0,0.0009056238312791107,0
hashtags,hashtag:relacoessaudaveis,4.0,,,0.0,0.003031397964358132,2
hashtags,hashtag:relajaci,22.0,,,0.0,0.001825321740391951,20
hashtags,hashtag:relatable,7.0,,,6.608982122733081e-06,0.0032295789610377328,1
hashtags,hashtag:relatablememes,4.0,,,0.0,0.0022574307865587413,1
hashtags,hashtag:relationshipadvice,4.0,,,0.0,0.0023375142919250533,29
hashtags,hashtag:relationshipdynamics,6.0,,,9.502257724557533e-08,0.002405085014532126,29
hashtags,hashtag:relationshipgame,5.0,,,5.3450199700636126e-08,0.002521847348241351,29
hashtags,hashtag:relationshipposts,10.0,,,0.0,0.002671622407986138,4
hashtags,hashtag:relationships,32.0,,,1.7290878823762327e-05,0.011254306186216204,5
hashtags,hashtag:relationshipsarenotallaboutthewoman,8.0,,,0.0,0.0051445535472085056,7
hashtags,hashtag:relationshipsarenotallaboutwomen,14.0,,,0.0,0.005726640296193288,7
hashtags,hashtag:relationshiptruth,4.0,,,0.0,0.0023385165117483474,29
hashtags,hashtag:relatobasadoenhechos,27.0,,,0.0,0.005106123386349361,18
hashtags,hashtag:relatos,7.0,,,9.784681399550172e-06,0.004706400000793176,3
hashtags,hashtag:relatosdeunmaltratador,27.0,,,0.0,0.005106123386349361,18
hashtags,hashtag:religi,7.0,,,6.845208301230555e-06,0.001499441582327744,3
hashtags,hashtag:renacer,18.0,,,0.0,0.00413600993287865,2
hashtags,hashtag:renacimiento,12.0,,,0.0,0.006672763024559069,0
hashtags,hashtag:renacimientointerior,11.0,,,0.0,0.0019394786007003448,0
hashtags,hashtag:renacimientomasculino,24.0,,,6.601616486656421e-05,0.004754483353223091,0
hashtags,hashtag:rendimiento,8.0,,,2.138007988025445e-07,0.0006695809470212116,43
hashtags,hashtag:rendimientoalmaximo,8.0,,,0.0,0.00043631672323210416,6
hashtags,hashtag:rendimientohumano,4.0,,,0.0,0.0006220963118201945,0
hashtags,hashtag:rendimientomasculino,38.0,,,0.0006044720943186721,0.011417036957565616,0
hashtags,hashtag:rendimientonatural,19.0,,,0.0,0.004278221161241839,0
hashtags,hashtag:repost,23.0,,,0.00034752212364901503,0.001782375588722507,2
hashtags,hashtag:repostbanner,7.0,,,1.2557128161853634e-06,0.002432994505297498,1
hashtags,hashtag:reprimiremociones,4.0,,,0.0,0.0011186156854059962,0
hashtags,hashtag:reprogramacionmental,14.0,,,0.0,0.009571587164453589,0
hashtags,hashtag:republicadominicana,29.0,,,1.2572957557094606e-06,0.0007696479103639804,4
hashtags,hashtag:republicanosunidos,15.0,,,0.0,0.00036138611157992374,3
hashtags,hashtag:rescatedelcoraz,5.0,,,1.074557818727241e-06,0.001530333400523804,0
hashtags,hashtag:resgateanimal,4.0,,,0.0,0.0004009585107794145,6
hashtags,hashtag:residentevil,4.0,,,0.0,0.0007924440127539155,2
hashtags,hashtag:resili,21.0,,,0.0,0.0017937342915913827,2
hashtags,hashtag:resiliencia,59.0,,,0.004269112155702002,0.02430644109520028,0
hashtags,hashtag:resilienciahombre,29.0,,,0.0,0.009003900771292924,0
hashtags,hashtag:resilienciahumana,29.0,,,0.0,0.014871641971113308,0
hashtags,hashtag:resilienciapersonal,15.0,,,0.0,0.009186655801223373,0
hashtags,hashtag:resistencia,14.0,,,0.00015898153761444357,0.004922583677491832,1
hashtags,hashtag:resistenciaefe,6.0,,,0.0,0.0011363069268552723,3
hashtags,hashtag:resistenciasocial,4.0,,,0.0,0.0006029927309388061,4
hashtags,hashtag:respect,8.0,,,3.3148199729774374e-05,0.00606202104541665,1
hashtags,hashtag:respectyourhusband,8.0,,,0.0,0.0024745679589170955,35
hashtags,hashtag:respeto,20.0,,,0.0005435071609063002,0.003209656601435738,3
hashtags,hashtag:respetogenuino,19.0,,,0.0,0.005446289746599712,0
hashtags,hashtag:respetomutuo,4.0,,,0.0,0.0014053264590831146,4
hashtags,hashtag:respetopropio,7.0,,,1.9941230098875648e-06,0.004644858115568839,0
hashtags,hashtag:responsabilidad,19.0,,,0.0,0.005446289746599712,0
hashtags,hashtag:responsabilidadafectiva,4.0,,,0.0,0.0018731938415608683,0
hashtags,hashtag:responsabilidade,7.0,,,0.0,0.0026347891718044325,2
hashtags,hashtag:responsabilidadlegal,4.0,,,0.0,0.001026388300430372,4
hashtags,hashtag:responsabilidadmasculina,32.0,,,0.0002712958138295043,0.003454558644170828,0
hashtags,hashtag:responsabilidadobjetiva,13.0,,,0.0,0.0006314891326085328,4
hashtags,hashtag:responsabilidadpersonal,11.0,,,0.0,0.003596514032189802,0
hashtags,hashtag:responsable,25.0,,,0.0,0.012079522828123654,2
hashtags,hashtag:respétateprimero,19.0,,,0.0,0.002274614306889274,0
hashtags,hashtag:restauranteadomicilio,20.0,,,0.0,0.006038895101432302,3
hashtags,hashtag:resultadodeesfor,17.0,,,0.0,0.000670970732735285,2
hashtags,hashtag:resultados,4.0,,,0.0,0.001915487300879093,0
hashtags,hashtag:retardodejusticia,19.0,,,0.0,0.0031219301240658737,1
hashtags,hashtag:retobravo,11.0,,,0.0,0.00491311888720126,0
hashtags,hashtag:retopersonal,15.0,,,0.0,0.00810295716721476,0
hashtags,hashtag:retornodelamasculinidad,17.0,,,0.0,0.0011604940604247997,25
hashtags,hashtag:retratomasculino,4.0,,,0.0,0.00018443328827017115,5
hashtags,hashtag:retroceso,29.0,,,1.4253386586836302e-07,0.006712454774005588,11
hashtags,hashtag:revistaestudosfeministas,7.0,,,0.0,0.003613466452993473,2
hashtags,hashtag:revistasoberaniaalimentaria,8.0,,,0.0,0.004672105553110154,3
hashtags,hashtag:revolucionautista,11.0,,,0.0,0.0018868279476051868,2
hashtags,hashtag:revolution,4.0,,,0.0,0.0023680213306714066,2
hashtags,hashtag:rgreenequote,48.0,,,9.875669394488759e-06,0.015882152452471814,5
hashtags,hashtag:ricoshombres,18.0,,,0.0,0.005189216812161583,4
hashtags,hashtag:rider,4.0,,,0.0,0.001175780482457537,63
hashtags,hashtag:riesgoterrorista,18.0,,,0.0,0.0017670106243526805,4
hashtags,hashtag:riquettfood,20.0,,,0.0,0.006038895101432302,3
hashtags,hashtag:riqueza,54.0,,,0.00046683414026687365,0.009115129481886832,9
hashtags,hashtag:rise,10.0,,,0.0,0.0011566889996977392,5
hashtags,hashtag:ritasegato,4.0,,,0.0,0.0011024483593433901,3
hashtags,hashtag:ritodelcorazon,3.0,,,0.0,0.0008488619960398644,0
hashtags,hashtag:ritualbotanico,4.0,,,0.0,0.00019284736101280318,2
hashtags,hashtag:ritualbotanicovenezuela,4.0,,,0.0,0.00019284736101280318,2
hashtags,hashtag:ritualdeplacerbycd,4.0,,,0.0,0.0010746901891175685,0
hashtags,hashtag:robertgreene,81.0,,,0.0021758487511254207,0.02032341449728073,5
hashtags,hashtag:robertgreenebooks,47.0,,,3.056972261488771e-05,0.01515177478738318,5
hashtags,hashtag:robertgreenequotes,59.0,,,4.4333975353636104e-05,0.017513077087335724,5
hashtags,hashtag:roboagravado,12.0,,,0.0,0.0006322967190862024,4
hashtags,hashtag:rocketleague,25.0,,,0.0,0.0043000529664691456,5
hashtags,hashtag:rocketleaguepro,25.0,,,0.0,0.0043000529664691456,5
hashtags,hashtag:rodeaelministerio,39.0,,,6.26484283766715e-05,0.016400735297616802,1
hashtags,hashtag:rodolfosancho,1.0,,,0.0,0.0009708232193681271,1
hashtags,hashtag:rodzice,4.0,,,0.0,0.002330083723053534,38
hashtags,hashtag:rolesdeg,4.0,,,0.0,0.0015058293471991566,1
hashtags,hashtag:romancereader,11.0,,,0.0,0.0013090598238143186,28
hashtags,hashtag:rompecadenas,18.0,,,0.0,0.003061856247394327,24
hashtags,hashtag:rompeelsilencio,44.0,,,0.0016710911917553264,0.010968409775981052,0
hashtags,hashtag:ropainteriormasculina,19.0,,,0.0,0.0012963095226286245,6
hashtags,hashtag:ropasingenero,2.0,,,0.0,0.0030464778167872374,1
hashtags,hashtag:ropatermica,32.0,,,1.0436703253370697e-06,0.001891081663786306,6
hashtags,hashtag:roteiromasculino,17.0,,,0.0,0.000670970732735285,2
hashtags,hashtag:royaaa,4.0,,,0.0,0.001175780482457537,71
hashtags,hashtag:royalattitude,4.0,,,0.0,0.0015206708638506462,5
hashtags,hashtag:royalvibes,7.0,,,3.088233760481198e-07,0.001290193697421835,5
hashtags,hashtag:rra,19.0,,,0.0,0.002142884990986937,2
hashtags,hashtag:rse,28.0,,,0.0,0.016369158989479785,1
hashtags,hashtag:rubiales,7.0,,,0.0,0.0014014888294616003,3
hashtags,hashtag:rugeodesaparece,5.0,,,0.0,0.000546273052609811,2
hashtags,hashtag:rupturaamorosa,12.0,,,1.1137288598145306e-05,0.006008750388677453,0
hashtags,hashtag:rusia,15.0,,,0.0,0.023533723149743335,1
hashtags,hashtag:rutinafitness,29.0,,,0.0,0.009003900771292924,0
hashtags,hashtag:rutinasdeexito,30.0,,,4.802468938854534e-06,0.015725561350328158,0
hashtags,hashtag:rutinasdehombres,15.0,,,0.0,0.00803343350061178,0
hashtags,hashtag:rutinasdiarias,33.0,,,7.66924944642812e-06,0.016422056241484326,0
hashtags,hashtag:rutinasexitosas,50.0,,,2.092250380436539e-05,0.024703866930051666,0
hashtags,hashtag:rutinasproductivas,25.0,,,0.0,0.014710878262659662,0
hashtags,hashtag:ryanholiday,29.0,,,0.0,0.012307097686539942,5
hashtags,hashtag:s,24.0,,,0.00015346075656497683,0.001520710395230949,6
hashtags,hashtag:sa,27.0,,,0.0016311400744385626,0.004472397694336762,6
hashtags,hashtag:sabado,19.0,,,0.0,0.0012963095226286245,6
hashtags,hashtag:sabiasque,3.0,,,0.0,0.0005148547215372355,4
hashtags,hashtag:sabiduria,32.0,,,5.92708858963361e-05,0.017719754228083074,0
hashtags,hashtag:safetyfirst,5.0,,,0.0,3.488970728540945e-05,8
hashtags,hashtag:sagaftra,3.0,,,0.0,6.698819627367348e-05,8
hashtags,hashtag:sagradofeminino,4.0,,,0.0,0.0012283500547513257,3
hashtags,hashtag:sagradomasculino,27.0,,,0.0003612168696979392,0.013656028161691185,0
hashtags,hashtag:saldelajaula,18.0,,,0.0,0.003061856247394327,24
hashtags,hashtag:saldetuzonadeconfort,15.0,,,0.0,0.010348463760912661,0
hashtags,hashtag:salirdelbucle,4.0,,,0.0,0.002543023680600005,0
hashtags,hashtag:salta,23.0,,,0.0,0.002866868624303509,1
hashtags,hashtag:saltaargentina,23.0,,,0.0,0.002866868624303509,1
hashtags,hashtag:saltacapital,23.0,,,0.0,0.002866868624303509,1
hashtags,hashtag:saltalalinda,23.0,,,0.0,0.002866868624303509,1
hashtags,hashtag:salud,33.0,,,2.468639214840551e-06,0.018654190571881387,1
hashtags,hashtag:saludcerebral,9.0,,,0.0,0.001247017137286834,2
hashtags,hashtag:saludemocional,11.0,,,8.115949396790694e-05,0.006799683338249853,2
hashtags,hashtag:saludemocionalhombres,26.0,,,0.0,0.014959570888893518,1
hashtags,hashtag:saludfinanciera,8.0,,,0.0,0.003014389288543087,0
hashtags,hashtag:saludfisicayemocional,15.0,,,0.0,0.009231185029280796,0
hashtags,hashtag:saludhombres,14.0,,,0.0,0.01686582697870012,1
hashtags,hashtag:saludhormonalmasculina,4.0,,,0.0,0.0006766836690794176,0
hashtags,hashtag:saludintima,14.0,,,3.858019248810073e-06,0.0006397449507336495,6
hashtags,hashtag:saludmasculina,66.0,,,0.002345211224718962,0.03903010568054815,1
hashtags,hashtag:saludmasculinista,17.0,,,0.0,0.019426919869703834,1
hashtags,hashtag:saludmental,166.0,,,0.007364731985018356,0.05447769315772398,1
hashtags,hashtag:saludmentalenhombres,9.0,,,0.0,0.001247017137286834,2
hashtags,hashtag:saludmentalhombre,24.0,,,5.500031421014363e-05,0.006957120060967955,0
hashtags,hashtag:saludmentalhombres,23.0,,,5.801071933500183e-05,0.00505565449756803,0
hashtags,hashtag:saludmentalmasculina,120.0,,,0.006130564777704427,0.04822950998990565,1
hashtags,hashtag:saludmentalyemocional,2.0,,,0.0,0.0012034772565533457,2
hashtags,hashtag:saludp,4.0,,,0.0,0.0010658357020058924,2
hashtags,hashtag:saludreproductiva,6.0,,,0.0,0.000908007273399044,6
hashtags,hashtag:saludsexual,31.0,,,0.0017883202922259042,0.01951796146632939,1
hashtags,hashtag:saludsexualmasculina,17.0,,,0.0,0.0014845228483459918,6
hashtags,hashtag:saludurologica,6.0,,,0.0,0.0008842546972326765,48
hashtags,hashtag:saludybienestar,33.0,,,2.468639214840551e-06,0.018654190571881387,1
hashtags,hashtag:saludydesempeno,4.0,,,0.0,0.0006220963118201945,0
hashtags,hashtag:samorozw,6.0,,,5.3450199700636126e-08,0.0023975324425133124,38
hashtags,hashtag:samuelgarc,14.0,,,0.0,0.006131282242545242,1
hashtags,hashtag:samur,20.0,,,0.0,0.004172052129055469,1
hashtags,hashtag:samurai,29.0,,,0.0,0.006437785019358633,5
hashtags,hashtag:samuraiedit,29.0,,,0.0,0.006437785019358633,5
hashtags,hashtag:samurailifestyle,29.0,,,0.0,0.006437785019358633,5
hashtags,hashtag:samuraiquotes,29.0,,,0.0,0.006437785019358633,5
hashtags,hashtag:samuraivibes,29.0,,,0.0,0.006437785019358633,5
hashtags,hashtag:samuraiwarrior,29.0,,,0.0,0.006437785019358633,5
hashtags,hashtag:sanaci,4.0,,,0.0,0.004367019359854761,0
hashtags,hashtag:sanacion,32.0,,,0.00014095724324149787,0.00972322167413913,0
hashtags,hashtag:sanacionancestral,9.0,,,1.7036456322048904e-05,0.0012620587625620924,0
hashtags,hashtag:sanacionconrosas,4.0,,,0.0,0.0008416433235348578,0
hashtags,hashtag:sanacionemocional,27.0,,,0.00011641978008629158,0.0061204888301609585,0
hashtags,hashtag:sanaciongeneracional,9.0,,,0.0,0.001653249958409619,0
hashtags,hashtag:sanacionmasculina,4.0,,,0.0,0.0007522291143599648,0
hashtags,hashtag:sanarconverdad,5.0,,,5.891734103444874e-07,0.0029905239429482387,3
hashtags,hashtag:sanarellinaje,9.0,,,0.0,0.003623953124380508,0
hashtags,hashtag:sanarescrecer,4.0,,,0.0,0.0032445287696154226,0
hashtags,hashtag:sanarlomasculino,9.0,,,0.0,0.0017151205965123594,53
hashtags,hashtag:sanarparacrecer,4.0,,,0.0,0.00352166405808692,0
hashtags,hashtag:sanarvinculos,4.0,,,0.0,0.0009250738685891716,0
hashtags,hashtag:sanatualma,28.0,,,0.0,0.0056091645620098786,9
hashtags,hashtag:sandiego,17.0,,,0.0,0.0014845228483459918,6
hashtags,hashtag:sandraalves,2.0,,,0.0,0.0010705491342617277,3
hashtags,hashtag:sanidad,6.0,,,7.171893887615319e-06,0.0015406537466778009,0
hashtags,hashtag:sanidadmasculina,4.0,,,0.0,0.00034998393502284344,0
hashtags,hashtag:sanram,14.0,,,0.0,0.002555674077892905,1
hashtags,hashtag:sanramondelanuevaor,23.0,,,0.0,0.002866868624303509,1
hashtags,hashtag:sanramondelanuevaoran,40.0,,,2.2895862982796823e-05,0.004225062743704445,1
hashtags,hashtag:sanramondelanuevaoransalta,23.0,,,0.0,0.002866868624303509,1
hashtags,hashtag:santiago1,25.0,,,0.0,0.003022461225922478,15
hashtags,hashtag:santiagouno,25.0,,,0.0,0.003022461225922478,15
hashtags,hashtag:sanvalent,19.0,,,2.2270916541931717e-08,0.005038875098580248,1
hashtags,hashtag:sanvalentin,48.0,,,0.0015160898416040703,0.04153186996414647,1
hashtags,hashtag:sanvalentin2023,18.0,,,8.908366616772687e-09,0.004984789604050421,1
hashtags,hashtag:sanvalentin2024,16.0,,,0.0,0.00482179104247625,1
hashtags,hashtag:sanvalentin2025,16.0,,,0.0,0.00482179104247625,1
hashtags,hashtag:saojos,20.0,,,0.0,0.000974078637967859,6
hashtags,hashtag:saojosedoriopreto,20.0,,,0.0,0.000974078637967859,6
hashtags,hashtag:sap,14.0,,,0.0,0.005251204139780656,1
hashtags,hashtag:sarcasm,8.0,,,0.0,0.0030560863442680654,0
hashtags,hashtag:satanael,4.0,,,0.0,0.00042625579261610345,0
hashtags,hashtag:satanaelnoessatan,4.0,,,0.0,0.00042625579261610345,0
hashtags,hashtag:saude,20.0,,,0.0,0.000974078637967859,6
hashtags,hashtag:saudedohomem,27.0,,,3.9769334823123015e-05,0.0010925162588448416,6
hashtags,hashtag:saudeemocional,21.0,,,0.00030878453875344343,0.008931974493798265,2
hashtags,hashtag:saudefeminina,3.0,,,0.0,0.0012138024358715098,3
hashtags,hashtag:saudemasculina,27.0,,,0.0001623271193032817,0.001418113926929248,6
hashtags,hashtag:saudemasculinaemfoco,20.0,,,0.0,0.000974078637967859,6
hashtags,hashtag:saudemental,49.0,,,0.0007228122084208216,0.012149161673134592,2
hashtags,hashtag:saudementaldohomem,13.0,,,0.0,0.004370145978356094,2
hashtags,hashtag:saudementalmasculina,17.0,,,0.0,0.0064498333144806935,2
hashtags,hashtag:sauvage,14.0,,,0.0,0.0015190214234973365,3
hashtags,hashtag:sayitloud,16.0,,,0.0,0.000810145396976888,8
hashtags,hashtag:scale132,23.0,,,0.0,0.006190230292524388,11
hashtags,hashtag:scienceupfirst,3.0,,,3.563346646709075e-08,5.117887326166561e-36,67
hashtags,hashtag:scott,32.0,,,1.0436703253370697e-06,0.001891081663786306,6
hashtags,hashtag:scottcody204,32.0,,,1.0436703253370697e-06,0.001891081663786306,6
hashtags,hashtag:scraches,28.0,,,2.3884949625811886e-07,0.032123845823620614,1
hashtags,hashtag:screwai,4.0,,,0.0,3.440568619982516e-05,8
hashtags,hashtag:scruff,28.0,,,6.778669294684197e-07,0.0012496235786019184,6
hashtags,hashtag:seanastin,3.0,,,0.0,6.698819627367348e-05,8
hashtags,hashtag:secondhalf,6.0,,,0.0,0.0012903689436707983,7
hashtags,hashtag:secretar,4.0,,,0.0,0.0006049749521676937,1
hashtags,hashtag:secreto,4.0,,,0.0,0.0020681097706067688,0
hashtags,hashtag:secretobancario,13.0,,,0.0,0.0006675454152084491,4
hashtags,hashtag:secretshot,13.0,,,0.0,0.000449091063067712,26
hashtags,hashtag:securitycam,3.0,,,0.0,3.386525887699783e-05,8
hashtags,hashtag:sed,28.0,,,0.0,0.012811568554774716,0
hashtags,hashtag:sedu,146.0,,,0.003831778183551432,0.011671124861930811,2
hashtags,hashtag:seduc,26.0,,,0.0,0.002208318808576678,2
hashtags,hashtag:seducao,7.0,,,0.0,0.0023748387434593204,2
hashtags,hashtag:seducaomasculina,4.0,,,0.0,0.0005696383181002425,2
hashtags,hashtag:seducc,6.0,,,9.471079875413489e-05,0.001642095850518007,6
hashtags,hashtag:seducci,94.0,,,0.0037977279294195408,0.06867444421478469,1
hashtags,hashtag:seduccion,173.0,,,0.01081057617912348,0.0495458738925774,0
hashtags,hashtag:seduccionalfa,19.0,,,0.0,0.002274614306889274,0
hashtags,hashtag:seduccionconsciente,19.0,,,0.0,0.002274614306889274,0
hashtags,hashtag:seduccionelegante,6.0,,,0.0,0.00048320964049395194,0
hashtags,hashtag:seduccionenpareja,13.0,,,0.0,0.00490461607066073,0
hashtags,hashtag:seduccionfemenina,93.0,,,0.02075754850283848,0.012068542398321645,0
hashtags,hashtag:seduccioninteligente,10.0,,,0.0,0.003481520635022841,0
hashtags,hashtag:seduccionmaestra,19.0,,,0.0,0.004270595091589306,0
hashtags,hashtag:seduccionmasculina,19.0,,,0.0,0.004270595091589306,0
hashtags,hashtag:seduccionmental,21.0,,,1.948900188351991e-06,0.0014495292963733928,19
hashtags,hashtag:seduccionmujeres,11.0,,,4.5599986334740055e-06,0.0018542536708551658,0
hashtags,hashtag:seduccionoscura,20.0,,,0.0,0.0014348433296723347,19
hashtags,hashtag:seduccionoscurayjuegosmentales,19.0,,,0.0,0.0010441234690245391,19
hashtags,hashtag:seduccionpsicologica,21.0,,,1.948900188351991e-06,0.0014495292963733928,19
hashtags,hashtag:seducciontotal,17.0,,,0.00021278032098654199,0.006011041338289314,0
hashtags,hashtag:seducción2025,19.0,,,0.0,0.002274614306889274,0
hashtags,hashtag:seducesinhablar,6.0,,,0.0,0.00048320964049395194,0
hashtags,hashtag:seducion,5.0,,,0.0,0.0016055694229531645,0
hashtags,hashtag:seducir,56.0,,,0.0005948992488465268,0.024332907270349185,0
hashtags,hashtag:seducircon,28.0,,,0.0,0.012811568554774718,0
hashtags,hashtag:seducirconestilo,9.0,,,0.0,0.0010153052432572405,6
hashtags,hashtag:seducirla,20.0,,,4.302510805279431e-06,0.008793313987769768,0
hashtags,hashtag:seduction,59.0,,,1.4337288469573807e-05,0.018009673252692256,5
hashtags,hashtag:seductor,67.0,,,0.001601251747927694,0.024132718129565075,0
hashtags,hashtag:seductores,42.0,,,0.0004782034524459295,0.0120460435216169,0
hashtags,hashtag:seductoroscuro,21.0,,,1.948900188351991e-06,0.0014495292963733928,19
hashtags,hashtag:sedutornato,18.0,,,0.0,0.0011372225496390457,2
hashtags,hashtag:seduzir,23.0,,,0.0,0.0041737011620494304,2
hashtags,hashtag:seekingpeace,4.0,,,0.0,0.0024183266162760807,1
hashtags,hashtag:segredodospatterns,19.0,,,0.0,0.0008356462349161245,2
hashtags,hashtag:segredosdaatra,9.0,,,0.0,0.0008297025791246145,32
hashtags,hashtag:segredosdaconquista,30.0,,,4.6940448498449535e-05,0.0022344059738773152,2
hashtags,hashtag:segredosdapaix,19.0,,,0.0,0.001180046404754835,2
hashtags,hashtag:segredosmasculinos,19.0,,,0.0,0.001180046404754835,2
hashtags,hashtag:seguidores,2.0,,,0.0,0.0017423187295726383,0
hashtags,hashtag:seguidores_ganhe0,18.0,,,0.0,0.005189216812161583,4
hashtags,hashtag:seguridadciudadana,12.0,,,0.0,0.001459759038167514,4
hashtags,hashtag:seguridadfemenina,4.0,,,0.0,0.0001798372260177484,0
hashtags,hashtag:seguridadhemisferica,18.0,,,0.0,0.0017670106243526805,4
hashtags,hashtag:seguridadinterior,20.0,,,0.0016094965451696717,0.0025856071201514393,4
hashtags,hashtag:seguridadnacional,18.0,,,0.0,0.0017670106243526805,4
hashtags,hashtag:seguridadpersonal,12.0,,,0.0,0.00983833020392229,0
hashtags,hashtag:sejaseumelhor,21.0,,,0.0,0.0017937342915913827,2
hashtags,hashtag:selecci,21.0,,,0.00042309048655173406,0.002880010021323314,3
hashtags,hashtag:selfawakening,14.0,,,0.0,0.0028262192699850157,7
hashtags,hashtag:selfawareness,9.0,,,0.0,0.0025630684276999184,5
hashtags,hashtag:selfcare,7.0,,,0.0,0.005053313459508583,7
hashtags,hashtag:selfdiscipline,4.0,,,0.0,0.0023339092391940915,29
hashtags,hashtag:selffocus,9.0,,,1.730768371258693e-08,0.005234702156840553,7
hashtags,hashtag:selfhelpbooks,52.0,,,1.286733167259001e-05,0.01662720559984666,5
hashtags,hashtag:selfhelpquotes,29.0,,,0.0,0.008368770534187489,5
hashtags,hashtag:selfimprovement,58.0,,,0.00034774917620698895,0.014432911543065915,5
hashtags,hashtag:selfish,4.0,,,0.0,0.002424449059116477,7
hashtags,hashtag:selflove,33.0,,,8.366882627337111e-05,0.01270384019449942,5
hashtags,hashtag:selfmade,8.0,,,6.391042616400147e-06,0.0017389451325880519,5
hashtags,hashtag:selfmastery,12.0,,,0.0,0.0033545432706420988,5
hashtags,hashtag:selfprotection,19.0,,,0.0,0.003490090842055938,5
hashtags,hashtag:selfrespect,51.0,,,0.0033498786185573747,0.009577611878113864,5
hashtags,hashtag:sentencia,22.0,,,4.926839313128735e-05,0.0012695311834278172,4
hashtags,hashtag:sentenciaejemplar,9.0,,,0.0,0.0029865970708739305,1
hashtags,hashtag:sep9,22.0,,,0.0,0.02321365044537653,1
hashtags,hashtag:separaci,4.0,,,0.0,0.0007280513583753621,2
hashtags,hashtag:septiembre9,21.0,,,0.0,0.025786262284153597,1
hashtags,hashtag:sepuede,28.0,,,0.0,0.0056091645620098786,9
hashtags,hashtag:ser,9.0,,,9.107686462326229e-05,0.00495878196326544,3
hashtags,hashtag:seramada,3.0,,,0.0,0.0007713136045686858,2
hashtags,hashtag:seraspolicia,21.0,,,0.0,0.0007781466895648228,17
hashtags,hashtag:serdeluz,8.0,,,2.3002637216845842e-08,0.004841545717842613,1
hashtags,hashtag:serencalma,18.0,,,0.0,0.00413600993287865,2
hashtags,hashtag:serenidadmascuina,29.0,,,0.0,0.009003900771292924,0
hashtags,hashtag:seres8,6.0,,,0.0,0.004501116473742661,2
hashtags,hashtag:serfemenino,26.0,,,0.0,0.010970178532807436,1
hashtags,hashtag:serhombre,26.0,,,0.0,0.010970178532807436,1
hashtags,hashtag:serhombrehoy,5.0,,,0.0,0.001066207128962703,2
hashtags,hashtag:serhombres,14.0,,,0.0,0.008114484751477271,1
hashtags,hashtag:serliberal,14.0,,,0.0,0.0015190214234973365,3
hashtags,hashtag:sermasculino,18.0,,,4.284943782289872e-06,0.00907701133065512,0
hashtags,hashtag:sermejorhombre,29.0,,,0.0,0.014871641971113308,0
hashtags,hashtag:sermulher,18.0,,,0.0,0.002054793708970469,3
hashtags,hashtag:sermulhernobrasil,4.0,,,0.0,0.0011052152051098066,3
hashtags,hashtag:serpadre,28.0,,,0.0,0.00610954442222753,2
hashtags,hashtag:serpensarfacturar,4.0,,,0.0,0.0012690976993722947,8
hashtags,hashtag:serviciomilitar,21.0,,,0.0,0.020386600093056772,1
hashtags,hashtag:serviciomilitarobligatorio,21.0,,,0.0,0.020386600093056772,1
hashtags,hashtag:serviciopremiumhombres,22.0,,,0.0,0.001825321740391951,20
hashtags,hashtag:serviciosgdl,10.0,,,0.0,0.005835780435078432,1
hashtags,hashtag:sessismo,26.0,,,0.0,0.007591111378626351,6
hashtags,hashtag:setumismo,29.0,,,0.0,0.014871641971113308,0
hashtags,hashtag:sevaacaer,30.0,,,4.357436887419025e-05,0.01927822156906263,1
hashtags,hashtag:sexismo,35.0,,,9.647440361425551e-07,0.024921829178611243,1
hashtags,hashtag:sexo,16.0,,,0.0,0.008859849435996834,0
hashtags,hashtag:sexoeoutrasneuroses,19.0,,,0.0,0.00557805947686861,3
hashtags,hashtag:sexolog,10.0,,,0.0,0.0031026035748864807,2
hashtags,hashtag:sexolovers,4.0,,,0.0,0.00040095851077941457,6
hashtags,hashtag:sextou,3.0,,,0.0,0.0023413114458224536,1
hashtags,hashtag:sexualhealth,17.0,,,0.0,0.0014845228483459918,6
hashtags,hashtag:sexualidad,30.0,,,0.00015261487985872334,0.024501406799612067,1
hashtags,hashtag:sexualidadconsciente,8.0,,,0.00010491308289085347,0.003311756530041358,0
hashtags,hashtag:sexualidades,26.0,,,0.0,0.010970178532807436,1
hashtags,hashtag:sexualidadesdiferentes,26.0,,,0.0,0.010970178532807436,1
hashtags,hashtag:sexualmarketvalue,9.0,,,0.0,0.005234845347944675,7
hashtags,hashtag:sexualpowerman,6.0,,,0.0,0.0007958127526568995,6
hashtags,hashtag:sexymen,42.0,,,0.0007392841694460695,0.0024363354658530714,6
hashtags,hashtag:shambhalamindfulness,13.0,,,0.0,0.005309454112067136,0
hashtags,hashtag:shamingtactics,8.0,,,0.0,0.005150542089882451,7
hashtags,hashtag:shantinilaya,4.0,,,0.0,0.0009302865044154347,0
hashtags,hashtag:shappe_d_rua,4.0,,,9.99606679443118e-07,0.0027109102124172114,3
hashtags,hashtag:sheilabrito,4.0,,,0.0,0.0033597360104336777,0
hashtags,hashtag:shelonabel,2.0,,,0.0,0.0003893547383015619,6
hashtags,hashtag:shemprendedoras,29.0,,,1.27721450518398e-05,0.008048057194710453,9
hashtags,hashtag:sheylalopez,9.0,,,0.0,0.0006890940902538128,4
hashtags,hashtag:shitpost,27.0,,,0.0,0.003217382740388362,2
hashtags,hashtag:shitposting,25.0,,,0.0,0.0043000529664691456,5
hashtags,hashtag:shortmauricinho,4.0,,,0.0,0.000554007315990359,6
hashtags,hashtag:shortpremium,4.0,,,0.0,0.000554007315990359,6
hashtags,hashtag:shorts,4.0,,,0.0,0.0018734705855622154,5
hashtags,hashtag:showcar,6.0,,,9.502257724557533e-08,3.545354990641456e-05,8
hashtags,hashtag:showdeaprova,3.0,,,0.0,0.00047002412054392823,2
hashtags,hashtag:shubhanshu_vibes,19.0,,,0.0,0.006401817911691525,5
hashtags,hashtag:sicheresdating,5.0,,,0.0,3.488970728540945e-05,8
hashtags,hashtag:sicilia,4.0,,,0.0,0.0020064020943749497,3
hashtags,hashtag:sicolog,4.0,,,0.0,0.0002439092351753212,0
hashtags,hashtag:sigma,164.0,,,0.011801943109074706,0.0745017236169807,1
hashtags,hashtag:sigma150600,4.0,,,0.0,0.002252276199629892,1
hashtags,hashtag:sigmaart,4.0,,,0.0,0.002252276199629892,1
hashtags,hashtag:sigmabeauty,4.0,,,0.0,0.002252276199629892,1
hashtags,hashtag:sigmagrindset,4.0,,,0.0,0.0022721451714890198,1
hashtags,hashtag:sigmalife,4.0,,,0.0,0.0022721451714890198,1
hashtags,hashtag:sigmamale,317.0,,,0.05537026107318651,0.0789140099194252,1
hashtags,hashtag:sigmamindset,10.0,,,0.00013312296510035676,0.0036250766954271873,0
hashtags,hashtag:sigmarule,4.0,,,2.3755644311393832e-08,0.0022559661140746207,1
hashtags,hashtag:siguealconejoblanco,12.0,,,0.0,0.004090898829666082,1
hashtags,hashtag:sigueme,18.0,,,0.0,0.005189216812161583,4
hashtags,hashtag:silencespeaks,4.0,,,0.0,0.001175780482457537,65
hashtags,hashtag:silencio,11.0,,,4.5620915018007065e-06,0.0009870258115662477,0
hashtags,hashtag:silencioepoder,16.0,,,0.0,0.0024766368396782644,2
hashtags,hashtag:silenciomasculino,4.0,,,0.0,0.00034998393502284344,0
hashtags,hashtag:silentmoves,3.0,,,0.0,0.0011827039004310943,5
hashtags,hashtag:silverspejo,4.0,,,0.0,0.0015058293471991566,1
hashtags,hashtag:silviafederici,19.0,,,0.0,0.00557805947686861,3
hashtags,hashtag:simonedebeauvoir,4.0,,,0.0,0.0035402404237922713,3
hashtags,hashtag:simp,71.0,,,5.463979241625271e-05,0.06728319139870537,1
hashtags,hashtag:simplevas,6.0,,,0.0,0.000908007273399044,6
hashtags,hashtag:simps,14.0,,,0.0,0.005726640296193288,7
hashtags,hashtag:sinalarmas,15.0,,,0.0,0.001961199083545065,0
hashtags,hashtag:sincortapisa,15.0,,,0.0,0.0006089113598757514,4
hashtags,hashtag:sinergia,4.0,,,0.0,0.0008783343014819566,0
hashtags,hashtag:sinexcusas,27.0,,,0.00013057028859114864,0.008037219037378602,0
hashtags,hashtag:sinfiltro,25.0,,,0.0,0.003022461225922478,15
hashtags,hashtag:sinfiltros,4.0,,,0.0,0.0013300621974510326,2
hashtags,hashtag:sinjefes,20.0,,,3.6354009527504136e-05,0.004662517661901743,0
hashtags,hashtag:sinjefessinalarmas,15.0,,,0.0,0.0016346725603620137,0
hashtags,hashtag:sinjuicios,22.0,,,0.0,0.001825321740391951,20
hashtags,hashtag:sinlimites,9.0,,,0.0,0.005057061531798175,0
hashtags,hashtag:sinmiedo,4.0,,,0.0,0.0012661674830273496,0
hashtags,hashtag:sinmiedoaseryo,19.0,,,0.0,0.005140422313732876,0
hashtags,hashtag:sinmiedos,5.0,,,0.0,0.0023151374881669805,0
hashtags,hashtag:sinnecesidad,4.0,,,0.0,0.0012876921618710277,0
hashtags,hashtag:sinpermiso,6.0,,,0.0,0.0014039118348871092,0
hashtags,hashtag:sintabues,19.0,,,0.0,0.005446289746599712,0
hashtags,hashtag:sinton,4.0,,,0.0,0.0008783343014819567,0
hashtags,hashtag:sinverguenza,3.0,,,0.0,0.0016534128918133239,3
hashtags,hashtag:sionismo,4.0,,,0.0,0.0009202115834128602,1
hashtags,hashtag:sirarthurconandoyle,11.0,,,0.0,0.0013090598238143186,28
hashtags,hashtag:sistemadejusticia,8.0,,,0.0,0.006728534795641265,1
hashtags,hashtag:sistemainjusto,27.0,,,0.0,0.006196224240590878,1
hashtags,hashtag:sistemajudicial,13.0,,,1.3173753223779424e-06,0.0022607199312400547,4
hashtags,hashtag:sistemapenal,4.0,,,0.0,0.0005618340105031987,4
hashtags,hashtag:sistemapenitenciario,8.0,,,0.0,0.006728534795641265,1
hashtags,hashtag:sistemaprisional,4.0,,,0.0,0.0011024483593433901,3
hashtags,hashtag:skaldvox,4.0,,,0.0,0.0026762141588676895,5
hashtags,hashtag:skandalon,10.0,,,0.0,0.0025579670246815064,7
hashtags,hashtag:sketchbook,3.0,,,0.0,0.00230303563327727,7
hashtags,hashtag:skincareroutine,4.0,,,0.0,0.0028007097314509026,0
hashtags,hashtag:skincarerutina,4.0,,,0.0,0.00040095851077941457,6
hashtags,hashtag:slangjepang,7.0,,,0.0,0.001230794741845622,45
hashtags,hashtag:sleepwell,4.0,,,0.0,0.002391242230189453,5
hashtags,hashtag:slewfoot,13.0,,,0.0,0.0019330768981563426,3
hashtags,hashtag:slewfootataleofbewitchery,13.0,,,0.0,0.0019330768981563426,3
hashtags,hashtag:slewfootbybrom,13.0,,,0.0,0.0019330768981563426,3
hashtags,hashtag:slowliving,18.0,,,1.3362549925159032e-08,0.0015714466323830585,22
hashtags,hashtag:soberan,8.0,,,0.0,0.004672105553110154,3
hashtags,hashtag:soberaniapersonal,22.0,,,5.2288240110825955e-05,0.0023329576207759763,0
hashtags,hashtag:socializacionmasculina,2.0,,,0.0,0.0010705491342617277,3
hashtags,hashtag:socialreality,6.0,,,0.0,0.0031278590137714286,5
hashtags,hashtag:sociedad,5.0,,,0.0,0.006018096708785039,1
hashtags,hashtag:sociedadhipocrita,27.0,,,0.0,0.005106123386349361,18
hashtags,hashtag:sociedadpodrida,29.0,,,0.0,0.03489291142231954,1
hashtags,hashtag:sociologia,15.0,,,0.0001695212376671438,0.007906126959329664,2
hashtags,hashtag:sofrimento,20.0,,,0.0,0.0038796869927010982,2
hashtags,hashtag:softgirlstyle,4.0,,,0.0,0.001297367129202731,0
hashtags,hashtag:softlife,4.0,,,0.0,0.0012885235067206515,6
hashtags,hashtag:soledad,25.0,,,4.85011646038646e-05,0.010217627909728175,2
hashtags,hashtag:soledadfemenina,15.0,,,0.0,0.004898145520281152,2
hashtags,hashtag:soledadhombres,19.0,,,0.0,0.0035953798256476025,0
hashtags,hashtag:soledadmasculina,281.0,,,0.03274146949467553,0.04319700983469466,2
hashtags,hashtag:solen8,4.0,,,0.0,0.0017204162528428155,3
hashtags,hashtag:solid,26.0,,,0.00034851001171879836,0.005949987019204039,2
hashtags,hashtag:solidaridad,10.0,,,0.0,0.0036993691094859785,1
hashtags,hashtag:solidariedade,11.0,,,0.0,0.001485626643091797,3
hashtags,hashtag:solitude,4.0,,,0.0,0.0011052152051098066,3
hashtags,hashtag:soloparahombres,11.0,,,0.0,0.005393490305740553,0
hashtags,hashtag:solos,4.0,,,0.0,0.004032695771706765,3
hashtags,hashtag:solosiessi,3.0,,,0.0,0.001086264614498205,3
hashtags,hashtag:solsticio,4.0,,,0.0,0.0008795961457400572,0
hashtags,hashtag:solsticiodeverano,3.0,,,0.0,0.0008356342127742693,0
hashtags,hashtag:solsticioverano,4.0,,,0.0,0.001470382279020056,0
hashtags,hashtag:solteira,3.0,,,0.0,0.0007686930060921733,2
hashtags,hashtag:solter,9.0,,,0.0,0.006270676990137518,2
hashtags,hashtag:soltera,2.0,,,0.0,0.0012295242418909715,0
hashtags,hashtag:somosbuenos,11.0,,,0.0,0.002929269798068679,5
hashtags,hashtag:somosletras,8.0,,,2.1225529527956013e-05,0.0011675649227422,39
hashtags,hashtag:somosnenesbuenos,2.0,,,0.0,0.0005133461339605261,1
hashtags,hashtag:somosperros,32.0,,,1.0436703253370697e-06,0.001891081663786306,6
hashtags,hashtag:somosvictimas,3.0,,,0.0,0.0013811092393328833,1
hashtags,hashtag:sonhos,20.0,,,0.0,0.0006263866220906295,16
hashtags,hashtag:sonhospossiveis,20.0,,,0.0,0.0006263866220906295,16
hashtags,hashtag:sonrie,28.0,,,0.0,0.0056091645620098786,9
hashtags,hashtag:sororidad,24.0,,,0.00023388844454169525,0.009534340765351326,3
hashtags,hashtag:sostenerlavida,4.0,,,0.0,0.0009302865044154347,0
hashtags,hashtag:sostenibilidad,45.0,,,8.699231653556712e-05,0.019421280072003902,1
hashtags,hashtag:sovereignleader,6.0,,,0.0,0.0012903689436707983,7
hashtags,hashtag:soycompleta,19.0,,,0.0,0.005140422313732876,0
hashtags,hashtag:soyexitosa,4.0,,,0.0,0.0012661674830273496,0
hashtags,hashtag:soyfeliz,28.0,,,0.0,0.0056091645620098786,9
hashtags,hashtag:soyhombre,75.0,,,0.0001419713662518545,0.07338245204781184,1
hashtags,hashtag:soylector,12.0,,,0.0,0.0019289188752730226,21
hashtags,hashtag:soylectorelmundo,12.0,,,0.0,0.0019289188752730226,21
hashtags,hashtag:soymiprioridad,4.0,,,0.0,0.0013160744589242386,0
hashtags,hashtag:soymujerantifeminista,9.0,,,2.1682301617106996e-05,0.0036994975093738456,1
hashtags,hashtag:soypap,44.0,,,0.0010334205280426935,0.007013395563826161,1
hashtags,hashtag:soypapanocriminal,8.0,,,0.0,0.0016339258544709882,1
hashtags,hashtag:spain,4.0,,,0.0,3.4369850946267235e-05,8
hashtags,hashtag:spiritualawakening,14.0,,,0.0,0.0028262192699850157,7
hashtags,hashtag:spiritualgrowth,14.0,,,0.0,0.0028262192699850157,7
hashtags,hashtag:spirituality,48.0,,,9.875669394488759e-06,0.015882152452471814,5
hashtags,hashtag:spiritualwisdom,3.0,,,0.0,0.0022929367221573185,1
hashtags,hashtag:spoon,4.0,,,0.0,3.4369850946267235e-05,8
hashtags,hashtag:spoonsports,4.0,,,0.0,3.4369850946267235e-05,8
hashtags,hashtag:spoonsportstypeone,4.0,,,0.0,3.4369850946267235e-05,8
hashtags,hashtag:sportbikelife,20.0,,,0.0,0.0006263866220906295,16
hashtags,hashtag:sportingkansascity,4.0,,,0.0,0.0023888512544513857,69
hashtags,hashtag:sportsdating,17.0,,,0.0,9.986825658988697e-05,8
hashtags,hashtag:spotingplanes,4.0,,,0.0,0.0023888512544513857,62
hashtags,hashtag:sprezza,29.0,,,0.0,0.012572692723672164,5
hashtags,hashtag:stalkarazzi,9.0,,,0.0,3.713652007067306e-05,8
hashtags,hashtag:stalkersaraitu,26.0,,,0.0,0.007591111378626351,6
hashtags,hashtag:standfabrication,3.0,,,0.0,0.0022929367221573185,1
hashtags,hashtag:starsingles,5.0,,,0.0,3.488970728540945e-05,8
hashtags,hashtag:startups,16.0,,,0.0,0.005680240609278582,9
hashtags,hashtag:starz,29.0,,,0.0,0.012307097686539942,5
hashtags,hashtag:stayraw,4.0,,,0.0,0.001175780482457537,63
hashtags,hashtag:staywoke,4.0,,,0.0,3.4369850946267235e-05,8
hashtags,hashtag:stephanyruizruiz,3.0,,,0.0,0.0008294628188252311,0
hashtags,hashtag:stilettoart,13.0,,,0.0,0.000449091063067712,26
hashtags,hashtag:stoic,59.0,,,4.4333975353636104e-05,0.017513077087335724,5
hashtags,hashtag:stoicism,43.0,,,4.5166681858304764e-05,0.01239383643818084,5
hashtags,hashtag:stoicphilosophy,47.0,,,3.056972261488771e-05,0.01515177478738318,5
hashtags,hashtag:stop,19.0,,,2.2270916541931717e-08,0.00503887509858025,1
hashtags,hashtag:stop_livg,9.0,,,0.0,0.003111722734937318,1
hashtags,hashtag:stopalienacionparental,11.0,,,1.7310951704529578e-05,0.0014618236624775838,1
hashtags,hashtag:stopalineacionparental,4.0,,,0.0,0.0012700319996393785,7
hashtags,hashtag:stopcarnetsdemaltratadaafalsasvictimas,4.0,,,0.0,0.0010142118821720467,64
hashtags,hashtag:stopdenunciasfalsas,427.0,,,0.053051525919453404,0.06807710108608414,1
hashtags,hashtag:stopdenunciasfalsasdeviolenciadegenero,45.0,,,0.0002307570580505064,0.009238227001229213,1
hashtags,hashtag:stopdenunciasfalsasviogen,8.0,,,1.7514445867317895e-05,0.002050695527573183,1
hashtags,hashtag:stopdenunciasinstrumentales,2.0,,,0.0,0.0012978219797335653,1
hashtags,hashtag:stopdifamaciondelhombre,29.0,,,1.4253386586836302e-07,0.006712454774005588,11
hashtags,hashtag:stopexploitinganimals,4.0,,,0.0,0.002338285828373539,7
hashtags,hashtag:stopfalsasdenuncias,47.0,,,0.00013804452618920935,0.01050308338437347,1
hashtags,hashtag:stopfalseallegations,4.0,,,0.0,0.0010142118821720469,64
hashtags,hashtag:stopfamiliasmaltratadas,15.0,,,0.0,0.0070786613185581096,1
hashtags,hashtag:stopfanatismoreligioso,6.0,,,6.104724284382874e-08,0.00129077576749591,1
hashtags,hashtag:stopfeminazis,64.0,,,0.00014335669294555307,0.021514436677329454,1
hashtags,hashtag:stopligv,2.0,,,0.0,0.000985070875641848,1
hashtags,hashtag:stopmaltratoinfantil,4.0,,,0.0,0.0012051570135010838,1
hashtags,hashtag:stopmentirosas,24.0,,,0.0,0.010149805316501262,1
hashtags,hashtag:stopsap,4.0,,,0.0,0.0012700319996393785,7
hashtags,hashtag:stopsimping,14.0,,,0.0,0.005726640296193288,7
hashtags,hashtag:stopsuicidios,3.0,,,0.0,0.001105515557753111,1
hashtags,hashtag:stoptheabuse,16.0,,,0.0,0.004993598619449174,23
hashtags,hashtag:stopviogen,2.0,,,0.0,0.000985070875641848,1
hashtags,hashtag:stopviolencia,14.0,,,0.0,0.007875789893429507,1
hashtags,hashtag:stopviolenciaalhombre,24.0,,,0.0,0.010149805316501262,1
hashtags,hashtag:stopviolenciacontraloshombres,29.0,,,1.4253386586836302e-07,0.006712454774005588,11
hashtags,hashtag:stopviolenciahembrista,24.0,,,0.0,0.010149805316501262,1
hashtags,hashtag:stopviolenciainstitucional,2.0,,,0.0,0.001084669279914381,1
hashtags,hashtag:stopviolenciainstitucionalalhombre,29.0,,,1.4253386586836302e-07,0.006712454774005588,11
hashtags,hashtag:stopwoke,17.0,,,1.4965435156670961e-05,0.007030342646866966,1
hashtags,hashtag:storytime,4.0,,,0.0,3.437684820214778e-05,8
hashtags,hashtag:stpaul,10.0,,,0.0,0.0025579670246815064,7
hashtags,hashtag:straighttalk,2.0,,,0.0,3.4330397078586264e-05,8
hashtags,hashtag:strategies,29.0,,,0.0,0.010932546935428578,5
hashtags,hashtag:strategiesofwar,41.0,,,1.2435930400952508e-06,0.014933995023624712,5
hashtags,hashtag:strategy,29.0,,,0.0,0.012307097686539942,5
hashtags,hashtag:strengthineverystep,4.0,,,0.0,3.4369850946267235e-05,8
hashtags,hashtag:stress,4.0,,,0.0,0.0006814580160703784,0
hashtags,hashtag:strongfitness,4.0,,,0.0,0.0006239672140899519,6
hashtags,hashtag:stupidliberals,28.0,,,0.0,0.005106888786422563,10
hashtags,hashtag:style,40.0,,,0.0012290560728945715,0.0062565936907675295,5
hashtags,hashtag:styleinspiration,3.0,,,0.0,0.00039507143657026186,6
hashtags,hashtag:suances,6.0,,,0.0,0.0011792283771182143,1
hashtags,hashtag:subedenivel,28.0,,,0.0,0.012811568554774718,0
hashtags,hashtag:subirdenivel,28.0,,,0.0,0.012811568554774718,0
hashtags,hashtag:subvencionesdelestado,12.0,,,0.0,0.004090898829666082,1
hashtags,hashtag:success,76.0,,,0.0002846933389646753,0.022644694506181923,5
hashtags,hashtag:successmindset,29.0,,,0.0,0.006437785019358633,5
hashtags,hashtag:sucesos,16.0,,,0.0,0.00058520670646861,4
hashtags,hashtag:sucesso,24.0,,,3.7235791954931454e-06,0.0042042173894191156,2
hashtags,hashtag:sucessomasculino,41.0,,,3.255846742049082e-05,0.003741730426074695,2
hashtags,hashtag:sucessopessoal,41.0,,,3.255846742049082e-05,0.003741730426074695,2
hashtags,hashtag:sue,28.0,,,0.0,0.0056091645620098786,9
hashtags,hashtag:sufragistas,21.0,,,0.0,0.020386600093056772,1
hashtags,hashtag:sufrimiento,20.0,,,0.0,0.0038796869927010982,2
hashtags,hashtag:sugarbabe,10.0,,,0.0,0.002671622407986138,4
hashtags,hashtag:sugarbaby,10.0,,,0.0,0.002671622407986138,4
hashtags,hashtag:sugardating,9.0,,,0.0,0.0003462573596021948,3
hashtags,hashtag:sugarsmasreales,9.0,,,0.0,0.0003462573596021948,3
hashtags,hashtag:suicidio,30.0,,,4.1835065939899513e-07,0.01766641154877803,1
hashtags,hashtag:sundayvibes,16.0,,,0.0,0.0015284624220459964,22
hashtags,hashtag:sunnysunday,4.0,,,0.0,0.0023888512544513857,73
hashtags,hashtag:suntzu,29.0,,,0.0,0.008368770534187489,5
hashtags,hashtag:supera,43.0,,,0.00016209800800563007,0.0025760476966622766,2
hashtags,hashtag:superaci,28.0,,,0.0,0.013358774519492857,0
hashtags,hashtag:superacion,71.0,,,0.00044471632450182103,0.03392408845771264,0
hashtags,hashtag:superaciondiaria,49.0,,,6.347126636279428e-05,0.02360089093618581,0
hashtags,hashtag:superacionmasculina,319.0,,,0.015474282659546689,0.07866217180178371,0
hashtags,hashtag:superacionpersonal,99.0,,,0.0007068232780195033,0.04367180109326069,0
hashtags,hashtag:superar,9.0,,,0.0,0.004591782402417298,5
hashtags,hashtag:superarsoledad,19.0,,,0.0,0.004319598470167964,2
hashtags,hashtag:superatusl,28.0,,,0.0,0.013358774519492857,0
hashtags,hashtag:superhombre,4.0,,,0.0,0.0014053264590831146,4
hashtags,hashtag:supervis,2.0,,,0.0,0.0012285517551117171,3
hashtags,hashtag:supervisaoclinica,2.0,,,0.0,0.0012285517551117171,3
hashtags,hashtag:suplementacao,4.0,,,0.0,0.0004413232964007778,6
hashtags,hashtag:suplemento,4.0,,,0.0,0.0006284516257421685,6
hashtags,hashtag:suplementonatural,4.0,,,0.0,0.001008417272395924,6
hashtags,hashtag:suplementos,4.0,,,0.0,0.00043276579266866497,6
hashtags,hashtag:suplementosnaturais,6.0,,,0.0,0.0007539810662175623,2
hashtags,hashtag:suplementosnaturales,9.0,,,0.0,0.0006090649411484109,6
hashtags,hashtag:suplementosrd,2.0,,,0.0,0.0006138128127930083,0
hashtags,hashtag:supraremente,6.0,,,0.0,0.005616409696511564,0
hashtags,hashtag:suspensionprovisional,19.0,,,0.0,0.001693421732041801,4
hashtags,hashtag:sustentabilidad,31.0,,,1.580820150534792e-05,0.007443606607042306,9
hashtags,hashtag:sutilezasyextra,4.0,,,0.0,0.0007924440127539154,2
hashtags,hashtag:swag,26.0,,,0.0003321924391420511,0.005953677521537233,5
hashtags,hashtag:swaglook,4.0,,,0.0,0.0011784571746952268,5
hashtags,hashtag:syneidos,3.0,,,0.0,0.0009459255467447991,0
hashtags,hashtag:syntheticperformers,3.0,,,0.0,6.698819627367348e-05,8
hashtags,hashtag:sysbm,18.0,,,7.531091133744375e-06,0.006062899383592049,7
hashtags,hashtag:séelhombre,19.0,,,0.0,0.002274614306889274,0
hashtags,hashtag:t,29.0,,,3.9183106023362304e-05,0.0022814712953559816,2
hashtags,hashtag:tac,9.0,,,0.0,0.0001943153505925278,30
hashtags,hashtag:tacones,13.0,,,0.0,0.000449091063067712,26
hashtags,hashtag:tamaulipas,12.0,,,0.0,0.0019289188752730226,21
hashtags,hashtag:tangahombres,19.0,,,0.0,0.0012963095226286245,6
hashtags,hashtag:tangas,19.0,,,0.0,0.0012963095226286245,6
hashtags,hashtag:tangasmasculinas,19.0,,,0.0,0.0012963095226286245,6
hashtags,hashtag:tareasdecuidado,4.0,,,0.0,0.0015746753411998386,3
hashtags,hashtag:tareckelaissami,10.0,,,0.0,0.002166156540950257,4
hashtags,hashtag:tarot,4.0,,,0.0,0.0009676868649800503,0
hashtags,hashtag:tarragona,15.0,,,0.0,0.0011408961846148455,4
hashtags,hashtag:tattoo,4.0,,,0.0,3.4369850946267235e-05,8
hashtags,hashtag:tatuados,9.0,,,0.0,0.004591782402417298,5
hashtags,hashtag:taurenzyone,4.0,,,0.0,0.0004770286422260567,2
hashtags,hashtag:tazosdorados,4.0,,,0.0,0.0004425240968234761,4
hashtags,hashtag:tdi,4.0,,,0.0,0.003042051133171218,2
hashtags,hashtag:teatropr,6.0,,,0.0,3.986167342901836e-05,42
hashtags,hashtag:tedxamador,6.0,,,0.0,0.005662465530836669,1
hashtags,hashtag:telavanelcerebro,12.0,,,0.0,0.004090898829666082,1
hashtags,hashtag:tellitlikeitis,16.0,,,0.0,0.000810145396976888,8
hashtags,hashtag:temach,15.0,,,2.7629992695541606e-05,0.00675014806876993,0
hashtags,hashtag:temachina,15.0,,,2.439445964732814e-05,0.006088312000115816,0
hashtags,hashtag:temacontroversial,7.0,,,0.0,0.0013416226181462742,4
hashtags,hashtag:temiropap,4.0,,,0.0,0.0009593380374085228,0
hashtags,hashtag:temordedios,6.0,,,0.0,0.00047475590190294403,55
hashtags,hashtag:tenemosquehablar,5.0,,,0.0,0.004237311318976198,1
hashtags,hashtag:tenerife,23.0,,,0.0,0.006190230292524388,11
hashtags,hashtag:teologia,6.0,,,0.0,0.0011417989853095224,3
hashtags,hashtag:teoriafeminista,7.0,,,1.3914258579984006e-05,0.003812065587293546,3
hashtags,hashtag:terapeuta,13.0,,,0.0,0.00490461607066073,0
hashtags,hashtag:terapia,127.0,,,0.00726804727987795,0.0356417517006814,2
hashtags,hashtag:terapiadeangeles,18.0,,,0.0,0.00413600993287865,2
hashtags,hashtag:terapiadecasal,20.0,,,0.0,0.0038796869927010982,2
hashtags,hashtag:terapiadepareja,47.0,,,0.00016682295835801568,0.00981103814230384,2
hashtags,hashtag:terapiagestalt,30.0,,,0.00018723245127919968,0.01333929794370337,2
hashtags,hashtag:terapiaholistica,18.0,,,0.0,0.00413600993287865,2
hashtags,hashtag:terapiaindividual,20.0,,,0.0,0.0038796869927010987,2
hashtags,hashtag:terapiaonline,77.0,,,0.0024987027769060046,0.020151907965565544,2
hashtags,hashtag:terapiaparahombres,23.0,,,6.19258442658446e-05,0.006808118310777173,0
hashtags,hashtag:terapiapsicol,4.0,,,0.0,0.004563579071513388,3
hashtags,hashtag:terapiasist,9.0,,,4.7511288622787665e-08,0.0008479140764512819,0
hashtags,hashtag:tereega,21.0,,,0.0,0.005708093639223287,9
hashtags,hashtag:teresaegana,21.0,,,0.0,0.005708093639223287,9
hashtags,hashtag:territorios,12.0,,,0.0,0.002370476573597174,3
hashtags,hashtag:terror,13.0,,,0.0,0.0019330768981563426,3
hashtags,hashtag:teslaowner,4.0,,,0.0,0.001175780482457537,65
hashtags,hashtag:testimoniosreales,27.0,,,0.0,0.005106123386349361,18
hashtags,hashtag:testo,4.0,,,0.0,0.000674679444158334,0
hashtags,hashtag:testohard,4.0,,,0.0,0.0006239672140899519,6
hashtags,hashtag:testosterona,15.0,,,0.00021433534573902987,0.003934994892384774,0
hashtags,hashtag:testosteronaalta,29.0,,,0.0,0.010968569465788723,0
hashtags,hashtag:teuctliabogados,4.0,,,0.0,0.000566138244221419,4
hashtags,hashtag:texturas,13.0,,,0.0,0.000449091063067712,26
hashtags,hashtag:tfgbv,9.0,,,0.0,3.713652007067306e-05,8
hashtags,hashtag:the,29.0,,,0.0,0.008368770534187489,5
hashtags,hashtag:theactionman,6.0,,,0.0,0.0009282870893613711,0
hashtags,hashtag:thegrindraw,4.0,,,0.0,0.000208277372896964,0
hashtags,hashtag:thematrix,17.0,,,1.5702480889831325e-06,0.002974614816256186,7
hashtags,hashtag:theodorkallifatides,3.0,,,0.0,0.001086264614498205,3
hashtags,hashtag:theonelegend,15.0,,,0.0,0.0005768915918664897,12
hashtags,hashtag:theorderofthings,16.0,,,1.0137017757306147e-05,0.005808751210600709,7
hashtags,hashtag:theredpill,9.0,,,0.0,0.009048098985099713,1
hashtags,hashtag:thermalunderwear,32.0,,,1.0436703253370697e-06,0.001891081663786306,6
hashtags,hashtag:thewall,10.0,,,0.0,0.005326505317842202,7
hashtags,hashtag:thewilltochange,9.0,,,0.0,0.00468781180688532,2
hashtags,hashtag:thomasshelby,4.0,,,0.0,0.001175780482457537,66
hashtags,hashtag:thots,10.0,,,0.0,0.005326505317842202,7
hashtags,hashtag:tickify,3.0,,,0.0,3.386525887699783e-05,8
hashtags,hashtag:tiendaonline,9.0,,,0.0,0.00019519176001668058,13
hashtags,hashtag:tiendasilver,18.0,,,0.0,0.00022765996402525633,13
hashtags,hashtag:tigermentality,3.0,,,0.0,0.002220206806432873,1
hashtags,hashtag:tijuana,17.0,,,0.0,0.0014845228483459918,6
hashtags,hashtag:tiktok,17.0,,,0.0,0.0033837996567075636,7
hashtags,hashtag:tiktokbrasil,10.0,,,0.0,0.0017626622070239391,2
hashtags,hashtag:timandra,3.0,,,0.0,0.001086264614498205,3
hashtags,hashtag:timeisup,16.0,,,0.0,0.005680240609278582,9
hashtags,hashtag:timewaitsfornoone,10.0,,,0.0,0.005326505317842202,7
hashtags,hashtag:timidez,13.0,,,4.507309249097802e-06,0.0030448248570873297,2
hashtags,hashtag:timidezconlasmujeres,9.0,,,0.0,0.0030022192616860413,0
hashtags,hashtag:tinder,48.0,,,0.001692331355116053,0.005160043081714167,3
hashtags,hashtag:tipsdeseduccion,19.0,,,0.0,0.003907469947536529,0
hashtags,hashtag:tipsseductores,16.0,,,0.0,0.008859849435996834,0
hashtags,hashtag:todasomosuna,8.0,,,0.0,0.003783027597036679,3
hashtags,hashtag:todavidaimporta,21.0,,,2.9282858220461618e-05,0.010027640936189106,1
hashtags,hashtag:todosimportan,6.0,,,0.0,0.0017357702645414744,1
hashtags,hashtag:todosloshombres,7.0,,,0.0,0.0019358865635461819,33
hashtags,hashtag:todotienesutiempo,4.0,,,0.0,0.0012661674830273496,0
hashtags,hashtag:togetheragainstmisinformation,2.0,,,0.0,3.995925674907028e-36,67
hashtags,hashtag:tolstoy,29.0,,,0.0,0.010932546935428578,5
hashtags,hashtag:toluca,18.0,,,0.0,0.00413600993287865,2
hashtags,hashtag:tomaralospadres,9.0,,,0.0,0.003623953124380508,0
hashtags,hashtag:tomardetupadre,4.0,,,0.0,0.0009593380374085228,0
hashtags,hashtag:tonicomasculino,9.0,,,0.0,0.0006090649411484109,6
hashtags,hashtag:tonyatsykova,10.0,,,0.0,0.0031026035748864807,2
hashtags,hashtag:top,18.0,,,0.0,0.005189216812161583,4
hashtags,hashtag:top20,4.0,,,0.0,3.4457272339828815e-05,8
hashtags,hashtag:topcolombiaphoto,18.0,,,0.0,0.005189216812161583,4
hashtags,hashtag:topmodels,18.0,,,0.0,0.005189216812161583,4
hashtags,hashtag:tothetop,4.0,,,0.0,3.4369850946267235e-05,8
hashtags,hashtag:toxic,8.0,,,3.687063140301557e-05,0.004813793813410722,7
hashtags,hashtag:toxiccityculture,4.0,,,0.0,0.0005813118911807423,7
hashtags,hashtag:toxicdating,19.0,,,0.0,0.003490090842055938,5
hashtags,hashtag:toxicmasculinity,16.0,,,0.0,0.005476698057000226,5
hashtags,hashtag:trabajo,4.0,,,0.0,0.00110244835934339,3
hashtags,hashtag:trabajodom,11.0,,,0.0,0.006036186802525622,1
hashtags,hashtag:trabajoduro,34.0,,,4.242185188671875e-06,0.018176633365681222,0
hashtags,hashtag:trabajoduroyconstancia,15.0,,,0.0,0.009607057353812612,0
hashtags,hashtag:trabajosocial,10.0,,,0.0,0.0036993691094859785,1
hashtags,hashtag:trabalharemocao,16.0,,,0.0,0.0024766368396782644,2
hashtags,hashtag:trabalho,13.0,,,0.0,0.004370145978356094,2
hashtags,hashtag:trabalhoarduomasculino,16.0,,,0.0,0.0024766368396782644,2
hashtags,hashtag:trad,3.0,,,0.0,0.0041752134880690085,1
hashtags,hashtag:tradewife,3.0,,,0.0,0.0031025756029205206,1
hashtags,hashtag:tradition,4.0,,,0.0,3.073010807949907e-30,40
hashtags,hashtag:traditionalwife,8.0,,,0.0,0.0024745679589170955,35
hashtags,hashtag:tradwife,39.0,,,0.0010602147591919043,0.012601954820570515,10
hashtags,hashtag:training,14.0,,,0.0,0.0015190214234973365,3
hashtags,hashtag:transactionmonitoringsystem,4.0,,,0.0,0.002405139159701812,7
hashtags,hashtag:transformaci,40.0,,,0.00010858791302131634,0.014832159932105645,0
hashtags,hashtag:transformacion,18.0,,,0.0,0.003061856247394327,24
hashtags,hashtag:transformacionpersonal,78.0,,,0.0005083807218813691,0.028781245024207303,0
hashtags,hashtag:transformaciónmasculina,19.0,,,0.0,0.002274614306889274,0
hashtags,hashtag:transformandotuvida,27.0,,,2.819083337701212e-07,0.01653191728871159,0
hashtags,hashtag:transparencia,24.0,,,0.00010316894692903548,0.0023304770554998543,4
hashtags,hashtag:transparenciasmen,19.0,,,0.0,0.0012963095226286245,6
hashtags,hashtag:transparency,8.0,,,0.0,0.0025514242316857258,7
hashtags,hashtag:transpersonal,9.0,,,4.7511288622787665e-08,0.0008479140764512819,0
hashtags,hashtag:trash,4.0,,,0.0,0.002424449059116477,7
hashtags,hashtag:traves,5.0,,,1.6123427339700462e-05,0.002680854570782316,0
hashtags,hashtag:treinadoredugaucho,2.0,,,0.0,0.0006110569638456186,6
hashtags,hashtag:trend,21.0,,,0.0054721995506653446,0.003197408270369061,8
hashtags,hashtag:trending,41.0,,,0.0008533264671977354,0.007251782361534542,5
hashtags,hashtag:trendingmemes,4.0,,,0.0,0.001175780482457537,68
hashtags,hashtag:trendingnow,10.0,,,2.034148325944595e-05,0.0018515484929870808,5
hashtags,hashtag:trendingreels,32.0,,,3.330807189418646e-05,0.006552063669981599,5
hashtags,hashtag:trendingsongs,3.0,,,0.0,0.001218609790069181,5
hashtags,hashtag:tribudehombres,9.0,,,0.0,0.0017151205965123594,53
hashtags,hashtag:tribulusmacaginseng,4.0,,,0.0,0.0006290045061881772,6
hashtags,hashtag:tribunalconstitucional,4.0,,,0.0,0.000431077938900349,4
hashtags,hashtag:tribunalesdechile,25.0,,,0.0,0.003022461225922478,15
hashtags,hashtag:tribunaloralenlopenal,13.0,,,0.0,0.0006314891326085328,4
hashtags,hashtag:tribunalsupremo,22.0,,,1.950836233341528e-05,0.004020495145500763,4
hashtags,hashtag:tribunatvdigital,4.0,,,0.0,0.001069418495727085,4
hashtags,hashtag:tripleimpacto,19.0,,,0.0,0.0062746258154656905,9
hashtags,hashtag:triplem,7.0,,,0.0,0.0015659073889058032,0
hashtags,hashtag:triunfadoresalfa,26.0,,,0.0,0.003634176635571606,9
hashtags,hashtag:trolls,4.0,,,0.0,0.001382647266861868,2
hashtags,hashtag:trueman,4.0,,,0.0,0.002469188534692637,2
hashtags,hashtag:truetomyself,4.0,,,0.0,3.4369850946267235e-05,8
hashtags,hashtag:trujillo,9.0,,,0.0,0.0006890940902538128,4
hashtags,hashtag:trump,18.0,,,0.0,0.0017670106243526805,4
hashtags,hashtag:trump2024,28.0,,,0.0,0.005106888786422563,10
hashtags,hashtag:trumpmeme,28.0,,,0.0,0.005106888786422563,10
hashtags,hashtag:trumpmemes,28.0,,,0.0,0.005106888786422563,10
hashtags,hashtag:trumpnation,28.0,,,0.0,0.005106888786422563,10
hashtags,hashtag:trumpsupporters,28.0,,,0.0,0.005106888786422563,10
hashtags,hashtag:trumpwon,28.0,,,0.0,0.005106888786422563,10
hashtags,hashtag:trustyourgut,19.0,,,0.0,0.003490090842055938,5
hashtags,hashtag:truth,20.0,,,3.759936926437514e-05,0.006485984320517927,5
hashtags,hashtag:truthbetold,16.0,,,0.0,0.000810145396976888,8
hashtags,hashtag:truthhurts,16.0,,,0.0,0.000810145396976888,8
hashtags,hashtag:truthoflife,7.0,,,4.631120901021254e-06,0.0014460993142126654,7
hashtags,hashtag:truthseeker,13.0,,,9.621035946114502e-07,0.002706253400015217,7
hashtags,hashtag:truthteller,9.0,,,0.0,0.0025630684276999184,5
hashtags,hashtag:tshirtgolaportuguesa,4.0,,,0.0,0.0005543454949361989,6
hashtags,hashtag:tsja,10.0,,,0.0,0.0013400159625157949,4
hashtags,hashtag:tucum,5.0,,,0.0,0.002067061826327646,2
hashtags,hashtag:tudosobreoamor,4.0,,,0.0,0.0013538322249245732,3
hashtags,hashtag:tulovales,39.0,,,6.695406856475064e-06,0.04601890336414535,1
hashtags,hashtag:tumejorversion,19.0,,,0.0,0.004278221161241839,0
hashtags,hashtag:tupapanoserinde,5.0,,,9.502257724557533e-08,0.0012525768008325331,1
hashtags,hashtag:tupuedes,28.0,,,0.0,0.0056091645620098786,9
hashtags,hashtag:turbo180,6.0,,,0.0,0.0007539810662175623,2
hashtags,hashtag:turismo,12.0,,,0.0,0.002370476573597174,3
hashtags,hashtag:tusnuapsicologiaonline,28.0,,,0.0,0.00610954442222753,2
hashtags,hashtag:tutela,19.0,,,0.0,0.001693421732041801,4
hashtags,hashtag:tvjapon,16.0,,,0.0,0.00045050941568459984,4
hashtags,hashtag:twilightedit,11.0,,,0.0,0.0013090598238143186,28
hashtags,hashtag:tyranny,4.0,,,0.0,0.0023680213306714066,2
hashtags,hashtag:uberabamg,1.0,,,0.0,0.0007108051600808565,1
hashtags,hashtag:ucrania,15.0,,,0.0,0.023533723149743335,1
hashtags,hashtag:uemg,8.0,,,0.0,0.0013390071082016852,2
hashtags,hashtag:uemgcarangola,8.0,,,0.0,0.0013390071082016852,2
hashtags,hashtag:ufo,4.0,,,0.0,3.1318321645449824e-32,54
hashtags,hashtag:uglymoney,10.0,,,0.0,0.002671622407986138,4
hashtags,hashtag:uglymoneynich,10.0,,,0.0,0.002671622407986138,4
hashtags,hashtag:ugs,4.0,,,0.0,3.4369850946267235e-05,8
hashtags,hashtag:ugtfeminista,4.0,,,0.0,0.0011738968804158702,3
hashtags,hashtag:ugtvallesoccidental,4.0,,,0.0,0.0011738968804158702,3
hashtags,hashtag:uktattooartists,4.0,,,0.0,3.4369850946267235e-05,8
hashtags,hashtag:uktattooist,4.0,,,0.0,3.4369850946267235e-05,8
hashtags,hashtag:ultimahora,19.0,,,0.0,0.0006034092771935406,4
hashtags,hashtag:ultrabann,19.0,,,0.0,0.004278221161241839,0
hashtags,hashtag:ultrabannlatino,19.0,,,0.0,0.004278221161241839,0
hashtags,hashtag:undocumentedbutnotalone,16.0,,,0.0,0.004993598619449174,23
hashtags,hashtag:unespacioparati,3.0,,,0.0,0.0026862586277432285,2
hashtags,hashtag:uni,4.0,,,0.0,0.0005254096737874539,1
hashtags,hashtag:unidossomosm,3.0,,,0.0,0.0005145096034295365,1
hashtags,hashtag:unidossomosmasfuertes,20.0,,,0.0,0.006038895101432302,3
hashtags,hashtag:union,19.0,,,0.0,0.00556175794863621,1
hashtags,hashtag:unionbusting,9.0,,,0.0,3.713652007067306e-05,8
hashtags,hashtag:uno32,23.0,,,0.0,0.006190230292524388,11
hashtags,hashtag:unrealisticexpectations,9.0,,,0.0,0.005245647430106809,7
hashtags,hashtag:uominiedonne,26.0,,,0.0,0.007591111378626351,6
hashtags,hashtag:uomo,26.0,,,0.0,0.007591111378626351,6
hashtags,hashtag:uroclamp,6.0,,,0.0,0.0008842546972326765,48
hashtags,hashtag:uroclampperu,6.0,,,0.0,0.0008842546972326765,48
hashtags,hashtag:urologia,20.0,,,0.0,0.000974078637967859,6
hashtags,hashtag:urologista,20.0,,,0.0,0.000974078637967859,6
hashtags,hashtag:ursos,24.0,,,1.146448990450448e-07,0.001189921398941151,6
hashtags,hashtag:usa,14.0,,,0.0029105372134282568,0.004331320174177692,4
hashtags,hashtag:usareels,3.0,,,0.0,0.0012486230723439706,0
hashtags,hashtag:v,5.0,,,0.0,0.001066207128962703,2
hashtags,hashtag:vacios,15.0,,,0.0,0.004898145520281152,2
hashtags,hashtag:vacunas,4.0,,,0.0,0.0008322300727406871,1
hashtags,hashtag:valent,29.0,,,0.0,0.014871641971113308,0
hashtags,hashtag:valentinagilabert,9.0,,,0.0,0.0008400451048883601,34
hashtags,hashtag:valentus,18.0,,,0.0,0.0015978474948075778,0
hashtags,hashtag:valera,6.0,,,0.0,0.0007854829844959333,9
hashtags,hashtag:vallecas,20.0,,,0.0,0.0041720521290554684,1
hashtags,hashtag:valor,10.0,,,4.6659433332741904e-05,0.004863347901809089,0
hashtags,hashtag:valoraelarte,4.0,,,0.0,7.796579364751937e-05,8
hashtags,hashtag:valoratupoder,18.0,,,0.0,0.003061856247394327,24
hashtags,hashtag:valores,13.0,,,0.001182635673169055,0.002247743298396722,0
hashtags,hashtag:valorescrist,4.0,,,0.0,0.0031424971577715013,8
hashtags,hashtag:valoresmasculinos,46.0,,,4.369672698333153e-05,0.01349746951179841,0
hashtags,hashtag:valoresparamipais,15.0,,,0.0,0.00036138611157992374,3
hashtags,hashtag:valoresyprincipios,4.0,,,0.0,0.001940641292760825,0
hashtags,hashtag:valormasculino,19.0,,,0.0,0.0008356462349161245,2
hashtags,hashtag:valorpropio,27.0,,,0.0,0.013809575269158004,0
hashtags,hashtag:vamosargentina,4.0,,,0.0,0.0023888512544513857,69
hashtags,hashtag:vamosmulherar,2.0,,,0.0,0.0014180249295989303,3
hashtags,hashtag:vamosquevamos,18.0,,,0.0,0.005189216812161583,4
hashtags,hashtag:varon,56.0,,,0.0001338599400380851,0.0524914458063466,1
hashtags,hashtag:varones,76.0,,,0.0009681803464715278,0.05530799614737917,1
hashtags,hashtag:varonesdeverdad,6.0,,,0.0,0.00047475590190294403,55
hashtags,hashtag:vasectom,41.0,,,0.000384948239458574,0.0024543164420053726,6
hashtags,hashtag:vasectomia,36.0,,,0.0002635218752062089,0.002390461528521012,6
hashtags,hashtag:vasectopro,17.0,,,0.0,0.0014845228483459918,6
hashtags,hashtag:vatos,6.0,,,0.0,0.0026652758874499386,0
hashtags,hashtag:vatostrabajando,14.0,,,0.0,0.0019052939707934083,27
hashtags,hashtag:vawaformen,16.0,,,0.0,0.004993598619449174,23
hashtags,hashtag:vawaparahombres,16.0,,,0.0,0.004993598619449174,23
hashtags,hashtag:vegan,4.0,,,0.0,0.0023903533916311286,41
hashtags,hashtag:veganfood,4.0,,,0.0,0.0023903533916311286,41
hashtags,hashtag:veganfortheanimals,4.0,,,0.0,0.002338285828373539,7
hashtags,hashtag:veganphuket,4.0,,,0.0,0.002328704372627087,7
hashtags,hashtag:veganthailand,4.0,,,0.0,0.002328704372627087,7
hashtags,hashtag:velas,12.0,,,0.0,0.0010833842559587544,0
hashtags,hashtag:velocidadembotellada,14.0,,,0.0,0.0006489787209430508,12
hashtags,hashtag:venderse,10.0,,,0.0,0.008170116447986332,1
hashtags,hashtag:venezolanosenelexterior,15.0,,,0.0,0.004898145520281152,2
hashtags,hashtag:venezuela,33.0,,,0.0004059505756552341,0.014237118999104669,2
hashtags,hashtag:venezuelaespaz,3.0,,,0.0,0.0010887939430134338,1
hashtags,hashtag:venezuelanoesunaamenaza,3.0,,,0.0,0.0010887939430134338,1
hashtags,hashtag:ventas,16.0,,,0.0,0.005973991470208949,0
hashtags,hashtag:verdad,19.0,,,0.0,0.00556175794863621,1
hashtags,hashtag:verdaderaigualdad,3.0,,,0.0,0.0009993244121664867,1
hashtags,hashtag:verdadesdehombres,11.0,,,5.7739025528315766e-05,0.0017891011104394375,0
hashtags,hashtag:verdadesinc,17.0,,,0.0,0.006016534975103179,0
hashtags,hashtag:verdadsincensura,30.0,,,5.4487634917601874e-05,0.007184014116261843,1
hashtags,hashtag:verdadyjusticia,42.0,,,0.00017987223395790118,0.008018590503463296,1
hashtags,hashtag:verg,20.0,,,0.0,0.0038796869927010987,2
hashtags,hashtag:vergonha,20.0,,,0.0,0.0038796869927010987,2
hashtags,hashtag:verificaantesdeactuar,4.0,,,0.0,0.00036654908117766916,4
hashtags,hashtag:verifiedauthentic,17.0,,,0.0,4.262662288912499e-05,8
hashtags,hashtag:vermont,17.0,,,0.0,0.0033837996567075636,7
hashtags,hashtag:versaceeros,4.0,,,0.0,0.0001798372260177484,0
hashtags,hashtag:versaceerosflame,9.0,,,0.0,0.00019519176001668058,13
hashtags,hashtag:versacefragrance,4.0,,,0.0,0.0001798372260177484,0
hashtags,hashtag:verteconamor,4.0,,,0.0,0.0008540186576687183,0
hashtags,hashtag:verygoodgirl,9.0,,,0.0,0.0001943153505925278,30
hashtags,hashtag:viajarsozinho,17.0,,,0.0,0.000670970732735285,2
hashtags,hashtag:vibe,4.0,,,0.0,7.55160084962871e-05,8
hashtags,hashtag:vibracion,3.0,,,0.0,0.0006269769210772722,0
hashtags,hashtag:vibrastranquilas,3.0,,,0.0,0.0012475768476206846,0
hashtags,hashtag:vicaria,12.0,,,0.0,0.01144787086077457,1
hashtags,hashtag:vicentito,5.0,,,0.0,0.004588612469660196,1
hashtags,hashtag:victimasdedenunciasfalsas,12.0,,,0.0,0.003605988470255895,1
hashtags,hashtag:victimasdeldelito,16.0,,,0.0,0.0022279635750243497,4
hashtags,hashtag:victorhugo,55.0,,,3.049137842749733e-05,0.015507629106219833,5
hashtags,hashtag:victorpachecoabogados,8.0,,,0.0,0.0006728690493714175,4
hashtags,hashtag:vida,4.0,,,0.0,0.0006941842170917421,2
hashtags,hashtag:vidaactiva,19.0,,,0.0,0.004278221161241839,0
hashtags,hashtag:vidaamorosa,7.0,,,0.0,0.0023748387434593204,2
hashtags,hashtag:vidaconprop,19.0,,,2.5662841972993394e-06,0.002053164774866413,0
hashtags,hashtag:vidaconproposito,72.0,,,0.001022927920807657,0.02560084152720594,0
hashtags,hashtag:vidacristiana,4.0,,,0.0,0.0020830016582136126,0
hashtags,hashtag:vidadecasados,6.0,,,0.0,3.986167342901836e-05,42
hashtags,hashtag:vidadepareja,19.0,,,0.0,0.003907469947536529,0
hashtags,hashtag:vidadomacho,19.0,,,0.0,0.0008356462349161245,2
hashtags,hashtag:vidaenequilibrio,2.0,,,0.0,0.0007759511313045092,0
hashtags,hashtag:vidaenpareja,13.0,,,0.0,0.008195805623686695,0
hashtags,hashtag:vidaextraordinaria,19.0,,,2.5662841972993394e-06,0.002053164774866413,0
hashtags,hashtag:vidafamiliar,33.0,,,2.468639214840551e-06,0.018654190571881387,1
hashtags,hashtag:vidalibredeviolencia,9.0,,,0.0,0.007325798104075555,1
hashtags,hashtag:vidaopositor,21.0,,,0.0,0.0007781466895648228,17
hashtags,hashtag:vidasaludable,62.0,,,0.0012722687014512192,0.029211958752376886,1
hashtags,hashtag:vidasaudavel,4.0,,,0.0,0.001008417272395924,6
hashtags,hashtag:vidasexual,16.0,,,0.0,0.008859849435996834,0
hashtags,hashtag:vidasinlimites,18.0,,,0.0,0.003061856247394327,24
hashtags,hashtag:videodedesenho,25.0,,,0.0,0.0007976069945091548,14
hashtags,hashtag:videodememes,25.0,,,0.0,0.0007976069945091548,14
hashtags,hashtag:videonoticias,19.0,,,0.0,0.0006034092771935406,4
hashtags,hashtag:videos,4.0,,,0.0,0.0020681097706067688,0
hashtags,hashtag:videoviral,25.0,,,0.0,0.0007976069945091548,14
hashtags,hashtag:vientresdealquiler,10.0,,,0.0,0.008170116447986332,1
hashtags,hashtag:viernes,25.0,,,0.0,0.012079522828123654,2
hashtags,hashtag:viernesadomingo,4.0,,,0.0,0.0031372531753027454,70
hashtags,hashtag:viking,4.0,,,0.0,0.002422129177613667,2
hashtags,hashtag:vikings,4.0,,,0.0,0.002422129177613667,2
hashtags,hashtag:vilar,3.0,,,0.0,0.001086264614498205,3
hashtags,hashtag:vinculos,3.0,,,0.0,0.001162946578007385,0
hashtags,hashtag:vinculosparentales,19.0,,,0.0,0.0031219301240658737,1
hashtags,hashtag:vinijr,4.0,,,0.0,0.0007425743389739816,72
hashtags,hashtag:vintage,18.0,,,1.3362549925159032e-08,0.0015714466323830585,22
hashtags,hashtag:viogen,30.0,,,7.208023972675453e-05,0.013081639587827975,1
hashtags,hashtag:viol,18.0,,,8.122572664863866e-05,0.00502822636377311,2
hashtags,hashtag:violacion,27.0,,,0.0,0.022626891877341966,1
hashtags,hashtag:violencehasnogender,12.0,,,2.438165603560797e-07,0.001963622933737686,1
hashtags,hashtag:violencia,7.0,,,4.285152200136248e-06,0.0027491037296211037,2
hashtags,hashtag:violenciacontramulher,24.0,,,0.00013956593275280102,0.011105422670900264,2
hashtags,hashtag:violenciacontramulheres,19.0,,,0.0,0.00557805947686861,3
hashtags,hashtag:violenciadeg,97.0,,,0.002231404878427795,0.06117280391871168,1
hashtags,hashtag:violenciadegenero,146.0,,,0.008740087848384983,0.044482381234979586,1
hashtags,hashtag:violenciadom,43.0,,,0.00041357847565025833,0.012490628355143234,1
hashtags,hashtag:violenciadomestica,44.0,,,0.0034180031059635515,0.02292960356018957,1
hashtags,hashtag:violenciaf,15.0,,,0.0,0.004516416371008142,3
hashtags,hashtag:violenciafamiliar,40.0,,,0.0006500599649388777,0.007792136051229471,1
hashtags,hashtag:violenciafemenina,17.0,,,0.0,0.023141103881784687,1
hashtags,hashtag:violenciafeminista,14.0,,,0.0,0.006131282242545242,1
hashtags,hashtag:violenciafisica,15.0,,,0.0,0.004516416371008142,3
hashtags,hashtag:violenciahaciaelhombre,15.0,,,0.0,0.004516416371008142,3
hashtags,hashtag:violenciahacialoshombres,20.0,,,1.7161268419578913e-07,0.022061246483669947,1
hashtags,hashtag:violenciahembrista,34.0,,,1.3487268111799421e-05,0.014073515430890797,1
hashtags,hashtag:violenciainstitucional,49.0,,,0.0001674701567678305,0.009256609021316232,1
hashtags,hashtag:violencialaboral,4.0,,,0.0,0.00110244835934339,3
hashtags,hashtag:violenciamachista,18.0,,,9.309726978191043e-05,0.005969557179226024,3
hashtags,hashtag:violencianotieneg,4.0,,,0.0,0.0006170301896877259,1
hashtags,hashtag:violencianotienegenero,4.0,,,0.0,0.0006170301896877259,1
hashtags,hashtag:violenciapatriarcal,12.0,,,0.0,0.001949424387950765,3
hashtags,hashtag:violenciapsicologica,32.0,,,0.00020519604039169738,0.008289737091739082,1
hashtags,hashtag:violencias,9.0,,,0.0,0.0019338465725406628,3
hashtags,hashtag:violenciasexual,37.0,,,0.00022925280485861524,0.023718429662593403,1
hashtags,hashtag:violenciasimb,9.0,,,0.0,0.0027846506746593094,3
hashtags,hashtag:violenciaverbal,23.0,,,0.00017017259431173517,0.008184367489773492,3
hashtags,hashtag:violenciavicaria,11.0,,,0.00025756676358405545,0.006252922953464101,1
hashtags,hashtag:violenzadigenere,26.0,,,0.0,0.007591111378626351,6
hashtags,hashtag:violenzasugliuomini,26.0,,,0.0,0.007591111378626351,6
hashtags,hashtag:viral,154.0,,,0.023463269101409584,0.03988200884227696,0
hashtags,hashtag:viralchile,4.0,,,0.0,0.0007180629111240981,0
hashtags,hashtag:virales,29.0,,,0.0,0.015406552770243047,0
hashtags,hashtag:viralhombres,11.0,,,0.0,0.0019394786007003448,0
hashtags,hashtag:viralizar,4.0,,,0.0,0.0009805954869274948,6
hashtags,hashtag:viralpost,22.0,,,0.0005531261720073649,0.004421835101960455,5
hashtags,hashtag:viralreel,8.0,,,0.0,0.0030560863442680654,0
hashtags,hashtag:viralreels,45.0,,,0.00033704895297441764,0.009940782546709869,5
hashtags,hashtag:viralsong,4.0,,,0.0,0.001175780482457537,71
hashtags,hashtag:viralvideo,36.0,,,0.0001405465430197479,0.008875292865245559,5
hashtags,hashtag:viralvideos,4.0,,,0.0,0.0012051570135010838,1
hashtags,hashtag:virdadmasculina,19.0,,,0.0,0.004319598470167964,2
hashtags,hashtag:virginia,4.0,,,0.0,0.0007425743389739816,72
hashtags,hashtag:virginiafonseca,4.0,,,0.0,0.0018692408827223313,3
hashtags,hashtag:virtudes,7.0,,,0.0,0.0005077361085548723,4
hashtags,hashtag:virtudesmasculinas,29.0,,,0.0,0.009003900771292924,0
hashtags,hashtag:visi,26.0,,,0.0,0.003634176635571606,9
hashtags,hashtag:visitapapa,7.0,,,0.0,0.0046684875630946384,3
hashtags,hashtag:visitasparaabuelos,10.0,,,0.0,0.004292438486276847,31
hashtags,hashtag:visitasparapadres,10.0,,,0.0,0.004292438486276847,31
hashtags,hashtag:vitalhoney,7.0,,,0.0,0.0006514968053509931,43
hashtags,hashtag:vitalidade,15.0,,,4.0957102752987435e-05,0.0009427209494029677,6
hashtags,hashtag:vitalidademasculina,7.0,,,7.1781442562776425e-06,0.0007143387285291691,6
hashtags,hashtag:vitalidadetotal,4.0,,,0.0,0.0006290045061881772,6
hashtags,hashtag:vitalidadmasculina,19.0,,,0.0,0.004278221161241839,0
hashtags,hashtag:vitalidadtotal,6.0,,,0.0,0.00122187167731887,56
hashtags,hashtag:vitalperformancelab,4.0,,,0.0,0.0006220963118201945,0
hashtags,hashtag:vitamaxhombre,6.0,,,0.0,0.00122187167731887,56
hashtags,hashtag:vitoriapessoal,17.0,,,0.0,0.000670970732735285,2
hashtags,hashtag:viveconenergia,19.0,,,0.0,0.004278221161241839,0
hashtags,hashtag:vivesinlimites,6.0,,,0.0,0.0008842546972326765,48
hashtags,hashtag:vivesinmiedo,15.0,,,0.0,0.0016346725603620137,0
hashtags,hashtag:voguearabia,4.0,,,0.0,0.0012672297505234938,49
hashtags,hashtag:voiceactorrights,3.0,,,0.0,3.386525887699783e-05,8
hashtags,hashtag:voiceeffects,32.0,,,1.0436703253370697e-06,0.001891081663786306,6
hashtags,hashtag:voiceoverartist,6.0,,,1.4922115773802118e-05,0.00011000820817891763,8
hashtags,hashtag:volcel,5.0,,,1.7816733233545374e-08,0.0024646444448096134,5
hashtags,hashtag:volteaparaquegoces,11.0,,,0.0,0.004368434176413973,44
hashtags,hashtag:voluntaddeacero,8.0,,,0.0,0.001901967057591504,0
hashtags,hashtag:volveraserhombre,11.0,,,0.0,0.0019394786007003448,0
hashtags,hashtag:vox,35.0,,,0.0012973171280127283,0.007652892920000414,1
hashtags,hashtag:voxespa,18.0,,,0.00040662161380731923,0.002320952540796476,3
hashtags,hashtag:voyerismo,13.0,,,0.0,0.000449091063067712,26
hashtags,hashtag:vozyjusticia,2.0,,,0.0,0.0003559435729295989,4
hashtags,hashtag:vsco,22.0,,,0.0,0.004773118116429364,5
hashtags,hashtag:vtuber,4.0,,,0.0,0.000834594810100615,7
hashtags,hashtag:vuelamasalto,18.0,,,0.0,0.003061856247394327,24
hashtags,hashtag:vulnerabilidad,23.0,,,1.1396125561095643e-05,0.004277912456029173,2
hashtags,hashtag:vulnerabilidade,20.0,,,0.0,0.0038796869927010987,2
hashtags,hashtag:vulnerabilidadesfuerza,19.0,,,0.0,0.0035953798256476025,0
hashtags,hashtag:vulnerabilidadnoesdebilidad,17.0,,,0.0,0.006016534975103179,0
hashtags,hashtag:vulneraciondederechosdelosni,12.0,,,0.0,0.008292757720587497,1
hashtags,hashtag:w0rm,18.0,,,1.3362549925159032e-08,0.0015714466323830585,22
hashtags,hashtag:w4s,29.0,,,1.27721450518398e-05,0.008048057194710453,9
hashtags,hashtag:wakeup,19.0,,,2.8566162284451085e-06,0.002990998142729783,7
hashtags,hashtag:wakingup,3.0,,,0.0,0.0022929367221573185,1
hashtags,hashtag:walkawayfellas,33.0,,,3.569730721563e-06,0.007247696092273791,7
hashtags,hashtag:wallpaper,4.0,,,0.0,0.001226533183579329,2
hashtags,hashtag:warmode,8.0,,,0.0,0.004813093354032539,0
hashtags,hashtag:warrenfarrell,27.0,,,0.0,0.0365850100030102,1
hashtags,hashtag:warriormindset,37.0,,,0.000882346940720874,0.0067512237552536805,5
hashtags,hashtag:washington,18.0,,,0.0,0.0017670106243526805,4
hashtags,hashtag:watchyourcircle,4.0,,,0.0,3.4369850946267235e-05,8
hashtags,hashtag:wcw,22.0,,,0.0,0.004773118116429364,5
hashtags,hashtag:wealth,29.0,,,0.0,0.010932546935428578,5
hashtags,hashtag:wealthmindset,10.0,,,2.4665929373096105e-05,0.004705131851884187,5
hashtags,hashtag:wednesdaywisdom,16.0,,,0.0,0.000810145396976888,8
hashtags,hashtag:weekdayvibes,17.0,,,0.0,9.986825658988697e-05,8
hashtags,hashtag:weekend,15.0,,,2.7041365335460483e-05,0.0018383435680906196,1
hashtags,hashtag:wellness,22.0,,,0.00030349844671712496,0.002752457706302561,6
hashtags,hashtag:wellnessfem,4.0,,,0.0,0.0013742633611382442,0
hashtags,hashtag:whitefeather,21.0,,,0.0,0.020386600093056772,1
hashtags,hashtag:whitefeathers,21.0,,,0.0,0.020386600093056772,1
hashtags,hashtag:whiteknights,19.0,,,3.4644676336986635e-07,0.006144198834910139,7
hashtags,hashtag:wibuindonesia,7.0,,,0.0,0.001230794741845622,45
hashtags,hashtag:wick,5.0,,,0.0,0.0023279600290894323,5
hashtags,hashtag:wifelife,8.0,,,0.0,0.0024745679589170955,35
hashtags,hashtag:wiferewritten,8.0,,,0.0,0.0024745679589170955,35
hashtags,hashtag:wilsoncamacho,16.0,,,4.751128862278766e-09,0.0006174723871294468,4
hashtags,hashtag:winnipeg,4.0,,,0.0,0.0023888512544513857,73
hashtags,hashtag:wisdom,47.0,,,0.00013857626848423068,0.01637869189798868,5
hashtags,hashtag:witch,3.0,,,0.0,0.0006269769210772722,0
hashtags,hashtag:witches,13.0,,,0.0,0.0019330768981563426,3
hashtags,hashtag:witchy,13.0,,,0.0,0.0019330768981563426,3
hashtags,hashtag:wojak,29.0,,,0.0,0.005411935865336083,10
hashtags,hashtag:wojakmemes,29.0,,,0.0,0.005411935865336083,10
hashtags,hashtag:woke,4.0,,,0.0,0.0009202115834128602,1
hashtags,hashtag:wokismo,11.0,,,2.751478959776353e-06,0.005365842334530146,1
hashtags,hashtag:woman,26.0,,,0.00027393349777495024,0.006996571624472382,5
hashtags,hashtag:womaninbusiness,4.0,,,0.0,0.0028007097314509026,0
hashtags,hashtag:women,14.0,,,0.0,0.01570577905944675,1
hashtags,hashtag:womenbelike,29.0,,,0.0,0.005411935865336083,10
hashtags,hashtag:womenempowerment,19.0,,,0.0,0.003490090842055938,5
hashtags,hashtag:womenmemes,29.0,,,0.0,0.005411935865336083,10
hashtags,hashtag:womensafety,19.0,,,0.0,0.003490090842055938,5
hashtags,hashtag:workhard,21.0,,,0.0,0.006382772622305939,0
hashtags,hashtag:workout,29.0,,,0.00012021800402581278,0.0065985111317946165,5
hashtags,hashtag:xaviergarciaalbiol,12.0,,,0.0,0.001459759038167514,4
hashtags,hashtag:xvideos,28.0,,,6.778669294684197e-07,0.0012496235786019184,6
hashtags,hashtag:yang,4.0,,,0.0,0.0006814580160703784,0
hashtags,hashtag:yanoest,11.0,,,0.0,0.004932204582862262,36
hashtags,hashtag:yanohaymachismo,8.0,,,0.0,0.003113732186021174,46
hashtags,hashtag:yesallmen,27.0,,,0.0,0.022626891877341966,1
hashtags,hashtag:yinyang,6.0,,,9.502257724557533e-08,0.000965512136975592,0
hashtags,hashtag:yoganude,9.0,,,0.0,0.0016141306219334657,37
hashtags,hashtag:yomisma,3.0,,,0.0,0.0009993244121664867,1
hashtags,hashtag:yongeyoda,2.0,,,7.12669329341815e-08,2.2724371252185754e-40,74
hashtags,hashtag:yopuedo,28.0,,,0.0,0.0056091645620098786,9
hashtags,hashtag:yosoyyo,28.0,,,0.0,0.0056091645620098786,9
hashtags,hashtag:yoteacompa,29.0,,,0.0,0.019259517887252185,1
hashtags,hashtag:you,14.0,,,0.0,0.018041952522247474,1
hashtags,hashtag:youcannothaveitall,14.0,,,0.0,0.005726640296193288,7
hashtags,hashtag:youcanthaveitall,9.0,,,0.0,0.005215097975229047,7
hashtags,hashtag:youseries,14.0,,,0.0,0.018041952522247474,1
hashtags,hashtag:zaragoza,4.0,,,0.0,0.0019651856648359605,1
hashtags,hashtag:zemt,3.0,,,0.0,0.00039927244809318316,6
hashtags,hashtag:zeus,4.0,,,0.0,0.00110244835934339,3
hashtags,hashtag:zonadeconfort,18.0,,,0.0,0.003061856247394327,24
hashtags,hashtag:zonasdefan,9.0,,,0.0,0.0019338465725406628,3
hashtags,hashtag:zoo,8.0,,,0.0,0.0017013159215319652,1
hashtags,hashtag:zwi,6.0,,,9.502257724557533e-08,0.002397505383759798,38
hashtags,hashtag:zyonecosmeticos,4.0,,,0.0,0.0004770286422260567,2
hashtags,hashtag:zyrcled,14.0,,,0.0,0.0015190214234973365,3
users,user:leccionesparacaballeros2024,2.0,1.0,1.0,0.0,,44
users,user:unseductordice,2.0,1.0,1.0,0.0,,45
users,user:focusmode.1,2.0,0.0,2.0,0.0,,14
users,user:eltemach,2.0,2.0,0.0,0.0,,14
users,user:eltemach_1325,1.0,0.0,1.0,0.0,,14
users,user:el,1.0,1.0,0.0,0.0,,14
users,user:spain_can_do_better,2.0,0.0,2.0,0.0,,15
users,user:no_sin_mi_hijo,1.0,1.0,0.0,0.0,,15
users,user:spain_injustices,1.0,1.0,0.0,0.0,,15
users,user:fedeartegroso,3.0,1.0,2.0,4.634779384501298e-06,,19
users,user:d0,1.0,1.0,0.0,0.0,,19
users,user:javier_navascues,1.0,0.0,1.0,0.0,,23
users,user:seductor.experto69,1.0,1.0,0.0,0.0,,23
users,user:everardito2590,1.0,0.0,1.0,0.0,,24
users,user:nildachiaraviglio,1.0,1.0,0.0,0.0,,24
users,user:tepublicamos40,1.0,0.0,1.0,0.0,,25
users,user:gmail.com,1.0,1.0,0.0,0.0,,25
users,user:b.romga,1.0,0.0,1.0,0.0,,26
users,user:ed.andrade.l,1.0,1.0,0.0,0.0,,26
users,user:superjuv.mx,1.0,0.0,1.0,0.0,,27
users,user:masculinismomxoficial,1.0,1.0,0.0,0.0,,27
users,user:vallenato_en_la_capital,1.0,0.0,1.0,0.0,,28
users,user:im_didier,1.0,1.0,0.0,0.0,,28
users,user:khtibetd17,1.0,0.0,1.0,0.0,,16
users,user:mahaschekaiban,2.0,2.0,0.0,0.0,,16
users,user:alejandrodaniellobato,1.0,0.0,1.0,0.0,,16
users,user:reading_withmary,1.0,0.0,1.0,0.0,,29
users,user:altamarea_ediciones,1.0,1.0,0.0,0.0,,29
users,user:fernandez.teresagonzalez,1.0,0.0,1.0,0.0,,30
users,user:cendan.cesar,1.0,1.0,0.0,0.0,,30
users,user:cristin.a.gomez1128,1.0,0.0,1.0,0.0,,31
users,user:humanidad.oscura,1.0,1.0,0.0,0.0,,31
users,user:unbuenchorbo,2.0,1.0,1.0,4.634779384501298e-06,,17
users,user:alber.keepkalm,1.0,1.0,0.0,0.0,,17
users,user:pab_chonchito,1.0,0.0,1.0,0.0,,17
users,user:lidydafne,1.0,0.0,1.0,0.0,,18
users,user:papa_deniko,2.0,2.0,0.0,0.0,,18
users,user:fernandezzf.1,1.0,0.0,1.0,0.0,,32
users,user:madresprotectorasdeespana,1.0,1.0,0.0,0.0,,32
users,user:yamila_andriasevich,1.0,0.0,1.0,0.0,,33
users,user:ue,1.0,1.0,0.0,0.0,,33
users,user:alejandraaravenaav,1.0,0.0,1.0,0.0,,18
users,user:sagems14,1.0,0.0,1.0,0.0,,34
users,user:feministas,1.0,1.0,0.0,0.0,,34
users,user:javichi_ec,1.0,0.0,1.0,0.0,,35
users,user:i_montero_,1.0,1.0,0.0,0.0,,35
users,user:cano_talavera1,1.0,0.0,1.0,0.0,,36
users,user:jabonesconesencia,1.0,1.0,0.0,0.0,,36
users,user:joel981556,2.0,1.0,1.0,0.0,,19
users,user:carla_iuk211,2.0,1.0,1.0,0.0,,20
users,user:mariaelisa9053,4.0,2.0,2.0,9.269558769002595e-06,,20
users,user:viktor.cavs,2.0,1.0,1.0,0.0,,20
users,user:fabimar125,2.0,1.0,1.0,0.0,,37
users,user:memichmyself,2.0,1.0,1.0,0.0,,37
users,profile:masculinidad.ancestral,18.0,0.0,18.0,0.0,,9
users,hashtag:alfa,7.0,7.0,0.0,0.0,,9
users,hashtag:alfaenunarelacion,6.0,6.0,0.0,0.0,,9
users,hashtag:alfaseductor,16.0,16.0,0.0,0.0,,1
users,hashtag:energiafemenina,6.0,6.0,0.0,0.0,,9
users,hashtag:excelenciamasculina,6.0,6.0,0.0,0.0,,9
users,hashtag:feminidad,6.0,6.0,0.0,0.0,,9
users,hashtag:feminidadancestral,6.0,6.0,0.0,0.0,,9
users,hashtag:feminidadfragil,6.0,6.0,0.0,0.0,,9
users,hashtag:feminidadsagrada,6.0,6.0,0.0,0.0,,9
users,hashtag:gerrysanchez,6.0,6.0,0.0,0.0,,9
users,hashtag:gerrysanchezconsejos,6.0,6.0,0.0,0.0,,9
users,hashtag:gerrysanchezlecciones,6.0,6.0,0.0,0.0,,9
users,hashtag:gerrysanchezmentor,6.0,6.0,0.0,0.0,,9
users,hashtag:hombreindomito,6.0,6.0,0.0,0.0,,9
users,hashtag:masculinidadancestral,6.0,6.0,0.0,0.0,,9
users,hashtag:polaridadfemenina,6.0,6.0,0.0,0.0,,9
users,hashtag:relacionesalfa,6.0,6.0,0.0,0.0,,9
users,hashtag:retornodelamasculinidad,6.0,6.0,0.0,0.0,,9
users,profile:angelmatinez664tj,3.0,0.0,3.0,0.0,,3
users,hashtag:alfasenproceso,10.0,10.0,0.0,0.0,,3
users,hashtag:angelmartineztuservidor,1.0,1.0,0.0,0.0,,3
users,profile:creando_alfas,5.0,0.0,5.0,0.0,,1
users,hashtag:hombresalfa,2.0,2.0,0.0,0.0,,1
users,hashtag:masculinidad,3.0,3.0,0.0,0.0,,1
users,hashtag:motivacion,5.0,5.0,0.0,0.0,,1
users,hashtag:superacion,3.0,3.0,0.0,0.0,,1
users,profile:leccionesparacaballeros2024,9.0,0.0,9.0,0.0,,1
users,hashtag:atraccion,1.0,1.0,0.0,0.0,,1
users,hashtag:empresariojoven,1.0,1.0,0.0,0.0,,1
users,hashtag:enamorar,1.0,1.0,0.0,0.0,,1
users,hashtag:hombrealfa,4.0,4.0,0.0,0.0,,1
users,hashtag:hombredealtovalor,1.0,1.0,0.0,0.0,,1
users,hashtag:lenguajecorporal,2.0,2.0,0.0,0.0,,1
users,hashtag:persuasion,1.0,1.0,0.0,0.0,,1
users,hashtag:seduccion,3.0,3.0,0.0,0.0,,1
users,profile:mentalidad_alfaseductora,20.0,0.0,20.0,0.0,,6
users,hashtag:activatupoder,1.0,1.0,0.0,0.0,,6
users,hashtag:alfareal,1.0,1.0,0.0,0.0,,6
users,hashtag:confianzamasculina,1.0,1.0,0.0,0.0,,6
users,hashtag:conquistadesdedentro,1.0,1.0,0.0,0.0,,6
users,hashtag:desarrollomasculino,1.0,1.0,0.0,0.0,,6
users,hashtag:energíaalfa,1.0,1.0,0.0,0.0,,6
users,hashtag:hombredevalor,2.0,2.0,0.0,0.0,,6
users,hashtag:masculinidadauténtica,1.0,1.0,0.0,0.0,,6
users,hashtag:mentalidadalfa,2.0,2.0,0.0,0.0,,6
users,hashtag:nomásvalidación,1.0,1.0,0.0,0.0,,6
users,hashtag:poderinterior,1.0,1.0,0.0,0.0,,6
users,hashtag:presenciamasculina,1.0,1.0,0.0,0.0,,6
users,hashtag:presenciareal,1.0,1.0,0.0,0.0,,6
users,hashtag:respétateprimero,1.0,1.0,0.0,0.0,,6
users,hashtag:seduccionalfa,1.0,1.0,0.0,0.0,,6
users,hashtag:seduccionconsciente,1.0,1.0,0.0,0.0,,6
users,hashtag:seducción2025,1.0,1.0,0.0,0.0,,6
users,hashtag:séelhombre,1.0,1.0,0.0,0.0,,6
users,hashtag:transformaciónmasculina,1.0,1.0,0.0,0.0,,6
users,profile:anabarrosaudebeleza,20.0,0.0,20.0,0.0,,1
users,hashtag:atraermujeres,1.0,1.0,0.0,0.0,,1
users,hashtag:comunicacionnoverbal,1.0,1.0,0.0,0.0,,1
users,hashtag:escenasdepeliculas,1.0,1.0,0.0,0.0,,1
users,hashtag:hombresmagneticos,1.0,1.0,0.0,0.0,,1
users,hashtag:hombresvaliosos,1.0,1.0,0.0,0.0,,1
users,hashtag:lenguajenoverbal,1.0,1.0,0.0,0.0,,1
users,hashtag:machoalfa,1.0,1.0,0.0,0.0,,1
users,hashtag:machoalfalomoplateado,1.0,1.0,0.0,0.0,,1
users,hashtag:machoalfaseductor,1.0,1.0,0.0,0.0,,1
users,hashtag:presencia,1.0,1.0,0.0,0.0,,1
users,hashtag:seduccionmaestra,1.0,1.0,0.0,0.0,,1
users,hashtag:seduccionmasculina,1.0,1.0,0.0,0.0,,1
users,hashtag:seductor,2.0,2.0,0.0,0.0,,1
users,hashtag:seductores,2.0,2.0,0.0,0.0,,1
users,hashtag:viral,7.0,7.0,0.0,0.0,,8
users,profile:alambrito_mx,5.0,0.0,5.0,0.0,,1
users,profile:_cristopher_7_,6.0,0.0,6.0,0.0,,1
users,hashtag:estoicos,1.0,1.0,0.0,0.0,,1
users,hashtag:reflexion,2.0,2.0,0.0,0.0,,1
users,profile:unseductordice,1.0,0.0,1.0,0.0,,1
users,profile:librosmasculinidad,18.0,0.0,18.0,0.0,,9
users,profile:juego_social,18.0,0.0,18.0,0.0,,9
users,profile:expertoenamor83,9.0,0.0,9.0,0.0,,1
users,hashtag:amor,1.0,1.0,0.0,0.0,,1
users,hashtag:amordepareja,1.0,1.0,0.0,0.0,,1
users,hashtag:amorpropio,3.0,3.0,0.0,0.0,,10
users,hashtag:aprendesiempre,1.0,1.0,0.0,0.0,,1
users,hashtag:expertoenamor83,1.0,1.0,0.0,0.0,,1
users,hashtag:hombreseductor,1.0,1.0,0.0,0.0,,1
users,profile:seductorsocial,12.0,0.0,12.0,0.0,,1
users,hashtag:alfatips,1.0,1.0,0.0,0.0,,1
users,hashtag:caballeros,1.0,1.0,0.0,0.0,,1
users,hashtag:caballeroseductor,1.0,1.0,0.0,0.0,,1
users,hashtag:maestroseductor,1.0,1.0,0.0,0.0,,1
users,hashtag:seduccionmujeres,1.0,1.0,0.0,0.0,,1
users,profile:calibracionsocial,18.0,0.0,18.0,0.0,,9
users,profile:habi_lidadessociales,18.0,0.0,18.0,0.0,,9
users,hashtag:consejosalfa,1.0,1.0,0.0,0.0,,1
users,hashtag:seduccionfemenina,1.0,1.0,0.0,0.0,,1
users,hashtag:seducciontotal,1.0,1.0,0.0,0.0,,1
users,profile:hombre_indomito,18.0,0.0,18.0,0.0,,9
users,profile:alfa_el_lobo,3.0,0.0,3.0,0.0,,8
users,hashtag:hombres,4.0,4.0,0.0,0.0,,8
users,profile:temachero_10,7.0,0.0,7.0,0.0,,3
users,hashtag:consejosmotivacionales,1.0,1.0,0.0,0.0,,3
users,hashtag:desarrollopersonal,3.0,3.0,0.0,0.0,,3
users,hashtag:temach,4.0,4.0,0.0,0.0,,3
users,profile:antonio_elmultifacetico,12.0,0.0,12.0,0.0,,3
users,hashtag:creeenti,1.0,1.0,0.0,0.0,,3
users,hashtag:desarrollopersonalymotivacion,1.0,1.0,0.0,0.0,,3
users,hashtag:disciplinayconstancia,1.0,1.0,0.0,0.0,,3
users,hashtag:enfocateenti,1.0,1.0,0.0,0.0,,3
users,hashtag:motivacionpersonal,1.0,1.0,0.0,0.0,,3
users,hashtag:warmode,1.0,1.0,0.0,0.0,,3
users,hashtag:modoguerra,3.0,3.0,0.0,0.0,,3
users,hashtag:realidad,1.0,1.0,0.0,0.0,,3
users,profile:sorvyon,7.0,0.0,7.0,0.0,,3
users,hashtag:alfas,1.0,1.0,0.0,0.0,,3
users,hashtag:eltemach,3.0,3.0,0.0,0.0,,3
users,hashtag:morras,2.0,2.0,0.0,0.0,,3
users,hashtag:relaciones,1.0,1.0,0.0,0.0,,3
users,hashtag:valor,1.0,1.0,0.0,0.0,,3
users,hashtag:vatos,1.0,1.0,0.0,0.0,,3
users,profile:warmode_alfas,12.0,0.0,12.0,0.0,,8
users,hashtag:aestetic,1.0,1.0,0.0,0.0,,8
users,hashtag:davidgoggins,1.0,1.0,0.0,0.0,,8
users,hashtag:davidgogginsmotivation,1.0,1.0,0.0,0.0,,8
users,hashtag:davidlaid,1.0,1.0,0.0,0.0,,8
users,hashtag:davidlaidmotivation,1.0,1.0,0.0,0.0,,8
users,hashtag:gym,1.0,1.0,0.0,0.0,,8
users,hashtag:gymlife,1.0,1.0,0.0,0.0,,8
users,hashtag:gymmindset,1.0,1.0,0.0,0.0,,8
users,hashtag:gymmotivation,1.0,1.0,0.0,0.0,,8
users,hashtag:gymrat,1.0,1.0,0.0,0.0,,8
users,profile:focusmode.1,16.0,0.0,16.0,0.0,,3
users,hashtag:compas,1.0,1.0,0.0,0.0,,3
users,hashtag:crecimientopersonal,2.0,2.0,0.0,0.0,,6
users,hashtag:enfoque,2.0,2.0,0.0,0.0,,3
users,hashtag:foryoupage,1.0,1.0,0.0,0.0,,3
users,hashtag:instagood,1.0,1.0,0.0,0.0,,3
users,hashtag:motivation,1.0,1.0,0.0,0.0,,3
users,hashtag:reels,1.0,1.0,0.0,0.0,,3
users,hashtag:temachina,1.0,1.0,0.0,0.0,,3
users,profile:andersonfabian.henaomantilla.7,9.0,0.0,9.0,0.0,,3
users,hashtag:apoyo,1.0,1.0,0.0,0.0,,3
users,hashtag:contenido,1.0,1.0,0.0,0.0,,3
users,profile:eltemach_1325,8.0,0.0,8.0,0.0,,10
users,hashtag:fyp,2.0,2.0,0.0,0.0,,10
users,hashtag:ligar,1.0,1.0,0.0,0.0,,10
users,hashtag:parati,1.0,1.0,0.0,0.0,,10
users,hashtag:cuidadeti,1.0,1.0,0.0,0.0,,3
users,hashtag:disciplina,1.0,1.0,0.0,0.0,,3
users,profile:carlosivancb19,7.0,0.0,7.0,0.0,,8
users,hashtag:educacionpersonal,1.0,1.0,0.0,0.0,,8
users,hashtag:educionemocional,1.0,1.0,0.0,0.0,,8
users,hashtag:reflexiones,1.0,1.0,0.0,0.0,,8
users,hashtag:sabiduria,1.0,1.0,0.0,0.0,,8
users,hashtag:bato,1.0,1.0,0.0,0.0,,3
users,hashtag:mujeres,3.0,3.0,0.0,0.0,,2
users,hashtag:viralvideo,1.0,1.0,0.0,0.0,,3
users,hashtag:regalos,1.0,1.0,0.0,0.0,,3
users,hashtag:dolor,1.0,1.0,0.0,0.0,,10
users,hashtag:ex,1.0,1.0,0.0,0.0,,10
users,profile:adiazinfanted,9.0,0.0,9.0,0.0,,4
users,hashtag:abusivas,1.0,1.0,0.0,0.0,,4
users,hashtag:boston,1.0,1.0,0.0,0.0,,4
users,hashtag:bullying,1.0,1.0,0.0,0.0,,4
users,hashtag:feminismo,3.0,3.0,0.0,0.0,,4
users,hashtag:hombresinocentes,17.0,17.0,0.0,0.0,,2
users,hashtag:monterrey,1.0,1.0,0.0,0.0,,4
users,hashtag:mujeresmalas,1.0,1.0,0.0,0.0,,4
users,hashtag:nofuepenal,1.0,1.0,0.0,0.0,,4
users,hashtag:yanohaymachismo,1.0,1.0,0.0,0.0,,4
users,profile:hombresinocentes,1.0,0.0,1.0,0.0,,2
users,profile:juanburelomonje,3.0,0.0,3.0,0.0,,2
users,hashtag:ellasynosotros,1.0,1.0,0.0,0.0,,2
users,hashtag:mujeresatrevidas,1.0,1.0,0.0,0.0,,2
users,profile:volteaparaquegoces,12.0,0.0,12.0,0.0,,2
users,hashtag:chistes,1.0,1.0,0.0,0.0,,2
users,hashtag:chistesbuenos,1.0,1.0,0.0,0.0,,2
users,hashtag:esposos,1.0,1.0,0.0,0.0,,2
users,hashtag:frasesdehumor,1.0,1.0,0.0,0.0,,2
users,hashtag:humor,2.0,2.0,0.0,0.0,,2
users,hashtag:humornegro,1.0,1.0,0.0,0.0,,2
users,hashtag:novios,1.0,1.0,0.0,0.0,,2
users,hashtag:parejas,1.0,1.0,0.0,0.0,,2
users,hashtag:volteaparaquegoces,1.0,1.0,0.0,0.0,,2
users,profile:germaynjose,1.0,0.0,1.0,0.0,,2
users,profile:don_gordo_omar,3.0,0.0,3.0,0.0,,2
users,hashtag:mujeressalvajes,1.0,1.0,0.0,0.0,,2
users,hashtag:somosnenesbuenos,1.0,1.0,0.0,0.0,,2
users,profile:elacamperojo.cba,13.0,0.0,13.0,0.0,,11
users,hashtag:abusodelderecho,1.0,1.0,0.0,0.0,,11
users,hashtag:adorni,1.0,1.0,0.0,0.0,,11
users,hashtag:argentina,1.0,1.0,0.0,0.0,,11
users,hashtag:bastadefalsasdenuncias,1.0,1.0,0.0,0.0,,11
users,hashtag:bullrichmania,1.0,1.0,0.0,0.0,,11
users,hashtag:cordoba,1.0,1.0,0.0,0.0,,11
users,hashtag:cuidadodehijos,1.0,1.0,0.0,0.0,,11
users,hashtag:falsasdenuncias,3.0,3.0,0.0,0.0,,11
users,hashtag:justicia,2.0,2.0,0.0,0.0,,11
users,hashtag:libertad,2.0,2.0,0.0,0.0,,11
users,hashtag:mileipresidente,1.0,1.0,0.0,0.0,,11
users,hashtag:violenciafamiliar,1.0,1.0,0.0,0.0,,11
users,profile:relatos_de_un_maltratador,67.0,0.0,67.0,0.0,,0
users,hashtag:concienciasocial,1.0,1.0,0.0,0.0,,0
users,hashtag:culpabledesobrevivir,1.0,1.0,0.0,0.0,,0
users,hashtag:culpablesdeserhombres,1.0,1.0,0.0,0.0,,0
users,hashtag:denunciafalsano,1.0,1.0,0.0,0.0,,0
users,hashtag:denunciasfalsas,1.0,1.0,0.0,0.0,,0
users,hashtag:derechoadefensa,1.0,1.0,0.0,0.0,,0
users,hashtag:historiasqueduelen,1.0,1.0,0.0,0.0,,0
users,hashtag:hombrestambiénsufren,1.0,1.0,0.0,0.0,,0
users,hashtag:inocentehastaquesedemuestre,1.0,1.0,0.0,0.0,,0
users,hashtag:jotacamacho,1.0,1.0,0.0,0.0,,0
users,hashtag:juiciosreales,1.0,1.0,0.0,0.0,,0
users,hashtag:justiciaparatodos,1.0,1.0,0.0,0.0,,0
users,hashtag:justiciareal,1.0,1.0,0.0,0.0,,0
users,hashtag:laotracara,1.0,1.0,0.0,0.0,,0
users,hashtag:laverdadimporta,1.0,1.0,0.0,0.0,,0
users,hashtag:lavozdejotacamacho,1.0,1.0,0.0,0.0,,0
users,hashtag:libertadyverdad,1.0,1.0,0.0,0.0,,0
users,hashtag:manipulacionjudicial,1.0,1.0,0.0,0.0,,0
users,hashtag:realidadjudicial,1.0,1.0,0.0,0.0,,0
users,hashtag:relatobasadoenhechos,1.0,1.0,0.0,0.0,,0
users,hashtag:relatosdeunmaltratador,1.0,1.0,0.0,0.0,,0
users,hashtag:rompeelsilencio,1.0,1.0,0.0,0.0,,0
users,hashtag:sociedadhipocrita,1.0,1.0,0.0,0.0,,0
users,hashtag:testimoniosreales,1.0,1.0,0.0,0.0,,0
users,hashtag:verdadyjusticia,1.0,1.0,0.0,0.0,,0
users,hashtag:violenciadegenero,1.0,1.0,0.0,0.0,,0
users,profile:jackiecalabres,2.0,0.0,2.0,0.0,,2
users,hashtag:mujeresmalignas,1.0,1.0,0.0,0.0,,2
users,profile:vallenato_en_la_capital,12.0,0.0,12.0,0.0,,2
users,hashtag:chapulin,1.0,1.0,0.0,0.0,,2
users,hashtag:dimelopapi,1.0,1.0,0.0,0.0,,2
users,hashtag:elchavo,1.0,1.0,0.0,0.0,,2
users,hashtag:hombrenoble,1.0,1.0,0.0,0.0,,2
users,hashtag:jajaja,2.0,2.0,0.0,0.0,,2
users,hashtag:liberacionfemenina,1.0,1.0,0.0,0.0,,2
users,hashtag:losbuenossomosmas,1.0,1.0,0.0,0.0,,2
users,hashtag:pobrehombre,1.0,1.0,0.0,0.0,,2
users,hashtag:pobresito,1.0,1.0,0.0,0.0,,2
users,hashtag:somosbuenos,1.0,1.0,0.0,0.0,,2
users,profile:mike_phoenix,4.0,0.0,4.0,0.0,,2
users,hashtag:noesnuestraculpa,1.0,1.0,0.0,0.0,,2
users,hashtag:somosvictimas,1.0,1.0,0.0,0.0,,2
users,profile:claudia_conde87,10.0,0.0,10.0,0.0,,2
users,hashtag:comedia,1.0,1.0,0.0,0.0,,2
users,hashtag:reelsinstagram,1.0,1.0,0.0,0.0,,2
users,hashtag:relacionesdepareja,1.0,1.0,0.0,0.0,,2
users,hashtag:superar,1.0,1.0,0.0,0.0,,2
users,hashtag:tatuados,1.0,1.0,0.0,0.0,,2
users,profile:sigue_al_conejo_b,13.0,0.0,13.0,0.0,,4
users,hashtag:antifeminazi,1.0,1.0,0.0,0.0,,4
users,hashtag:dejadahombreenpaz,1.0,1.0,0.0,0.0,,4
users,hashtag:feminazis,2.0,2.0,0.0,0.0,,4
users,hashtag:feminazispeligrosas,1.0,1.0,0.0,0.0,,4
users,hashtag:feminismoilustrado,1.0,1.0,0.0,0.0,,4
users,hashtag:ideologoasdegenero,1.0,1.0,0.0,0.0,,4
users,hashtag:nom,1.0,1.0,0.0,0.0,,4
users,hashtag:nwo,1.0,1.0,0.0,0.0,,4
users,hashtag:siguealconejoblanco,1.0,1.0,0.0,0.0,,4
users,hashtag:subvencionesdelestado,1.0,1.0,0.0,0.0,,4
users,hashtag:telavanelcerebro,1.0,1.0,0.0,0.0,,4
users,hashtag:abogadasespaña,1.0,1.0,0.0,0.0,,0
users,hashtag:abusodelsistema,1.0,1.0,0.0,0.0,,0
users,hashtag:corrupciónjudicial,1.0,1.0,0.0,0.0,,0
users,hashtag:derechopenal,1.0,1.0,0.0,0.0,,0
users,hashtag:derechoshumanos,1.0,1.0,0.0,0.0,,0
users,hashtag:españadespierta,1.0,1.0,0.0,0.0,,0
users,hashtag:falsadenuncia,1.0,1.0,0.0,0.0,,0
users,hashtag:feminismolegal,1.0,1.0,0.0,0.0,,0
users,hashtag:feminismoradical,1.0,1.0,0.0,0.0,,0
users,hashtag:feminismoselectivo,1.0,1.0,0.0,0.0,,0
users,hashtag:fiscalía,1.0,1.0,0.0,0.0,,0
users,hashtag:igualdadantelaley,1.0,1.0,0.0,0.0,,0
users,hashtag:inocentescondenados,1.0,1.0,0.0,0.0,,0
users,hashtag:justiciaespaña,1.0,1.0,0.0,0.0,,0
users,hashtag:leydeviolencia,1.0,1.0,0.0,0.0,,0
users,hashtag:leyintegral,1.0,1.0,0.0,0.0,,0
users,hashtag:libertaddeexpresión,1.0,1.0,0.0,0.0,,0
users,hashtag:manipulaciónjudicial,1.0,1.0,0.0,0.0,,0
users,hashtag:patriciamorillo,1.0,1.0,0.0,0.0,,0
users,hashtag:patriciamorilloabogada,1.0,1.0,0.0,0.0,,0
users,hashtag:sistemainjusto,1.0,1.0,0.0,0.0,,0
users,hashtag:verdadsincensura,1.0,1.0,0.0,0.0,,0
users,hashtag:violenciainstitucional,1.0,1.0,0.0,0.0,,0
users,profile:elcalvitoreyes,1.0,0.0,1.0,0.0,,2
users,profile:padres_con_derechochile,26.0,0.0,26.0,0.0,,7
users,hashtag:abuso,1.0,1.0,0.0,0.0,,7
users,hashtag:boric,1.0,1.0,0.0,0.0,,7
users,hashtag:carcel,1.0,1.0,0.0,0.0,,7
users,hashtag:chile,1.0,1.0,0.0,0.0,,7
users,hashtag:chilevision,1.0,1.0,0.0,0.0,,7
users,hashtag:corrupcion,1.0,1.0,0.0,0.0,,7
users,hashtag:denunciafalsa,1.0,1.0,0.0,0.0,,7
users,hashtag:españa,2.0,2.0,0.0,0.0,,7
users,hashtag:gritosdeinocencia,1.0,1.0,0.0,0.0,,7
users,hashtag:inocente,1.0,1.0,0.0,0.0,,7
users,hashtag:jorgevaldivia,1.0,1.0,0.0,0.0,,7
users,hashtag:ley21675,1.0,1.0,0.0,0.0,,7
users,hashtag:leyfunahombres,1.0,1.0,0.0,0.0,,7
users,hashtag:madremala,1.0,1.0,0.0,0.0,,7
users,hashtag:movimientosocial,1.0,1.0,0.0,0.0,,7
users,hashtag:mujeresquemienten,1.0,1.0,0.0,0.0,,7
users,hashtag:nomasdenunciasfalsas,2.0,2.0,0.0,0.0,,7
users,hashtag:padresconderechochile,1.0,1.0,0.0,0.0,,7
users,hashtag:penal,1.0,1.0,0.0,0.0,,7
users,hashtag:perspectivadegenero,1.0,1.0,0.0,0.0,,7
users,hashtag:santiago1,1.0,1.0,0.0,0.0,,7
users,hashtag:santiagouno,1.0,1.0,0.0,0.0,,7
users,hashtag:sinfiltro,1.0,1.0,0.0,0.0,,7
users,hashtag:tribunalesdechile,1.0,1.0,0.0,0.0,,7
users,hashtag:22n,1.0,1.0,0.0,0.0,,0
users,hashtag:alienacionparental,1.0,1.0,0.0,0.0,,0
users,hashtag:anavid,1.0,1.0,0.0,0.0,,0
users,hashtag:derechosdelospadres,1.0,1.0,0.0,0.0,,0
users,hashtag:familiasrotas,1.0,1.0,0.0,0.0,,0
users,hashtag:igualdadreal,1.0,1.0,0.0,0.0,,0
users,hashtag:livg,1.0,1.0,0.0,0.0,,0
users,hashtag:madrid,2.0,2.0,0.0,0.0,,5
users,hashtag:manifestacionmadrid,1.0,1.0,0.0,0.0,,0
users,hashtag:ministeriodeigualdad,1.0,1.0,0.0,0.0,,0
users,hashtag:pornuestroshijos,1.0,1.0,0.0,0.0,,0
users,hashtag:stopdenunciasfalsas,1.0,1.0,0.0,0.0,,0
users,hashtag:union,1.0,1.0,0.0,0.0,,0
users,hashtag:verdad,1.0,1.0,0.0,0.0,,0
users,profile:spain_can_do_better,30.0,0.0,30.0,0.0,,5
users,hashtag:abogadosdefamilia,1.0,1.0,0.0,0.0,,5
users,hashtag:agendaespaña,1.0,1.0,0.0,0.0,,5
users,hashtag:alineacionparental,1.0,1.0,0.0,0.0,,5
users,hashtag:derechosdelniño,1.0,1.0,0.0,0.0,,5
users,hashtag:derechosdelosniños,1.0,1.0,0.0,0.0,,5
users,hashtag:derechosfundamentales,1.0,1.0,0.0,0.0,,5
users,hashtag:eligeagendaespaña,1.0,1.0,0.0,0.0,,5
users,hashtag:españaexiste12e,1.0,1.0,0.0,0.0,,5
users,hashtag:feminazi,1.0,1.0,0.0,0.0,,5
users,hashtag:hijosdepadresseparados,1.0,1.0,0.0,0.0,,5
users,hashtag:igualdad,1.0,1.0,0.0,0.0,,5
users,hashtag:igualdaddegenero,1.0,1.0,0.0,0.0,,5
users,hashtag:infancia,1.0,1.0,0.0,0.0,,5
users,hashtag:infanciafeliz,1.0,1.0,0.0,0.0,,5
users,hashtag:juecesdefamilia,1.0,1.0,0.0,0.0,,5
users,hashtag:legalidad,1.0,1.0,0.0,0.0,,5
users,hashtag:madridespaña,1.0,1.0,0.0,0.0,,5
users,hashtag:matriarcado,1.0,1.0,0.0,0.0,,5
users,hashtag:niunomas,1.0,1.0,0.0,0.0,,5
users,hashtag:nomasabusos,1.0,1.0,0.0,0.0,,5
users,hashtag:nomassap,1.0,1.0,0.0,0.0,,5
users,hashtag:nosinmihijo,1.0,1.0,0.0,0.0,,5
users,hashtag:paternidad,1.0,1.0,0.0,0.0,,5
users,hashtag:psicólogo,1.0,1.0,0.0,0.0,,5
users,hashtag:stopfeminazis,1.0,1.0,0.0,0.0,,5
users,profile:metodopantera,13.0,0.0,13.0,0.0,,10
users,hashtag:amorproprio,1.0,1.0,0.0,0.0,,10
users,hashtag:autoestima,1.0,1.0,0.0,0.0,,10
users,hashtag:divorcio,1.0,1.0,0.0,0.0,,10
users,hashtag:divorcioconsciente,1.0,1.0,0.0,0.0,,10
users,hashtag:empoderamientofemenino,1.0,1.0,0.0,0.0,,10
users,hashtag:loveyourself,1.0,1.0,0.0,0.0,,10
users,hashtag:metodopantera,1.0,1.0,0.0,0.0,,10
users,hashtag:mindandbody,1.0,1.0,0.0,0.0,,10
users,hashtag:mindfulness,1.0,1.0,0.0,0.0,,10
users,hashtag:mujeresconpoder,1.0,1.0,0.0,0.0,,10
users,hashtag:métodopantera,1.0,1.0,0.0,0.0,,10
users,user:rudoycursi007,1.0,0.0,1.0,0.0,,3
users,user:nico.m.teglio,1.0,0.0,1.0,0.0,,38
users,hashtag:elfeminismoescancer,1.0,1.0,0.0,0.0,,38
users,user:lafilosofiaredpill,9.0,0.0,9.0,0.0,,4
users,hashtag:derechosdeloshombres,1.0,1.0,0.0,0.0,,4
users,hashtag:elfeminismoescáncer,1.0,1.0,0.0,0.0,,4
users,hashtag:madressolteras,1.0,1.0,0.0,0.0,,4
users,hashtag:mra,1.0,1.0,0.0,0.0,,4
users,hashtag:mujerempoderada,1.0,1.0,0.0,0.0,,4
users,hashtag:mujeresdañadas,1.0,1.0,0.0,0.0,,4
users,hashtag:píldoraroja,1.0,1.0,0.0,0.0,,4
users,hashtag:redpill,1.0,1.0,0.0,0.0,,4
users,user:olgaprojas,1.0,0.0,1.0,0.0,,39
users,hashtag:laviolencianotienegenero,1.0,1.0,0.0,0.0,,39
users,user:viviramoseco2020,1.0,0.0,1.0,0.0,,40
users,hashtag:nohablesenminombre,1.0,1.0,0.0,0.0,,40
users,user:dw_zamora,8.0,0.0,8.0,0.0,,6
users,hashtag:disciplinayéxito,1.0,1.0,0.0,0.0,,6
users,hashtag:dw_zamora,1.0,1.0,0.0,0.0,,6
users,hashtag:frasesmotivadoras3,1.0,1.0,0.0,0.0,,6
users,hashtag:enfoquetotal,1.0,1.0,0.0,0.0,,6
users,hashtag:mentalidadganadora,1.0,1.0,0.0,0.0,,6
users,user:yennicalcagni,5.0,0.0,5.0,0.0,,8
users,hashtag:carrusel,1.0,1.0,0.0,0.0,,8
users,hashtag:estilodevida,1.0,1.0,0.0,0.0,,8
users,hashtag:mujerdealtovalor,1.0,1.0,0.0,0.0,,8
users,hashtag:poolday,1.0,1.0,0.0,0.0,,8
users,user:cinbravobj,2.0,0.0,2.0,0.0,,21
users,hashtag:justiciaporagostinavega,1.0,1.0,0.0,0.0,,21
users,hashtag:justiciapordulcemaría,1.0,1.0,0.0,0.0,,21
users,user:abogado_ramonj_alfaronavarro,4.0,0.0,4.0,0.0,,12
users,hashtag:abogadopenalista,1.0,1.0,0.0,0.0,,12
users,hashtag:abogadozaragoza,1.0,1.0,0.0,0.0,,12
users,hashtag:lexfirma,1.0,1.0,0.0,0.0,,12
users,hashtag:presunciondeinocencia,1.0,1.0,0.0,0.0,,12
users,user:liilidammer,4.0,0.0,4.0,0.0,,13
users,hashtag:a,1.0,1.0,0.0,0.0,,13
users,hashtag:angel,1.0,1.0,0.0,0.0,,13
users,hashtag:lucio,1.0,1.0,0.0,0.0,,13
users,hashtag:mataron,1.0,1.0,0.0,0.0,,13
users,user:andreasalmont,1.0,0.0,1.0,0.0,,41
users,hashtag:privatejoke,1.0,1.0,0.0,0.0,,41
users,user:93.alba.53,1.0,0.0,1.0,0.0,,42
users,hashtag:ño,1.0,1.0,0.0,0.0,,42
users,user:aldenize.79,2.0,0.0,2.0,0.0,,22
users,hashtag:laviolencianotienegénero,1.0,1.0,0.0,0.0,,22
users,hashtag:totalmentedeacuerdo,1.0,1.0,0.0,0.0,,22
users,user:javieravellanedamartinez,1.0,0.0,1.0,0.0,,43
users,hashtag:libertadparaalejandro,1.0,1.0,0.0,0.0,,43
